class_id,tier,kid,mode,kind,param,magnitude,level,t_frac,t_idx,s,clip_dev,dino_dev,lpips_dev,latmse_dev,equivariance_lpips,clip_pair_cosdist,dino_pair_cosdist,lpips_pair,latent_mse_pair
63,hardest,0.0875,sweep,rotation,0.0,0.0,,0.3,174,75,1.2218952178955078e-05,5.9604644775390625e-06,5.977923865430057e-05,2.369786125200335e-05,5.977923865430057e-05,,,,
63,hardest,0.0875,sweep,rotation,5.0,5.0,,0.3,174,75,0.03994852304458618,0.03649836778640747,0.2385207861661911,0.36093705892562866,0.28831493854522705,,,,
63,hardest,0.0875,sweep,rotation,10.0,10.0,,0.3,174,75,0.01727396249771118,0.013827383518218994,0.07583968341350555,0.10242241621017456,0.2514658570289612,,,,
63,hardest,0.0875,sweep,rotation,20.0,20.0,,0.3,174,75,0.04976838827133179,0.07979440689086914,0.4083757698535919,0.7341159582138062,0.530742883682251,,,,
63,hardest,0.0875,sweep,rotation,30.0,30.0,,0.3,174,75,0.055190324783325195,0.09721076488494873,0.4470026195049286,0.7971779108047485,0.5769464373588562,,,,
63,hardest,0.0875,sweep,rotation,45.0,45.0,,0.3,174,75,0.057569146156311035,0.06838274002075195,0.4574888050556183,0.863547682762146,0.6197249293327332,,,,
63,hardest,0.0875,ensemble,rotation,,10.0,10.0,0.3,174,75,,,,,,0.055686093866825104,0.09537991136312485,0.26764512062072754,0.3873244524002075
63,hardest,0.0875,ensemble,rotation,,20.0,20.0,0.3,174,75,,,,,,0.08935018628835678,0.12089656293392181,0.3932730257511139,0.5968140959739685
63,hardest,0.0875,ensemble,rotation,,30.0,30.0,0.3,174,75,,,,,,0.11827442049980164,0.24993136525154114,0.48015856742858887,0.7379284501075745
63,hardest,0.0875,sweep,translation,0.0,0.0,,0.3,174,75,1.2218952178955078e-05,5.9604644775390625e-06,5.977923865430057e-05,2.369786125200335e-05,5.977923865430057e-05,,,,
63,hardest,0.0875,sweep,translation,1.0,1.0,,0.3,174,75,0.0197870135307312,0.024571657180786133,0.1919766366481781,0.3085477650165558,0.24201403558254242,,,,
63,hardest,0.0875,sweep,translation,2.0,2.0,,0.3,174,75,0.02758890390396118,0.035913944244384766,0.2438662052154541,0.3882325291633606,0.3403407335281372,,,,
63,hardest,0.0875,sweep,translation,4.0,4.0,,0.3,174,75,0.0654374361038208,0.08070826530456543,0.3820172846317291,0.7007813453674316,0.49535223841667175,,,,
63,hardest,0.0875,sweep,translation,6.0,6.0,,0.3,174,75,0.11355268955230713,0.1117786169052124,0.660347580909729,1.1939976215362549,0.7076601386070251,,,,
63,hardest,0.0875,sweep,translation,8.0,8.0,,0.3,174,75,0.06913495063781738,0.09733283519744873,0.49154898524284363,0.838045597076416,0.6324247717857361,,,,
63,hardest,0.0875,ensemble,translation,,2.0,2.0,0.3,174,75,,,,,,0.06792641431093216,0.08928821980953217,0.3584182858467102,0.5461964011192322
63,hardest,0.0875,ensemble,translation,,4.0,4.0,0.3,174,75,,,,,,0.05808727443218231,0.07707493752241135,0.34926837682724,0.6046377420425415
63,hardest,0.0875,ensemble,translation,,6.0,6.0,0.3,174,75,,,,,,0.08339282125234604,0.1128469929099083,0.45052745938301086,0.8149339556694031
63,hardest,0.0875,sweep,scaling,0.8,0.2231435513142097,,0.3,174,75,0.03331923484802246,0.03142601251602173,0.3215811848640442,0.492107093334198,0.39718326926231384,,,,
63,hardest,0.0875,sweep,scaling,0.9,0.10536051565782628,,0.3,174,75,0.028867244720458984,0.04489707946777344,0.27849307656288147,0.3875676393508911,0.26816999912261963,,,,
63,hardest,0.0875,sweep,scaling,1.0,0.0,,0.3,174,75,1.2218952178955078e-05,5.9604644775390625e-06,5.977923865430057e-05,2.369786125200335e-05,5.977923865430057e-05,,,,
63,hardest,0.0875,sweep,scaling,1.1,0.09531017980432493,,0.3,174,75,0.05752164125442505,0.06574660539627075,0.3688639998435974,0.711030125617981,0.3281646966934204,,,,
63,hardest,0.0875,sweep,scaling,1.25,0.22314355131420976,,0.3,174,75,0.05213022232055664,0.04843735694885254,0.3520931303501129,0.4965420961380005,0.5409693717956543,,,,
63,hardest,0.0875,sweep,scaling,1.5,0.4054651081081644,,0.3,174,75,0.10579043626785278,0.1298242211341858,0.6496820449829102,1.052861213684082,0.7080013155937195,,,,
63,hardest,0.0875,ensemble,scaling,,0.1,0.1,0.3,174,75,,,,,,0.044020526111125946,0.04946061596274376,0.2822153568267822,0.4301920235157013
63,hardest,0.0875,ensemble,scaling,,0.2,0.2,0.3,174,75,,,,,,0.05321906507015228,0.06563637405633926,0.3234090805053711,0.49794986844062805
63,hardest,0.0875,ensemble,scaling,,0.3,0.3,0.3,174,75,,,,,,0.05461278557777405,0.07033588737249374,0.3564229905605316,0.5911381840705872
63,hardest,0.0875,sweep,flip,0.0,0.0,,0.3,174,75,8.344650268554688e-06,4.351139068603516e-06,4.798981171916239e-05,1.8747996364254504e-05,4.798981171916239e-05,,,,
63,hardest,0.0875,sweep,flip,1.0,1.0,,0.3,174,75,0.08319807052612305,0.15199649333953857,0.5156389474868774,0.733224093914032,0.5708404183387756,,,,
63,hardest,0.0875,sweep,shear,0.0,0.0,,0.3,174,75,1.9431114196777344e-05,1.049041748046875e-05,0.00010947443661279976,4.55545487056952e-05,0.00010947443661279976,,,,
63,hardest,0.0875,sweep,shear,0.05,0.05,,0.3,174,75,0.017369210720062256,0.019251704216003418,0.1661962866783142,0.17707674205303192,0.18009227514266968,,,,
63,hardest,0.0875,sweep,shear,0.1,0.1,,0.3,174,75,0.023794591426849365,0.034069180488586426,0.18841001391410828,0.22672832012176514,0.21858647465705872,,,,
63,hardest,0.0875,sweep,shear,0.2,0.2,,0.3,174,75,0.024684488773345947,0.027856767177581787,0.23789459466934204,0.36265891790390015,0.3112388253211975,,,,
63,hardest,0.0875,sweep,shear,0.3,0.3,,0.3,174,75,0.09301316738128662,0.13114649057388306,0.5211986899375916,0.8064641952514648,0.5289578437805176,,,,
63,hardest,0.0875,ensemble,shear,,0.1,0.1,0.3,174,75,,,,,,0.018885500729084015,0.018690017983317375,0.10838998109102249,0.13203172385692596
63,hardest,0.0875,ensemble,shear,,0.2,0.2,0.3,174,75,,,,,,0.022685138508677483,0.0253576822578907,0.1782885044813156,0.26114505529403687
63,hardest,0.0875,ensemble,shear,,0.3,0.3,0.3,174,75,,,,,,0.03784440830349922,0.051318179816007614,0.269568532705307,0.40158990025520325
63,hardest,0.0875,sweep,rotation,0.0,0.0,,0.5,124,125,9.5367431640625e-07,8.344650268554688e-07,2.1041028048784938e-06,2.663412033143686e-07,2.1041028048784938e-06,,,,
63,hardest,0.0875,sweep,rotation,5.0,5.0,,0.5,124,125,0.0628473162651062,0.12241864204406738,0.3254149258136749,0.510997474193573,0.3600170612335205,,,,
63,hardest,0.0875,sweep,rotation,10.0,10.0,,0.5,124,125,0.11216890811920166,0.14132702350616455,0.4941873550415039,0.6673105955123901,0.4476544260978699,,,,
63,hardest,0.0875,sweep,rotation,20.0,20.0,,0.5,124,125,0.13590824604034424,0.19999587535858154,0.6806918978691101,0.8449171781539917,0.6534292101860046,,,,
63,hardest,0.0875,sweep,rotation,30.0,30.0,,0.5,124,125,0.12843716144561768,0.22404062747955322,0.7811912298202515,0.8423748016357422,0.758773684501648,,,,
63,hardest,0.0875,sweep,rotation,45.0,45.0,,0.5,124,125,0.10062587261199951,0.10835874080657959,0.6759023070335388,0.8278075456619263,0.5951808094978333,,,,
63,hardest,0.0875,ensemble,rotation,,10.0,10.0,0.5,124,125,,,,,,0.07635408639907837,0.0911526158452034,0.32092776894569397,0.44135576486587524
63,hardest,0.0875,ensemble,rotation,,20.0,20.0,0.5,124,125,,,,,,0.12094692140817642,0.13644936680793762,0.4926369786262512,0.6608216762542725
63,hardest,0.0875,ensemble,rotation,,30.0,30.0,0.5,124,125,,,,,,0.10440024733543396,0.1291847825050354,0.5516126155853271,0.7482381463050842
63,hardest,0.0875,sweep,translation,0.0,0.0,,0.5,124,125,9.5367431640625e-07,8.344650268554688e-07,2.1041028048784938e-06,2.663412033143686e-07,2.1041028048784938e-06,,,,
63,hardest,0.0875,sweep,translation,1.0,1.0,,0.5,124,125,0.06062150001525879,0.0735098123550415,0.2179366648197174,0.4031524956226349,0.1935151368379593,,,,
63,hardest,0.0875,sweep,translation,2.0,2.0,,0.5,124,125,0.08472394943237305,0.04836106300354004,0.2638969123363495,0.45937711000442505,0.2003125548362732,,,,
63,hardest,0.0875,sweep,translation,4.0,4.0,,0.5,124,125,0.11180222034454346,0.12533235549926758,0.4982435405254364,0.6622737646102905,0.4116697609424591,,,,
63,hardest,0.0875,sweep,translation,6.0,6.0,,0.5,124,125,0.11072158813476562,0.13000285625457764,0.5684987902641296,0.8940231204032898,0.5169445276260376,,,,
63,hardest,0.0875,sweep,translation,8.0,8.0,,0.5,124,125,0.15892672538757324,0.18853718042373657,0.6531271934509277,0.8345653414726257,0.6003124117851257,,,,
63,hardest,0.0875,ensemble,translation,,2.0,2.0,0.5,124,125,,,,,,0.08402207493782043,0.09325428307056427,0.41486161947250366,0.5815469026565552
63,hardest,0.0875,ensemble,translation,,4.0,4.0,0.5,124,125,,,,,,0.10760600119829178,0.10191364586353302,0.5057199597358704,0.7014984488487244
63,hardest,0.0875,ensemble,translation,,6.0,6.0,0.5,124,125,,,,,,0.17360363900661469,0.12387723475694656,0.5785520076751709,0.8227600455284119
63,hardest,0.0875,sweep,scaling,0.8,0.2231435513142097,,0.5,124,125,0.049684882164001465,0.058622121810913086,0.3161257803440094,0.4532860219478607,0.37138494849205017,,,,
63,hardest,0.0875,sweep,scaling,0.9,0.10536051565782628,,0.5,124,125,0.0897977352142334,0.09021401405334473,0.32220029830932617,0.45928895473480225,0.3529229164123535,,,,
63,hardest,0.0875,sweep,scaling,1.0,0.0,,0.5,124,125,9.5367431640625e-07,8.344650268554688e-07,2.1041028048784938e-06,2.663412033143686e-07,2.1041028048784938e-06,,,,
63,hardest,0.0875,sweep,scaling,1.1,0.09531017980432493,,0.5,124,125,0.15810340642929077,0.15581315755844116,0.4113510251045227,0.5120574235916138,0.4282985329627991,,,,
63,hardest,0.0875,sweep,scaling,1.25,0.22314355131420976,,0.5,124,125,0.15579700469970703,0.15529870986938477,0.554909884929657,0.8256297707557678,0.5548239350318909,,,,
63,hardest,0.0875,sweep,scaling,1.5,0.4054651081081644,,0.5,124,125,0.13074225187301636,0.1691455841064453,0.534746527671814,0.8346599340438843,0.5774394869804382,,,,
63,hardest,0.0875,ensemble,scaling,,0.1,0.1,0.5,124,125,,,,,,0.08122493326663971,0.09586810320615768,0.27577850222587585,0.3440382182598114
63,hardest,0.0875,ensemble,scaling,,0.2,0.2,0.5,124,125,,,,,,0.08528637140989304,0.11250372976064682,0.37125855684280396,0.5037786364555359
63,hardest,0.0875,ensemble,scaling,,0.3,0.3,0.5,124,125,,,,,,0.13003678619861603,0.12977014482021332,0.4104110598564148,0.5536722540855408
63,hardest,0.0875,sweep,flip,0.0,0.0,,0.5,124,125,2.1457672119140625e-06,3.3974647521972656e-06,5.986063115415163e-06,1.207461309604696e-06,5.986063115415163e-06,,,,
63,hardest,0.0875,sweep,flip,1.0,1.0,,0.5,124,125,0.09500539302825928,0.09079068899154663,0.6897093057632446,0.8048614263534546,0.4581449627876282,,,,
63,hardest,0.0875,sweep,shear,0.0,0.0,,0.5,124,125,2.384185791015625e-06,2.5033950805664062e-06,8.20490822661668e-06,1.2722691735689295e-06,8.20490822661668e-06,,,,
63,hardest,0.0875,sweep,shear,0.05,0.05,,0.5,124,125,0.05584549903869629,0.04363065958023071,0.11475300788879395,0.1238662600517273,0.13215062022209167,,,,
63,hardest,0.0875,sweep,shear,0.1,0.1,,0.5,124,125,0.06524914503097534,0.06669241189956665,0.2402624487876892,0.3362453877925873,0.2430265247821808,,,,
63,hardest,0.0875,sweep,shear,0.2,0.2,,0.5,124,125,0.04960352182388306,0.06473046541213989,0.33173730969429016,0.46561741828918457,0.2700039744377136,,,,
63,hardest,0.0875,sweep,shear,0.3,0.3,,0.5,124,125,0.12787550687789917,0.12762534618377686,0.45943403244018555,0.597525417804718,0.38114655017852783,,,,
63,hardest,0.0875,ensemble,shear,,0.1,0.1,0.5,124,125,,,,,,0.049501728266477585,0.04901091381907463,0.18582341074943542,0.2355385273694992
63,hardest,0.0875,ensemble,shear,,0.2,0.2,0.5,124,125,,,,,,0.053309544920921326,0.05294949561357498,0.2773280143737793,0.36287492513656616
63,hardest,0.0875,ensemble,shear,,0.3,0.3,0.5,124,125,,,,,,0.08642784506082535,0.09864036738872528,0.35763734579086304,0.4741743206977844
63,hardest,0.0875,sweep,rotation,0.0,0.0,,0.7,75,174,1.3113021850585938e-06,4.172325134277344e-07,8.977661423159589e-07,3.009376925433571e-08,8.977661423159589e-07,,,,
63,hardest,0.0875,sweep,rotation,5.0,5.0,,0.7,75,174,0.0544048547744751,0.050574421882629395,0.2677512764930725,0.47463980317115784,0.23981450498104095,,,,
63,hardest,0.0875,sweep,rotation,10.0,10.0,,0.7,75,174,0.06274688243865967,0.05531609058380127,0.3914979100227356,0.7482315301895142,0.26581791043281555,,,,
63,hardest,0.0875,sweep,rotation,20.0,20.0,,0.7,75,174,0.09776192903518677,0.058972835540771484,0.541204035282135,0.9381993412971497,0.31651490926742554,,,,
63,hardest,0.0875,sweep,rotation,30.0,30.0,,0.7,75,174,0.07549011707305908,0.06794250011444092,0.5958675742149353,1.0842927694320679,0.3395346403121948,,,,
63,hardest,0.0875,sweep,rotation,45.0,45.0,,0.7,75,174,0.1716444492340088,0.2543015480041504,0.6845716238021851,1.0852844715118408,0.4269055724143982,,,,
63,hardest,0.0875,ensemble,rotation,,10.0,10.0,0.7,75,174,,,,,,0.03563348576426506,0.034241482615470886,0.2691513001918793,0.468839555978775
63,hardest,0.0875,ensemble,rotation,,20.0,20.0,0.7,75,174,,,,,,0.049882058054208755,0.05368015542626381,0.4074383080005646,0.684832751750946
63,hardest,0.0875,ensemble,rotation,,30.0,30.0,0.7,75,174,,,,,,0.07226932048797607,0.07445928454399109,0.49458152055740356,0.8014166951179504
63,hardest,0.0875,sweep,translation,0.0,0.0,,0.7,75,174,1.3113021850585938e-06,4.172325134277344e-07,8.977661423159589e-07,3.009376925433571e-08,8.977661423159589e-07,,,,
63,hardest,0.0875,sweep,translation,1.0,1.0,,0.7,75,174,0.03412681818008423,0.02601855993270874,0.1820010244846344,0.5118591785430908,0.12939226627349854,,,,
63,hardest,0.0875,sweep,translation,2.0,2.0,,0.7,75,174,0.04793083667755127,0.035619497299194336,0.3012468218803406,0.622266411781311,0.18141889572143555,,,,
63,hardest,0.0875,sweep,translation,4.0,4.0,,0.7,75,174,0.046744465827941895,0.04360169172286987,0.3944427967071533,0.7611632347106934,0.2065013200044632,,,,
63,hardest,0.0875,sweep,translation,6.0,6.0,,0.7,75,174,0.07163667678833008,0.04379701614379883,0.4504612386226654,0.8533672094345093,0.2317076325416565,,,,
63,hardest,0.0875,sweep,translation,8.0,8.0,,0.7,75,174,0.07522088289260864,0.05805933475494385,0.4651525616645813,0.8374485969543457,0.22958903014659882,,,,
63,hardest,0.0875,ensemble,translation,,2.0,2.0,0.7,75,174,,,,,,0.04873524606227875,0.046391479671001434,0.3399765193462372,0.6216503381729126
63,hardest,0.0875,ensemble,translation,,4.0,4.0,0.7,75,174,,,,,,0.048541609197854996,0.05367715284228325,0.45423102378845215,0.8153046369552612
63,hardest,0.0875,ensemble,translation,,6.0,6.0,0.7,75,174,,,,,,0.05925074964761734,0.07420371472835541,0.5520855188369751,0.922157347202301
63,hardest,0.0875,sweep,scaling,0.8,0.2231435513142097,,0.7,75,174,0.07429999113082886,0.054329514503479004,0.37769874930381775,0.713431715965271,0.2665267288684845,,,,
63,hardest,0.0875,sweep,scaling,0.9,0.10536051565782628,,0.7,75,174,0.11358827352523804,0.050696372985839844,0.2770492434501648,0.4261361360549927,0.2583596110343933,,,,
63,hardest,0.0875,sweep,scaling,1.0,0.0,,0.7,75,174,1.3113021850585938e-06,4.172325134277344e-07,8.977661423159589e-07,3.009376925433571e-08,8.977661423159589e-07,,,,
63,hardest,0.0875,sweep,scaling,1.1,0.09531017980432493,,0.7,75,174,0.06830662488937378,0.05924564599990845,0.2735479474067688,0.476112961769104,0.24296653270721436,,,,
63,hardest,0.0875,sweep,scaling,1.25,0.22314355131420976,,0.7,75,174,0.06389307975769043,0.08625364303588867,0.4075400233268738,0.8070220947265625,0.3189275562763214,,,,
63,hardest,0.0875,sweep,scaling,1.5,0.4054651081081644,,0.7,75,174,0.11883074045181274,0.08116459846496582,0.5642320513725281,1.0493526458740234,0.4841744005680084,,,,
63,hardest,0.0875,ensemble,scaling,,0.1,0.1,0.7,75,174,,,,,,0.039433516561985016,0.02885926514863968,0.1659747064113617,0.2456400841474533
63,hardest,0.0875,ensemble,scaling,,0.2,0.2,0.7,75,174,,,,,,0.04831049591302872,0.039193179458379745,0.26033923029899597,0.44945028424263
63,hardest,0.0875,ensemble,scaling,,0.3,0.3,0.7,75,174,,,,,,0.047439541667699814,0.04779977723956108,0.3204818665981293,0.5811983346939087
63,hardest,0.0875,sweep,flip,0.0,0.0,,0.7,75,174,4.172325134277344e-07,4.76837158203125e-07,1.0127992027264554e-06,3.06850438391848e-08,1.0127992027264554e-06,,,,
63,hardest,0.0875,sweep,flip,1.0,1.0,,0.7,75,174,0.05005478858947754,0.07416141033172607,0.6681843996047974,0.9416466951370239,0.2585478723049164,,,,
63,hardest,0.0875,sweep,shear,0.0,0.0,,0.7,75,174,8.344650268554688e-07,4.172325134277344e-07,9.112145562539808e-07,2.6330891245152088e-08,9.112145562539808e-07,,,,
63,hardest,0.0875,sweep,shear,0.05,0.05,,0.7,75,174,0.030974507331848145,0.0347590446472168,0.137498140335083,0.14985813200473785,0.1374339461326599,,,,
63,hardest,0.0875,sweep,shear,0.1,0.1,,0.7,75,174,0.04591095447540283,0.04381072521209717,0.19970610737800598,0.34215694665908813,0.1658153235912323,,,,
63,hardest,0.0875,sweep,shear,0.2,0.2,,0.7,75,174,0.07124686241149902,0.046443819999694824,0.27561622858047485,0.492779016494751,0.19614820182323456,,,,
63,hardest,0.0875,sweep,shear,0.3,0.3,,0.7,75,174,0.053463101387023926,0.05417299270629883,0.34543290734291077,0.5750687122344971,0.22018826007843018,,,,
63,hardest,0.0875,ensemble,shear,,0.1,0.1,0.7,75,174,,,,,,0.028308158740401268,0.021517397835850716,0.10974176973104477,0.19125932455062866
63,hardest,0.0875,ensemble,shear,,0.2,0.2,0.7,75,174,,,,,,0.045677851885557175,0.025646347552537918,0.18301458656787872,0.3417263627052307
63,hardest,0.0875,ensemble,shear,,0.3,0.3,0.7,75,174,,,,,,0.046307165175676346,0.02745230868458748,0.2309008538722992,0.43140968680381775
38,hardest,0.0845,sweep,rotation,0.0,0.0,,0.3,174,75,1.3530254364013672e-05,4.5299530029296875e-06,9.451705409446731e-06,2.355940068810014e-06,9.451705409446731e-06,,,,
38,hardest,0.0845,sweep,rotation,5.0,5.0,,0.3,174,75,0.06631803512573242,0.14757287502288818,0.2813578248023987,0.31633254885673523,0.31981539726257324,,,,
38,hardest,0.0845,sweep,rotation,10.0,10.0,,0.3,174,75,0.06463301181793213,0.1368626356124878,0.27191340923309326,0.3201194107532501,0.3778682351112366,,,,
38,hardest,0.0845,sweep,rotation,20.0,20.0,,0.3,174,75,0.05305761098861694,0.1534469723701477,0.2601218521595001,0.2902454733848572,0.44323891401290894,,,,
38,hardest,0.0845,sweep,rotation,30.0,30.0,,0.3,174,75,0.09018921852111816,0.206823468208313,0.4190549850463867,0.5873041152954102,0.5364429354667664,,,,
38,hardest,0.0845,sweep,rotation,45.0,45.0,,0.3,174,75,0.0900874137878418,0.18637961149215698,0.41742292046546936,0.55482417345047,0.5844325423240662,,,,
38,hardest,0.0845,ensemble,rotation,,10.0,10.0,0.3,174,75,,,,,,0.04309281334280968,0.1346326768398285,0.21921733021736145,0.21666523814201355
38,hardest,0.0845,ensemble,rotation,,20.0,20.0,0.3,174,75,,,,,,0.04647897183895111,0.15922614932060242,0.26795345544815063,0.29644644260406494
38,hardest,0.0845,ensemble,rotation,,30.0,30.0,0.3,174,75,,,,,,0.05876467376947403,0.1795739084482193,0.31470176577568054,0.3850507438182831
38,hardest,0.0845,sweep,translation,0.0,0.0,,0.3,174,75,1.3530254364013672e-05,4.5299530029296875e-06,9.451705409446731e-06,2.355940068810014e-06,9.451705409446731e-06,,,,
38,hardest,0.0845,sweep,translation,1.0,1.0,,0.3,174,75,0.10442465543746948,0.15417766571044922,0.22595566511154175,0.2723023593425751,0.25685232877731323,,,,
38,hardest,0.0845,sweep,translation,2.0,2.0,,0.3,174,75,0.0432969331741333,0.048688650131225586,0.11772662401199341,0.1277020275592804,0.2549368739128113,,,,
38,hardest,0.0845,sweep,translation,4.0,4.0,,0.3,174,75,0.08478587865829468,0.12250614166259766,0.22475145757198334,0.24077585339546204,0.3647391200065613,,,,
38,hardest,0.0845,sweep,translation,6.0,6.0,,0.3,174,75,0.07264173030853271,0.23552125692367554,0.43802323937416077,0.5645477175712585,0.4031534194946289,,,,
38,hardest,0.0845,sweep,translation,8.0,8.0,,0.3,174,75,0.0985788106918335,0.27118241786956787,0.4588095545768738,0.6331088542938232,0.4028695523738861,,,,
38,hardest,0.0845,ensemble,translation,,2.0,2.0,0.3,174,75,,,,,,0.060243770480155945,0.14843307435512543,0.2086024433374405,0.23569339513778687
38,hardest,0.0845,ensemble,translation,,4.0,4.0,0.3,174,75,,,,,,0.055887386202812195,0.18241764605045319,0.29531335830688477,0.376970112323761
38,hardest,0.0845,ensemble,translation,,6.0,6.0,0.3,174,75,,,,,,0.07127892971038818,0.18235613405704498,0.3807040750980377,0.557536244392395
38,hardest,0.0845,sweep,scaling,0.8,0.2231435513142097,,0.3,174,75,0.07846951484680176,0.13908743858337402,0.25710517168045044,0.31660735607147217,0.3766501247882843,,,,
38,hardest,0.0845,sweep,scaling,0.9,0.10536051565782628,,0.3,174,75,0.08621293306350708,0.18534976243972778,0.25332343578338623,0.2809678316116333,0.2977652847766876,,,,
38,hardest,0.0845,sweep,scaling,1.0,0.0,,0.3,174,75,1.3530254364013672e-05,4.5299530029296875e-06,9.451705409446731e-06,2.355940068810014e-06,9.451705409446731e-06,,,,
38,hardest,0.0845,sweep,scaling,1.1,0.09531017980432493,,0.3,174,75,0.08843845129013062,0.16261613368988037,0.25022295117378235,0.31817367672920227,0.27026912569999695,,,,
38,hardest,0.0845,sweep,scaling,1.25,0.22314355131420976,,0.3,174,75,0.055991411209106445,0.13555151224136353,0.22483322024345398,0.27403175830841064,0.34391891956329346,,,,
38,hardest,0.0845,sweep,scaling,1.5,0.4054651081081644,,0.3,174,75,0.09994542598724365,0.1973714828491211,0.33695685863494873,0.45740577578544617,0.48993629217147827,,,,
38,hardest,0.0845,ensemble,scaling,,0.1,0.1,0.3,174,75,,,,,,0.05288137495517731,0.13788655400276184,0.17999237775802612,0.21097920835018158
38,hardest,0.0845,ensemble,scaling,,0.2,0.2,0.3,174,75,,,,,,0.06207647919654846,0.15196987986564636,0.21471109986305237,0.2700824737548828
38,hardest,0.0845,ensemble,scaling,,0.3,0.3,0.3,174,75,,,,,,0.07060933113098145,0.17431560158729553,0.25436657667160034,0.3651449382305145
38,hardest,0.0845,sweep,flip,0.0,0.0,,0.3,174,75,2.5033950805664062e-06,6.020069122314453e-06,1.1718215318978764e-05,3.030169182238751e-06,1.1718215318978764e-05,,,,
38,hardest,0.0845,sweep,flip,1.0,1.0,,0.3,174,75,0.09046828746795654,0.13533341884613037,0.30952364206314087,0.37743526697158813,0.38015320897102356,,,,
38,hardest,0.0845,sweep,shear,0.0,0.0,,0.3,174,75,2.950429916381836e-05,1.9073486328125e-06,2.3464781406801194e-06,5.212079940974945e-07,2.3464781406801194e-06,,,,
38,hardest,0.0845,sweep,shear,0.05,0.05,,0.3,174,75,0.08145105838775635,0.19562369585037231,0.22669382393360138,0.24563497304916382,0.22482556104660034,,,,
38,hardest,0.0845,sweep,shear,0.1,0.1,,0.3,174,75,0.060949087142944336,0.11657947301864624,0.18121793866157532,0.18383409082889557,0.19997498393058777,,,,
38,hardest,0.0845,sweep,shear,0.2,0.2,,0.3,174,75,0.09287476539611816,0.23660868406295776,0.292270690202713,0.3358672261238098,0.2897343933582306,,,,
38,hardest,0.0845,sweep,shear,0.3,0.3,,0.3,174,75,0.09768962860107422,0.23620492219924927,0.29727476835250854,0.3494327664375305,0.30115196108818054,,,,
38,hardest,0.0845,ensemble,shear,,0.1,0.1,0.3,174,75,,,,,,0.0448639951646328,0.11148762702941895,0.1402098685503006,0.1438564658164978
38,hardest,0.0845,ensemble,shear,,0.2,0.2,0.3,174,75,,,,,,0.05708553269505501,0.15009351074695587,0.18219037353992462,0.19194230437278748
38,hardest,0.0845,ensemble,shear,,0.3,0.3,0.3,174,75,,,,,,0.06189098209142685,0.1564943790435791,0.19971400499343872,0.2161625176668167
38,hardest,0.0845,sweep,rotation,0.0,0.0,,0.5,124,125,0.00039058923721313477,0.001343071460723877,0.0004854766302742064,0.00017704692436382174,0.0004854766302742064,,,,
38,hardest,0.0845,sweep,rotation,5.0,5.0,,0.5,124,125,0.10366678237915039,0.19073104858398438,0.27838748693466187,0.27193683385849,0.3346739113330841,,,,
38,hardest,0.0845,sweep,rotation,10.0,10.0,,0.5,124,125,0.11658841371536255,0.24149072170257568,0.4122416377067566,0.35900670289993286,0.3986732065677643,,,,
38,hardest,0.0845,sweep,rotation,20.0,20.0,,0.5,124,125,0.12210780382156372,0.32110440731048584,0.5558437705039978,0.5327409505844116,0.4901987612247467,,,,
38,hardest,0.0845,sweep,rotation,30.0,30.0,,0.5,124,125,0.17144745588302612,0.5560814738273621,0.5938130617141724,0.5092555284500122,0.5217276215553284,,,,
38,hardest,0.0845,sweep,rotation,45.0,45.0,,0.5,124,125,0.0903468132019043,0.24116265773773193,0.5703145861625671,0.47011786699295044,0.44818657636642456,,,,
38,hardest,0.0845,ensemble,rotation,,10.0,10.0,0.5,124,125,,,,,,0.09460189938545227,0.19555293023586273,0.275611937046051,0.26718536019325256
38,hardest,0.0845,ensemble,rotation,,20.0,20.0,0.5,124,125,,,,,,0.09380822628736496,0.20612846314907074,0.37673482298851013,0.3664162755012512
38,hardest,0.0845,ensemble,rotation,,30.0,30.0,0.5,124,125,,,,,,0.12779918313026428,0.2673647999763489,0.44750842452049255,0.395842969417572
38,hardest,0.0845,sweep,translation,0.0,0.0,,0.5,124,125,0.00039058923721313477,0.001343071460723877,0.0004854766302742064,0.00017704692436382174,0.0004854766302742064,,,,
38,hardest,0.0845,sweep,translation,1.0,1.0,,0.5,124,125,0.04239308834075928,0.26575136184692383,0.29594576358795166,0.28344640135765076,0.29925286769866943,,,,
38,hardest,0.0845,sweep,translation,2.0,2.0,,0.5,124,125,0.13261276483535767,0.14221727848052979,0.28734052181243896,0.2981224060058594,0.3150867223739624,,,,
38,hardest,0.0845,sweep,translation,4.0,4.0,,0.5,124,125,0.10087835788726807,0.25983262062072754,0.4024538993835449,0.385775625705719,0.44795921444892883,,,,
38,hardest,0.0845,sweep,translation,6.0,6.0,,0.5,124,125,0.08155179023742676,0.16957277059555054,0.38315045833587646,0.40844565629959106,0.3939930200576782,,,,
38,hardest,0.0845,sweep,translation,8.0,8.0,,0.5,124,125,0.06421506404876709,0.20034915208816528,0.43821316957473755,0.42297786474227905,0.43753913044929504,,,,
38,hardest,0.0845,ensemble,translation,,2.0,2.0,0.5,124,125,,,,,,0.11420634388923645,0.2982112169265747,0.3730691075325012,0.34235185384750366
38,hardest,0.0845,ensemble,translation,,4.0,4.0,0.5,124,125,,,,,,0.1912260204553604,0.25649839639663696,0.4646212160587311,0.4163767993450165
38,hardest,0.0845,ensemble,translation,,6.0,6.0,0.5,124,125,,,,,,0.18113388121128082,0.28850454092025757,0.5175620317459106,0.46745407581329346
38,hardest,0.0845,sweep,scaling,0.8,0.2231435513142097,,0.5,124,125,0.0767214298248291,0.16800928115844727,0.269419401884079,0.2788679599761963,0.302682101726532,,,,
38,hardest,0.0845,sweep,scaling,0.9,0.10536051565782628,,0.5,124,125,0.06539446115493774,0.121116042137146,0.25520744919776917,0.24006563425064087,0.2601131498813629,,,,
38,hardest,0.0845,sweep,scaling,1.0,0.0,,0.5,124,125,0.00039058923721313477,0.001343071460723877,0.0004854766302742064,0.00017704692436382174,0.0004854766302742064,,,,
38,hardest,0.0845,sweep,scaling,1.1,0.09531017980432493,,0.5,124,125,0.11258870363235474,0.2852588891983032,0.39467135071754456,0.3211163282394409,0.40730544924736023,,,,
38,hardest,0.0845,sweep,scaling,1.25,0.22314355131420976,,0.5,124,125,0.1492612361907959,0.37222719192504883,0.5288985371589661,0.4412253797054291,0.5497034788131714,,,,
38,hardest,0.0845,sweep,scaling,1.5,0.4054651081081644,,0.5,124,125,0.08222043514251709,0.3114631772041321,0.48179903626441956,0.4042442739009857,0.5957923531532288,,,,
38,hardest,0.0845,ensemble,scaling,,0.1,0.1,0.5,124,125,,,,,,0.06888660788536072,0.1699473261833191,0.1910914033651352,0.19259725511074066
38,hardest,0.0845,ensemble,scaling,,0.2,0.2,0.5,124,125,,,,,,0.08703453093767166,0.24080790579319,0.26332148909568787,0.2563188672065735
38,hardest,0.0845,ensemble,scaling,,0.3,0.3,0.5,124,125,,,,,,0.09674534201622009,0.29031866788864136,0.3346320688724518,0.30640995502471924
38,hardest,0.0845,sweep,flip,0.0,0.0,,0.5,124,125,0.0030312538146972656,0.0019748806953430176,0.0008751800050958991,0.0003045984194613993,0.0008751800050958991,,,,
38,hardest,0.0845,sweep,flip,1.0,1.0,,0.5,124,125,0.07613050937652588,0.2606208324432373,0.4429200291633606,0.4506417214870453,0.43903061747550964,,,,
38,hardest,0.0845,sweep,shear,0.0,0.0,,0.5,124,125,0.011171102523803711,0.0021507740020751953,0.0020520880352705717,0.0005958642577752471,0.0020520880352705717,,,,
38,hardest,0.0845,sweep,shear,0.05,0.05,,0.5,124,125,0.12232869863510132,0.1212770938873291,0.2591298520565033,0.20833291113376617,0.2646946310997009,,,,
38,hardest,0.0845,sweep,shear,0.1,0.1,,0.5,124,125,0.09065884351730347,0.20149099826812744,0.30327123403549194,0.23836076259613037,0.30819636583328247,,,,
38,hardest,0.0845,sweep,shear,0.2,0.2,,0.5,124,125,0.10794907808303833,0.18615257740020752,0.29905468225479126,0.2557189166545868,0.3094676733016968,,,,
38,hardest,0.0845,sweep,shear,0.3,0.3,,0.5,124,125,0.12234735488891602,0.20857083797454834,0.31759801506996155,0.27622300386428833,0.327590674161911,,,,
38,hardest,0.0845,ensemble,shear,,0.1,0.1,0.5,124,125,,,,,,0.04852597415447235,0.11075426638126373,0.17801399528980255,0.1542319655418396
38,hardest,0.0845,ensemble,shear,,0.2,0.2,0.5,124,125,,,,,,0.07864897698163986,0.1257810741662979,0.208561509847641,0.1816861778497696
38,hardest,0.0845,ensemble,shear,,0.3,0.3,0.5,124,125,,,,,,0.10538945347070694,0.14577196538448334,0.2447172999382019,0.21974104642868042
38,hardest,0.0845,sweep,rotation,0.0,0.0,,0.7,75,174,6.556510925292969e-07,9.5367431640625e-07,1.223817434947705e-06,3.3565029866622353e-08,1.223817434947705e-06,,,,
38,hardest,0.0845,sweep,rotation,5.0,5.0,,0.7,75,174,0.11191070079803467,0.1625678539276123,0.3331139385700226,0.23959819972515106,0.3190494179725647,,,,
38,hardest,0.0845,sweep,rotation,10.0,10.0,,0.7,75,174,0.12065809965133667,0.21928834915161133,0.418418824672699,0.3312176465988159,0.3763890564441681,,,,
38,hardest,0.0845,sweep,rotation,20.0,20.0,,0.7,75,174,0.1512049436569214,0.4159963130950928,0.5156316161155701,0.3884786069393158,0.45155563950538635,,,,
38,hardest,0.0845,sweep,rotation,30.0,30.0,,0.7,75,174,0.17847877740859985,0.37568843364715576,0.5532294511795044,0.4300263524055481,0.45245054364204407,,,,
38,hardest,0.0845,sweep,rotation,45.0,45.0,,0.7,75,174,0.14972776174545288,0.3183276653289795,0.6111859083175659,0.43979036808013916,0.4258856773376465,,,,
38,hardest,0.0845,ensemble,rotation,,10.0,10.0,0.7,75,174,,,,,,0.07626113295555115,0.16949163377285004,0.20595012605190277,0.18149502575397491
38,hardest,0.0845,ensemble,rotation,,20.0,20.0,0.7,75,174,,,,,,0.07209247350692749,0.19704653322696686,0.3038104772567749,0.25931164622306824
38,hardest,0.0845,ensemble,rotation,,30.0,30.0,0.7,75,174,,,,,,0.07913603633642197,0.21110910177230835,0.3609885573387146,0.30346429347991943
38,hardest,0.0845,sweep,translation,0.0,0.0,,0.7,75,174,6.556510925292969e-07,9.5367431640625e-07,1.223817434947705e-06,3.3565029866622353e-08,1.223817434947705e-06,,,,
38,hardest,0.0845,sweep,translation,1.0,1.0,,0.7,75,174,0.031242430210113525,0.12165772914886475,0.1550256311893463,0.30335578322410583,0.14536793529987335,,,,
38,hardest,0.0845,sweep,translation,2.0,2.0,,0.7,75,174,0.08427846431732178,0.14580309391021729,0.20125605165958405,0.3194398283958435,0.17791146039962769,,,,
38,hardest,0.0845,sweep,translation,4.0,4.0,,0.7,75,174,0.11647909879684448,0.22596794366836548,0.24965126812458038,0.3348585069179535,0.21504266560077667,,,,
38,hardest,0.0845,sweep,translation,6.0,6.0,,0.7,75,174,0.20418202877044678,0.1390547752380371,0.29762783646583557,0.3327274024486542,0.23256438970565796,,,,
38,hardest,0.0845,sweep,translation,8.0,8.0,,0.7,75,174,0.09708821773529053,0.23123496770858765,0.30295318365097046,0.3627004623413086,0.23331239819526672,,,,
38,hardest,0.0845,ensemble,translation,,2.0,2.0,0.7,75,174,,,,,,0.1449717879295349,0.32169342041015625,0.32217684388160706,0.28011074662208557
38,hardest,0.0845,ensemble,translation,,4.0,4.0,0.7,75,174,,,,,,0.13085974752902985,0.15022869408130646,0.35392120480537415,0.34012654423713684
38,hardest,0.0845,ensemble,translation,,6.0,6.0,0.7,75,174,,,,,,0.1169283390045166,0.23230911791324615,0.4791300892829895,0.39993083477020264
38,hardest,0.0845,sweep,scaling,0.8,0.2231435513142097,,0.7,75,174,0.15745878219604492,0.27330702543258667,0.35501420497894287,0.275596559047699,0.3421899974346161,,,,
38,hardest,0.0845,sweep,scaling,0.9,0.10536051565782628,,0.7,75,174,0.09285461902618408,0.15185654163360596,0.3043954074382782,0.23870885372161865,0.3025262951850891,,,,
38,hardest,0.0845,sweep,scaling,1.0,0.0,,0.7,75,174,6.556510925292969e-07,9.5367431640625e-07,1.223817434947705e-06,3.3565029866622353e-08,1.223817434947705e-06,,,,
38,hardest,0.0845,sweep,scaling,1.1,0.09531017980432493,,0.7,75,174,0.086761474609375,0.16639459133148193,0.31732457876205444,0.22156664729118347,0.3430437743663788,,,,
38,hardest,0.0845,sweep,scaling,1.25,0.22314355131420976,,0.7,75,174,0.1242450475692749,0.1965581178665161,0.3769211173057556,0.27379366755485535,0.4333060383796692,,,,
38,hardest,0.0845,sweep,scaling,1.5,0.4054651081081644,,0.7,75,174,0.25853365659713745,0.5707058310508728,0.6003071665763855,0.3549373149871826,0.683964729309082,,,,
38,hardest,0.0845,ensemble,scaling,,0.1,0.1,0.7,75,174,,,,,,0.039465174078941345,0.1227589026093483,0.11152641475200653,0.11257684975862503
38,hardest,0.0845,ensemble,scaling,,0.2,0.2,0.7,75,174,,,,,,0.059221282601356506,0.19333471357822418,0.16506385803222656,0.15288953483104706
38,hardest,0.0845,ensemble,scaling,,0.3,0.3,0.7,75,174,,,,,,0.04403505101799965,0.14803652465343475,0.1768871396780014,0.17767122387886047
38,hardest,0.0845,sweep,flip,0.0,0.0,,0.7,75,174,2.980232238769531e-07,8.344650268554688e-07,1.1795971204264788e-06,3.5283395760643543e-08,1.1795971204264788e-06,,,,
38,hardest,0.0845,sweep,flip,1.0,1.0,,0.7,75,174,0.04398888349533081,0.27096104621887207,0.36604949831962585,0.393949031829834,0.2392028570175171,,,,
38,hardest,0.0845,sweep,shear,0.0,0.0,,0.7,75,174,3.2186508178710938e-06,1.1324882507324219e-06,1.1020091505997698e-06,3.0689712104958744e-08,1.1020091505997698e-06,,,,
38,hardest,0.0845,sweep,shear,0.05,0.05,,0.7,75,174,0.08655089139938354,0.09939396381378174,0.1945493221282959,0.07527172565460205,0.2034614533185959,,,,
38,hardest,0.0845,sweep,shear,0.1,0.1,,0.7,75,174,0.11844402551651001,0.1500626802444458,0.22667628526687622,0.15741883218288422,0.234746515750885,,,,
38,hardest,0.0845,sweep,shear,0.2,0.2,,0.7,75,174,0.09164297580718994,0.2034105658531189,0.24642206728458405,0.2129632830619812,0.24515864253044128,,,,
38,hardest,0.0845,sweep,shear,0.3,0.3,,0.7,75,174,0.07000875473022461,0.14789211750030518,0.2512965500354767,0.24134409427642822,0.2563808262348175,,,,
38,hardest,0.0845,ensemble,shear,,0.1,0.1,0.7,75,174,,,,,,0.039166904985904694,0.06344994902610779,0.0843871459364891,0.0680156871676445
38,hardest,0.0845,ensemble,shear,,0.2,0.2,0.7,75,174,,,,,,0.039400503039360046,0.08951891213655472,0.10619013756513596,0.12588433921337128
38,hardest,0.0845,ensemble,shear,,0.3,0.3,0.7,75,174,,,,,,0.05504247918725014,0.09990095347166061,0.13219091296195984,0.16416165232658386
34,hardest,0.072,sweep,rotation,0.0,0.0,,0.3,174,75,9.894371032714844e-06,1.049041748046875e-05,4.037295002490282e-05,7.010540684859734e-06,4.037295002490282e-05,,,,
34,hardest,0.072,sweep,rotation,5.0,5.0,,0.3,174,75,0.11458873748779297,0.12400919198989868,0.373552143573761,0.5140427350997925,0.377834290266037,,,,
34,hardest,0.072,sweep,rotation,10.0,10.0,,0.3,174,75,0.11467486619949341,0.16746795177459717,0.3643791675567627,0.5175167322158813,0.39583998918533325,,,,
34,hardest,0.072,sweep,rotation,20.0,20.0,,0.3,174,75,0.043779969215393066,0.13100683689117432,0.4139457941055298,0.5368214845657349,0.47284528613090515,,,,
34,hardest,0.072,sweep,rotation,30.0,30.0,,0.3,174,75,0.07643413543701172,0.18310749530792236,0.4660334885120392,0.6097635626792908,0.5523599982261658,,,,
34,hardest,0.072,sweep,rotation,45.0,45.0,,0.3,174,75,0.14673495292663574,0.25517737865448,0.5984607934951782,1.000070571899414,0.6306486129760742,,,,
34,hardest,0.072,ensemble,rotation,,10.0,10.0,0.3,174,75,,,,,,0.06756594777107239,0.16497187316417694,0.24784937500953674,0.2873171269893646
34,hardest,0.072,ensemble,rotation,,20.0,20.0,0.3,174,75,,,,,,0.07908612489700317,0.2994941174983978,0.34700897336006165,0.4860077500343323
34,hardest,0.072,ensemble,rotation,,30.0,30.0,0.3,174,75,,,,,,0.0974273756146431,0.3354712724685669,0.42976850271224976,0.6438685655593872
34,hardest,0.072,sweep,translation,0.0,0.0,,0.3,174,75,9.894371032714844e-06,1.049041748046875e-05,4.037295002490282e-05,7.010540684859734e-06,4.037295002490282e-05,,,,
34,hardest,0.072,sweep,translation,1.0,1.0,,0.3,174,75,0.0750916600227356,0.2766602039337158,0.3847370743751526,0.534248411655426,0.3994843065738678,,,,
34,hardest,0.072,sweep,translation,2.0,2.0,,0.3,174,75,0.10836958885192871,0.14486896991729736,0.3997953534126282,0.5719866752624512,0.42671895027160645,,,,
34,hardest,0.072,sweep,translation,4.0,4.0,,0.3,174,75,0.08606350421905518,0.2147303819656372,0.4203592538833618,0.6726214289665222,0.45886334776878357,,,,
34,hardest,0.072,sweep,translation,6.0,6.0,,0.3,174,75,0.06766998767852783,0.20192229747772217,0.4295024573802948,0.7581743597984314,0.48387205600738525,,,,
34,hardest,0.072,sweep,translation,8.0,8.0,,0.3,174,75,0.08334749937057495,0.42187070846557617,0.5609603524208069,1.0119037628173828,0.6143919229507446,,,,
34,hardest,0.072,ensemble,translation,,2.0,2.0,0.3,174,75,,,,,,0.06727331876754761,0.2619854509830475,0.3759273290634155,0.49244609475135803
34,hardest,0.072,ensemble,translation,,4.0,4.0,0.3,174,75,,,,,,0.09334137290716171,0.3049071431159973,0.46673062443733215,0.5901662707328796
34,hardest,0.072,ensemble,translation,,6.0,6.0,0.3,174,75,,,,,,0.10081733018159866,0.31716954708099365,0.4631616175174713,0.6478222012519836
34,hardest,0.072,sweep,scaling,0.8,0.2231435513142097,,0.3,174,75,0.05596268177032471,0.07498908042907715,0.23936502635478973,0.2645691931247711,0.39619529247283936,,,,
34,hardest,0.072,sweep,scaling,0.9,0.10536051565782628,,0.3,174,75,0.05564224720001221,0.1230853796005249,0.4080736041069031,0.4501632750034332,0.4198271930217743,,,,
34,hardest,0.072,sweep,scaling,1.0,0.0,,0.3,174,75,9.894371032714844e-06,1.049041748046875e-05,4.037295002490282e-05,7.010540684859734e-06,4.037295002490282e-05,,,,
34,hardest,0.072,sweep,scaling,1.1,0.09531017980432493,,0.3,174,75,0.07534009218215942,0.3861878514289856,0.3404098153114319,0.43872177600860596,0.3623582422733307,,,,
34,hardest,0.072,sweep,scaling,1.25,0.22314355131420976,,0.3,174,75,0.04934859275817871,0.23089498281478882,0.43241530656814575,0.6109386682510376,0.5513078570365906,,,,
34,hardest,0.072,sweep,scaling,1.5,0.4054651081081644,,0.3,174,75,0.13012784719467163,0.21850371360778809,0.5592935681343079,0.8438208103179932,0.667028546333313,,,,
34,hardest,0.072,ensemble,scaling,,0.1,0.1,0.3,174,75,,,,,,0.11129305511713028,0.24965907633304596,0.34961339831352234,0.4325296878814697
34,hardest,0.072,ensemble,scaling,,0.2,0.2,0.3,174,75,,,,,,0.10073825716972351,0.3356580138206482,0.42409569025039673,0.574059247970581
34,hardest,0.072,ensemble,scaling,,0.3,0.3,0.3,174,75,,,,,,0.10236120969057083,0.32028546929359436,0.44745123386383057,0.5899926424026489
34,hardest,0.072,sweep,flip,0.0,0.0,,0.3,174,75,9.179115295410156e-06,1.537799835205078e-05,4.368709778646007e-05,8.199390322261024e-06,4.368709778646007e-05,,,,
34,hardest,0.072,sweep,flip,1.0,1.0,,0.3,174,75,0.08748126029968262,0.23669439554214478,0.42982515692710876,0.6101141571998596,0.4204678535461426,,,,
34,hardest,0.072,sweep,shear,0.0,0.0,,0.3,174,75,2.9802322387695312e-06,2.9802322387695312e-06,8.998571502161212e-06,9.870075245999033e-07,8.998571502161212e-06,,,,
34,hardest,0.072,sweep,shear,0.05,0.05,,0.3,174,75,0.03214740753173828,0.07061302661895752,0.15697792172431946,0.13145779073238373,0.171733558177948,,,,
34,hardest,0.072,sweep,shear,0.1,0.1,,0.3,174,75,0.038317322731018066,0.09456175565719604,0.21588274836540222,0.17656421661376953,0.24556350708007812,,,,
34,hardest,0.072,sweep,shear,0.2,0.2,,0.3,174,75,0.07011032104492188,0.21985411643981934,0.4097330868244171,0.656090497970581,0.4217609763145447,,,,
34,hardest,0.072,sweep,shear,0.3,0.3,,0.3,174,75,0.08150547742843628,0.25668227672576904,0.4217194616794586,0.7156570553779602,0.4399802088737488,,,,
34,hardest,0.072,ensemble,shear,,0.1,0.1,0.3,174,75,,,,,,0.04180406033992767,0.07054238766431808,0.1758451908826828,0.1799764335155487
34,hardest,0.072,ensemble,shear,,0.2,0.2,0.3,174,75,,,,,,0.07648483663797379,0.15920493006706238,0.3174940347671509,0.41353192925453186
34,hardest,0.072,ensemble,shear,,0.3,0.3,0.3,174,75,,,,,,0.08764119446277618,0.1696237176656723,0.33329296112060547,0.4622221291065216
34,hardest,0.072,sweep,rotation,0.0,0.0,,0.5,124,125,3.6954879760742188e-06,2.5033950805664062e-06,7.864346116548404e-06,1.240279289049795e-06,7.864346116548404e-06,,,,
34,hardest,0.072,sweep,rotation,5.0,5.0,,0.5,124,125,0.09007728099822998,0.14428138732910156,0.24970005452632904,0.2418435662984848,0.30519574880599976,,,,
34,hardest,0.072,sweep,rotation,10.0,10.0,,0.5,124,125,0.07144314050674438,0.16608411073684692,0.3402356505393982,0.2804988622665405,0.3886799216270447,,,,
34,hardest,0.072,sweep,rotation,20.0,20.0,,0.5,124,125,0.16972362995147705,0.232710599899292,0.5421074032783508,0.3233954608440399,0.5792757272720337,,,,
34,hardest,0.072,sweep,rotation,30.0,30.0,,0.5,124,125,0.0932464599609375,0.25755053758621216,0.5651699304580688,0.34376218914985657,0.630406379699707,,,,
34,hardest,0.072,sweep,rotation,45.0,45.0,,0.5,124,125,0.07963931560516357,0.3960776925086975,0.6027941703796387,0.3403966426849365,0.6276930570602417,,,,
34,hardest,0.072,ensemble,rotation,,10.0,10.0,0.5,124,125,,,,,,0.05422121658921242,0.1296125054359436,0.20441557466983795,0.1919773370027542
34,hardest,0.072,ensemble,rotation,,20.0,20.0,0.5,124,125,,,,,,0.07399831712245941,0.15341416001319885,0.2759286165237427,0.2287723571062088
34,hardest,0.072,ensemble,rotation,,30.0,30.0,0.5,124,125,,,,,,0.08045890182256699,0.1469101756811142,0.3431314527988434,0.2558937668800354
34,hardest,0.072,sweep,translation,0.0,0.0,,0.5,124,125,3.6954879760742188e-06,2.5033950805664062e-06,7.864346116548404e-06,1.240279289049795e-06,7.864346116548404e-06,,,,
34,hardest,0.072,sweep,translation,1.0,1.0,,0.5,124,125,0.07336151599884033,0.24823248386383057,0.2780120074748993,0.27042245864868164,0.28302597999572754,,,,
34,hardest,0.072,sweep,translation,2.0,2.0,,0.5,124,125,0.08932489156723022,0.12129855155944824,0.2910253703594208,0.2544218897819519,0.3786979615688324,,,,
34,hardest,0.072,sweep,translation,4.0,4.0,,0.5,124,125,0.06537067890167236,0.2783169746398926,0.3178750276565552,0.31037434935569763,0.37430688738822937,,,,
34,hardest,0.072,sweep,translation,6.0,6.0,,0.5,124,125,0.05038750171661377,0.24722081422805786,0.34660324454307556,0.30740320682525635,0.3405371606349945,,,,
34,hardest,0.072,sweep,translation,8.0,8.0,,0.5,124,125,0.07251888513565063,0.24866044521331787,0.3196805417537689,0.3011605143547058,0.31715744733810425,,,,
34,hardest,0.072,ensemble,translation,,2.0,2.0,0.5,124,125,,,,,,0.0848427563905716,0.17050793766975403,0.25572526454925537,0.20703010261058807
34,hardest,0.072,ensemble,translation,,4.0,4.0,0.5,124,125,,,,,,0.09423135221004486,0.18015000224113464,0.3072459399700165,0.2407093346118927
34,hardest,0.072,ensemble,translation,,6.0,6.0,0.5,124,125,,,,,,0.09131502360105515,0.21227465569972992,0.41544753313064575,0.3207200765609741
34,hardest,0.072,sweep,scaling,0.8,0.2231435513142097,,0.5,124,125,0.08882838487625122,0.1656169891357422,0.2292163223028183,0.26888781785964966,0.24707911908626556,,,,
34,hardest,0.072,sweep,scaling,0.9,0.10536051565782628,,0.5,124,125,0.12762010097503662,0.2563438415527344,0.3208787739276886,0.23525196313858032,0.35214948654174805,,,,
34,hardest,0.072,sweep,scaling,1.0,0.0,,0.5,124,125,3.6954879760742188e-06,2.5033950805664062e-06,7.864346116548404e-06,1.240279289049795e-06,7.864346116548404e-06,,,,
34,hardest,0.072,sweep,scaling,1.1,0.09531017980432493,,0.5,124,125,0.07464200258255005,0.11362558603286743,0.2721399962902069,0.24197271466255188,0.35982847213745117,,,,
34,hardest,0.072,sweep,scaling,1.25,0.22314355131420976,,0.5,124,125,0.02717721462249756,0.11140727996826172,0.27433520555496216,0.24355174601078033,0.3802662491798401,,,,
34,hardest,0.072,sweep,scaling,1.5,0.4054651081081644,,0.5,124,125,0.07094591856002808,0.13062810897827148,0.532382607460022,0.40137800574302673,0.6972684264183044,,,,
34,hardest,0.072,ensemble,scaling,,0.1,0.1,0.5,124,125,,,,,,0.06810808181762695,0.18134702742099762,0.23186534643173218,0.15691088140010834
34,hardest,0.072,ensemble,scaling,,0.2,0.2,0.5,124,125,,,,,,0.07817088812589645,0.15552067756652832,0.2512972056865692,0.18368691205978394
34,hardest,0.072,ensemble,scaling,,0.3,0.3,0.5,124,125,,,,,,0.0940595418214798,0.19883006811141968,0.3083394467830658,0.22167851030826569
34,hardest,0.072,sweep,flip,0.0,0.0,,0.5,124,125,1.6689300537109375e-06,1.9669532775878906e-06,4.467643066163873e-06,6.100272003095597e-07,4.467643066163873e-06,,,,
34,hardest,0.072,sweep,flip,1.0,1.0,,0.5,124,125,0.05368584394454956,0.1808210015296936,0.642950713634491,0.4953370690345764,0.5104303359985352,,,,
34,hardest,0.072,sweep,shear,0.0,0.0,,0.5,124,125,6.4373016357421875e-06,2.1457672119140625e-06,6.311160632321844e-06,9.180773190564651e-07,6.311160632321844e-06,,,,
34,hardest,0.072,sweep,shear,0.05,0.05,,0.5,124,125,0.10285294055938721,0.14609336853027344,0.24774545431137085,0.18437185883522034,0.2690682113170624,,,,
34,hardest,0.072,sweep,shear,0.1,0.1,,0.5,124,125,0.07646632194519043,0.18603980541229248,0.26202192902565,0.18939587473869324,0.28170910477638245,,,,
34,hardest,0.072,sweep,shear,0.2,0.2,,0.5,124,125,0.09818172454833984,0.18578684329986572,0.27599045634269714,0.23163682222366333,0.3093920946121216,,,,
34,hardest,0.072,sweep,shear,0.3,0.3,,0.5,124,125,0.053009092807769775,0.15035533905029297,0.2942381501197815,0.23853392899036407,0.33043670654296875,,,,
34,hardest,0.072,ensemble,shear,,0.1,0.1,0.5,124,125,,,,,,0.059195905923843384,0.09100750833749771,0.1657179892063141,0.14978383481502533
34,hardest,0.072,ensemble,shear,,0.2,0.2,0.5,124,125,,,,,,0.05908112972974777,0.12785068154335022,0.21906965970993042,0.18518836796283722
34,hardest,0.072,ensemble,shear,,0.3,0.3,0.5,124,125,,,,,,0.061893951147794724,0.14059899747371674,0.22549064457416534,0.17823202908039093
34,hardest,0.072,sweep,rotation,0.0,0.0,,0.7,75,174,1.6689300537109375e-06,4.76837158203125e-07,1.4584804830519715e-06,2.2083316508769713e-08,1.4584804830519715e-06,,,,
34,hardest,0.072,sweep,rotation,5.0,5.0,,0.7,75,174,0.1400321125984192,0.37801826000213623,0.5232475399971008,0.27044668793678284,0.5615314245223999,,,,
34,hardest,0.072,sweep,rotation,10.0,10.0,,0.7,75,174,0.12794214487075806,0.14363616704940796,0.32299357652664185,0.34732162952423096,0.30361995100975037,,,,
34,hardest,0.072,sweep,rotation,20.0,20.0,,0.7,75,174,0.15257912874221802,0.18757271766662598,0.4955712556838989,0.3890889286994934,0.4373529553413391,,,,
34,hardest,0.072,sweep,rotation,30.0,30.0,,0.7,75,174,0.21741247177124023,0.3557659983634949,0.6375163793563843,0.41794031858444214,0.6217023134231567,,,,
34,hardest,0.072,sweep,rotation,45.0,45.0,,0.7,75,174,0.08538162708282471,0.20743972063064575,0.6293445825576782,0.46782386302948,0.468584805727005,,,,
34,hardest,0.072,ensemble,rotation,,10.0,10.0,0.7,75,174,,,,,,0.06291484087705612,0.08672188222408295,0.24904866516590118,0.19574585556983948
34,hardest,0.072,ensemble,rotation,,20.0,20.0,0.7,75,174,,,,,,0.0983135998249054,0.15465444326400757,0.37776118516921997,0.23719267547130585
34,hardest,0.072,ensemble,rotation,,30.0,30.0,0.7,75,174,,,,,,0.10132867842912674,0.21236564218997955,0.43021687865257263,0.27198490500450134
34,hardest,0.072,sweep,translation,0.0,0.0,,0.7,75,174,1.6689300537109375e-06,4.76837158203125e-07,1.4584804830519715e-06,2.2083316508769713e-08,1.4584804830519715e-06,,,,
34,hardest,0.072,sweep,translation,1.0,1.0,,0.7,75,174,0.034808218479156494,0.08189117908477783,0.2188495397567749,0.4026952385902405,0.18088208138942719,,,,
34,hardest,0.072,sweep,translation,2.0,2.0,,0.7,75,174,0.12342894077301025,0.05483531951904297,0.2918636202812195,0.46638253331184387,0.1926998794078827,,,,
34,hardest,0.072,sweep,translation,4.0,4.0,,0.7,75,174,0.03420621156692505,0.07298624515533447,0.39238470792770386,0.4406105577945709,0.17974765598773956,,,,
34,hardest,0.072,sweep,translation,6.0,6.0,,0.7,75,174,0.15419572591781616,0.08974027633666992,0.4405810832977295,0.4468473494052887,0.17487800121307373,,,,
34,hardest,0.072,sweep,translation,8.0,8.0,,0.7,75,174,0.09054219722747803,0.11873728036880493,0.43808773159980774,0.4523116946220398,0.179135262966156,,,,
34,hardest,0.072,ensemble,translation,,2.0,2.0,0.7,75,174,,,,,,0.09116045385599136,0.1715235412120819,0.38145455718040466,0.2756195366382599
34,hardest,0.072,ensemble,translation,,4.0,4.0,0.7,75,174,,,,,,0.09457754343748093,0.24188241362571716,0.4371509850025177,0.30686911940574646
34,hardest,0.072,ensemble,translation,,6.0,6.0,0.7,75,174,,,,,,0.1559331864118576,0.3617137670516968,0.48288899660110474,0.32568198442459106
34,hardest,0.072,sweep,scaling,0.8,0.2231435513142097,,0.7,75,174,0.18296825885772705,0.2404475212097168,0.4319319725036621,0.3377054035663605,0.3941061496734619,,,,
34,hardest,0.072,sweep,scaling,0.9,0.10536051565782628,,0.7,75,174,0.0956038236618042,0.09908080101013184,0.31786635518074036,0.2827194035053253,0.30995336174964905,,,,
34,hardest,0.072,sweep,scaling,1.0,0.0,,0.7,75,174,1.6689300537109375e-06,4.76837158203125e-07,1.4584804830519715e-06,2.2083316508769713e-08,1.4584804830519715e-06,,,,
34,hardest,0.072,sweep,scaling,1.1,0.09531017980432493,,0.7,75,174,0.16144704818725586,0.20060515403747559,0.3417758345603943,0.22996269166469574,0.420082151889801,,,,
34,hardest,0.072,sweep,scaling,1.25,0.22314355131420976,,0.7,75,174,0.18024671077728271,0.17851269245147705,0.5044285655021667,0.29196345806121826,0.6204344630241394,,,,
34,hardest,0.072,sweep,scaling,1.5,0.4054651081081644,,0.7,75,174,0.19332045316696167,0.31618624925613403,0.6341412663459778,0.3900997042655945,0.8037969470024109,,,,
34,hardest,0.072,ensemble,scaling,,0.1,0.1,0.7,75,174,,,,,,0.06327307224273682,0.0813073068857193,0.19014593958854675,0.1312422901391983
34,hardest,0.072,ensemble,scaling,,0.2,0.2,0.7,75,174,,,,,,0.11245965957641602,0.23146092891693115,0.3117391765117645,0.18902145326137543
34,hardest,0.072,ensemble,scaling,,0.3,0.3,0.7,75,174,,,,,,0.1268671751022339,0.2655988335609436,0.3449648916721344,0.2027280628681183
34,hardest,0.072,sweep,flip,0.0,0.0,,0.7,75,174,5.364418029785156e-07,4.76837158203125e-07,1.494462367190863e-06,2.0684471024878803e-08,1.494462367190863e-06,,,,
34,hardest,0.072,sweep,flip,1.0,1.0,,0.7,75,174,0.06183826923370361,0.13088524341583252,0.5582594275474548,0.5228813886642456,0.3001385033130646,,,,
34,hardest,0.072,sweep,shear,0.0,0.0,,0.7,75,174,1.5497207641601562e-06,6.556510925292969e-07,1.4063832622923655e-06,2.0314887549943705e-08,1.4063832622923655e-06,,,,
34,hardest,0.072,sweep,shear,0.05,0.05,,0.7,75,174,0.12249261140823364,0.05697476863861084,0.17560069262981415,0.1047782227396965,0.20445498824119568,,,,
34,hardest,0.072,sweep,shear,0.1,0.1,,0.7,75,174,0.15775465965270996,0.07946938276290894,0.20527154207229614,0.19598406553268433,0.21909847855567932,,,,
34,hardest,0.072,sweep,shear,0.2,0.2,,0.7,75,174,0.1493474245071411,0.07993137836456299,0.23220713436603546,0.2819577753543854,0.25176548957824707,,,,
34,hardest,0.072,sweep,shear,0.3,0.3,,0.7,75,174,0.1037943959236145,0.08308601379394531,0.28727373480796814,0.34373703598976135,0.26147159934043884,,,,
34,hardest,0.072,ensemble,shear,,0.1,0.1,0.7,75,174,,,,,,0.041924647986888885,0.04522757977247238,0.14570684731006622,0.10686476528644562
34,hardest,0.072,ensemble,shear,,0.2,0.2,0.7,75,174,,,,,,0.042862460017204285,0.06679660081863403,0.20989170670509338,0.19022236764431
34,hardest,0.072,ensemble,shear,,0.3,0.3,0.7,75,174,,,,,,0.07041671127080917,0.07857981324195862,0.2602430284023285,0.23947155475616455
47,hardest,0.066,sweep,rotation,0.0,0.0,,0.3,174,75,5.543231964111328e-06,1.3470649719238281e-05,6.330629548756406e-05,1.5443487427546643e-05,6.330629548756406e-05,,,,
47,hardest,0.066,sweep,rotation,5.0,5.0,,0.3,174,75,0.029603302478790283,0.08597898483276367,0.25865495204925537,0.2958035469055176,0.29868319630622864,,,,
47,hardest,0.066,sweep,rotation,10.0,10.0,,0.3,174,75,0.0374608039855957,0.09505152702331543,0.3325301706790924,0.4261854887008667,0.417622447013855,,,,
47,hardest,0.066,sweep,rotation,20.0,20.0,,0.3,174,75,0.08833765983581543,0.18000954389572144,0.4694494605064392,0.6962494850158691,0.5849199295043945,,,,
47,hardest,0.066,sweep,rotation,30.0,30.0,,0.3,174,75,0.08497226238250732,0.19443875551223755,0.4518929421901703,0.6331269145011902,0.5860071778297424,,,,
47,hardest,0.066,sweep,rotation,45.0,45.0,,0.3,174,75,0.16921043395996094,0.2746914029121399,0.5064620971679688,0.7865449786186218,0.6287664175033569,,,,
47,hardest,0.066,ensemble,rotation,,10.0,10.0,0.3,174,75,,,,,,0.05306955799460411,0.10689901560544968,0.3249829411506653,0.39256736636161804
47,hardest,0.066,ensemble,rotation,,20.0,20.0,0.3,174,75,,,,,,0.060334838926792145,0.12198755145072937,0.369935005903244,0.5193307399749756
47,hardest,0.066,ensemble,rotation,,30.0,30.0,0.3,174,75,,,,,,0.0838712602853775,0.1409899890422821,0.4024718403816223,0.6085374355316162
47,hardest,0.066,sweep,translation,0.0,0.0,,0.3,174,75,5.543231964111328e-06,1.3470649719238281e-05,6.330629548756406e-05,1.5443487427546643e-05,6.330629548756406e-05,,,,
47,hardest,0.066,sweep,translation,1.0,1.0,,0.3,174,75,0.08364123106002808,0.2601656913757324,0.4382156431674957,0.49068304896354675,0.4602597951889038,,,,
47,hardest,0.066,sweep,translation,2.0,2.0,,0.3,174,75,0.09337937831878662,0.14914077520370483,0.38041022419929504,0.44201862812042236,0.41919299960136414,,,,
47,hardest,0.066,sweep,translation,4.0,4.0,,0.3,174,75,0.07750838994979858,0.18298494815826416,0.44424647092819214,0.6296615600585938,0.5583929419517517,,,,
47,hardest,0.066,sweep,translation,6.0,6.0,,0.3,174,75,0.07714802026748657,0.1695423126220703,0.43075764179229736,0.5424085259437561,0.5156781077384949,,,,
47,hardest,0.066,sweep,translation,8.0,8.0,,0.3,174,75,0.12912088632583618,0.20446598529815674,0.5187692046165466,0.6960932016372681,0.5952025055885315,,,,
47,hardest,0.066,ensemble,translation,,2.0,2.0,0.3,174,75,,,,,,0.11837133765220642,0.17018888890743256,0.40513327717781067,0.60392165184021
47,hardest,0.066,ensemble,translation,,4.0,4.0,0.3,174,75,,,,,,0.07938028872013092,0.18899127840995789,0.4558917284011841,0.6937834024429321
47,hardest,0.066,ensemble,translation,,6.0,6.0,0.3,174,75,,,,,,0.0877155140042305,0.16146478056907654,0.4433312714099884,0.6650993227958679
47,hardest,0.066,sweep,scaling,0.8,0.2231435513142097,,0.3,174,75,0.06283688545227051,0.1582239866256714,0.41144585609436035,0.5561674237251282,0.515920877456665,,,,
47,hardest,0.066,sweep,scaling,0.9,0.10536051565782628,,0.3,174,75,0.06832844018936157,0.09350168704986572,0.31871041655540466,0.36838117241859436,0.3709079921245575,,,,
47,hardest,0.066,sweep,scaling,1.0,0.0,,0.3,174,75,5.543231964111328e-06,1.3470649719238281e-05,6.330629548756406e-05,1.5443487427546643e-05,6.330629548756406e-05,,,,
47,hardest,0.066,sweep,scaling,1.1,0.09531017980432493,,0.3,174,75,0.05044567584991455,0.24103295803070068,0.4386046826839447,0.5501636266708374,0.47175079584121704,,,,
47,hardest,0.066,sweep,scaling,1.25,0.22314355131420976,,0.3,174,75,0.15018463134765625,0.26573342084884644,0.4960571527481079,0.685431957244873,0.5669518113136292,,,,
47,hardest,0.066,sweep,scaling,1.5,0.4054651081081644,,0.3,174,75,0.1179661750793457,0.2340790033340454,0.5326261520385742,0.7738864421844482,0.651061475276947,,,,
47,hardest,0.066,ensemble,scaling,,0.1,0.1,0.3,174,75,,,,,,0.05509943515062332,0.11661708354949951,0.3351028561592102,0.40988174080848694
47,hardest,0.066,ensemble,scaling,,0.2,0.2,0.3,174,75,,,,,,0.07072263211011887,0.15566928684711456,0.4124538004398346,0.5563263297080994
47,hardest,0.066,ensemble,scaling,,0.3,0.3,0.3,174,75,,,,,,0.06638380885124207,0.18114261329174042,0.44802290201187134,0.6104445457458496
47,hardest,0.066,sweep,flip,0.0,0.0,,0.3,174,75,0.0002605915069580078,0.00034308433532714844,0.0022978761699050665,0.0006512057734653354,0.0022978761699050665,,,,
47,hardest,0.066,sweep,flip,1.0,1.0,,0.3,174,75,0.09590840339660645,0.23831641674041748,0.5014523863792419,0.7603232860565186,0.5367705821990967,,,,
47,hardest,0.066,sweep,shear,0.0,0.0,,0.3,174,75,0.0003542304039001465,0.0004826784133911133,0.003954243380576372,0.0011064615100622177,0.003954243380576372,,,,
47,hardest,0.066,sweep,shear,0.05,0.05,,0.3,174,75,0.043530941009521484,0.11039811372756958,0.3813241124153137,0.45084917545318604,0.3798079788684845,,,,
47,hardest,0.066,sweep,shear,0.1,0.1,,0.3,174,75,0.04560112953186035,0.1515067219734192,0.3914079964160919,0.5067324042320251,0.3911730945110321,,,,
47,hardest,0.066,sweep,shear,0.2,0.2,,0.3,174,75,0.08057111501693726,0.23417901992797852,0.4178943634033203,0.4896329641342163,0.4275364577770233,,,,
47,hardest,0.066,sweep,shear,0.3,0.3,,0.3,174,75,0.06310224533081055,0.19554734230041504,0.419588565826416,0.5096296072006226,0.4483907222747803,,,,
47,hardest,0.066,ensemble,shear,,0.1,0.1,0.3,174,75,,,,,,0.04122069105505943,0.09115924686193466,0.2598413825035095,0.30512791872024536
47,hardest,0.066,ensemble,shear,,0.2,0.2,0.3,174,75,,,,,,0.04351862147450447,0.10333208739757538,0.30546674132347107,0.3626925051212311
47,hardest,0.066,ensemble,shear,,0.3,0.3,0.3,174,75,,,,,,0.05040467903017998,0.11496011167764664,0.3321846127510071,0.4240720868110657
47,hardest,0.066,sweep,rotation,0.0,0.0,,0.5,124,125,1.3113021850585938e-06,9.5367431640625e-07,3.954152816731948e-06,9.801869964576326e-07,3.954152816731948e-06,,,,
47,hardest,0.066,sweep,rotation,5.0,5.0,,0.5,124,125,0.09669369459152222,0.11612695455551147,0.30945396423339844,0.36795276403427124,0.3286319077014923,,,,
47,hardest,0.066,sweep,rotation,10.0,10.0,,0.5,124,125,0.14399468898773193,0.17349660396575928,0.39423978328704834,0.5124103426933289,0.4248535633087158,,,,
47,hardest,0.066,sweep,rotation,20.0,20.0,,0.5,124,125,0.04828286170959473,0.14543622732162476,0.4253656268119812,0.6447064876556396,0.3784792125225067,,,,
47,hardest,0.066,sweep,rotation,30.0,30.0,,0.5,124,125,0.046507179737091064,0.19757920503616333,0.4981599450111389,0.750806450843811,0.46047595143318176,,,,
47,hardest,0.066,sweep,rotation,45.0,45.0,,0.5,124,125,0.09009528160095215,0.19236725568771362,0.6004761457443237,0.8575558662414551,0.4954519271850586,,,,
47,hardest,0.066,ensemble,rotation,,10.0,10.0,0.5,124,125,,,,,,0.06677393615245819,0.12345769256353378,0.35321328043937683,0.4457239508628845
47,hardest,0.066,ensemble,rotation,,20.0,20.0,0.5,124,125,,,,,,0.07932241261005402,0.14320704340934753,0.4318295419216156,0.5687011480331421
47,hardest,0.066,ensemble,rotation,,30.0,30.0,0.5,124,125,,,,,,0.09680254757404327,0.17080730199813843,0.47873491048812866,0.6536008715629578
47,hardest,0.066,sweep,translation,0.0,0.0,,0.5,124,125,1.3113021850585938e-06,9.5367431640625e-07,3.954152816731948e-06,9.801869964576326e-07,3.954152816731948e-06,,,,
47,hardest,0.066,sweep,translation,1.0,1.0,,0.5,124,125,0.037100791931152344,0.12237542867660522,0.28559577465057373,0.3902236223220825,0.2806057631969452,,,,
47,hardest,0.066,sweep,translation,2.0,2.0,,0.5,124,125,0.04985952377319336,0.15183603763580322,0.3577550947666168,0.5811766386032104,0.33583053946495056,,,,
47,hardest,0.066,sweep,translation,4.0,4.0,,0.5,124,125,0.11258924007415771,0.17020708322525024,0.4823802411556244,0.6947129964828491,0.43821126222610474,,,,
47,hardest,0.066,sweep,translation,6.0,6.0,,0.5,124,125,0.06312865018844604,0.1884089708328247,0.473376601934433,0.7238010168075562,0.44688719511032104,,,,
47,hardest,0.066,sweep,translation,8.0,8.0,,0.5,124,125,0.05699265003204346,0.1922817826271057,0.483875036239624,0.766464114189148,0.4283105134963989,,,,
47,hardest,0.066,ensemble,translation,,2.0,2.0,0.5,124,125,,,,,,0.10916155576705933,0.18579252064228058,0.3941429853439331,0.5366344451904297
47,hardest,0.066,ensemble,translation,,4.0,4.0,0.5,124,125,,,,,,0.09866004437208176,0.19829486310482025,0.4751254618167877,0.6357101798057556
47,hardest,0.066,ensemble,translation,,6.0,6.0,0.5,124,125,,,,,,0.09727427363395691,0.1969628781080246,0.5376412272453308,0.7428377270698547
47,hardest,0.066,sweep,scaling,0.8,0.2231435513142097,,0.5,124,125,0.09987354278564453,0.2893490791320801,0.48266252875328064,0.6443958282470703,0.39895421266555786,,,,
47,hardest,0.066,sweep,scaling,0.9,0.10536051565782628,,0.5,124,125,0.04336988925933838,0.153333842754364,0.34779202938079834,0.4213637709617615,0.31894582509994507,,,,
47,hardest,0.066,sweep,scaling,1.0,0.0,,0.5,124,125,1.3113021850585938e-06,9.5367431640625e-07,3.954152816731948e-06,9.801869964576326e-07,3.954152816731948e-06,,,,
47,hardest,0.066,sweep,scaling,1.1,0.09531017980432493,,0.5,124,125,0.055119097232818604,0.15139853954315186,0.36386582255363464,0.5526964664459229,0.4128521680831909,,,,
47,hardest,0.066,sweep,scaling,1.25,0.22314355131420976,,0.5,124,125,0.06692266464233398,0.16250574588775635,0.4952479600906372,0.7136036157608032,0.4973340630531311,,,,
47,hardest,0.066,sweep,scaling,1.5,0.4054651081081644,,0.5,124,125,0.11429619789123535,0.16436970233917236,0.6593358516693115,0.9331335425376892,0.7133657932281494,,,,
47,hardest,0.066,ensemble,scaling,,0.1,0.1,0.5,124,125,,,,,,0.03915942460298538,0.10049836337566376,0.2723357677459717,0.3348958194255829
47,hardest,0.066,ensemble,scaling,,0.2,0.2,0.5,124,125,,,,,,0.05955291911959648,0.15726321935653687,0.3735824525356293,0.492139607667923
47,hardest,0.066,ensemble,scaling,,0.3,0.3,0.5,124,125,,,,,,0.06220776215195656,0.16110174357891083,0.4158874750137329,0.5600874423980713
47,hardest,0.066,sweep,flip,0.0,0.0,,0.5,124,125,4.172325134277344e-07,5.960464477539062e-07,1.82523945113644e-06,2.7213758357902407e-07,1.82523945113644e-06,,,,
47,hardest,0.066,sweep,flip,1.0,1.0,,0.5,124,125,0.06805092096328735,0.17147433757781982,0.5308452844619751,0.8285459280014038,0.37671926617622375,,,,
47,hardest,0.066,sweep,shear,0.0,0.0,,0.5,124,125,7.152557373046875e-07,1.1920928955078125e-06,3.375165306351846e-06,8.620893936495122e-07,3.375165306351846e-06,,,,
47,hardest,0.066,sweep,shear,0.05,0.05,,0.5,124,125,0.01132291555404663,0.022082805633544922,0.0872069001197815,0.07226620614528656,0.09718893468379974,,,,
47,hardest,0.066,sweep,shear,0.1,0.1,,0.5,124,125,0.02974557876586914,0.07649850845336914,0.20729923248291016,0.21328969299793243,0.22330521047115326,,,,
47,hardest,0.066,sweep,shear,0.2,0.2,,0.5,124,125,0.029784977436065674,0.05755817890167236,0.22321783006191254,0.25914132595062256,0.25250330567359924,,,,
47,hardest,0.066,sweep,shear,0.3,0.3,,0.5,124,125,0.04289829730987549,0.07440638542175293,0.23377709090709686,0.31789639592170715,0.2736033797264099,,,,
47,hardest,0.066,ensemble,shear,,0.1,0.1,0.5,124,125,,,,,,0.021227383986115456,0.04911430552601814,0.14017991721630096,0.16315369307994843
47,hardest,0.066,ensemble,shear,,0.2,0.2,0.5,124,125,,,,,,0.053126320242881775,0.10261587053537369,0.2308606207370758,0.2865307331085205
47,hardest,0.066,ensemble,shear,,0.3,0.3,0.5,124,125,,,,,,0.07163555920124054,0.16627812385559082,0.3053736686706543,0.38891664147377014
47,hardest,0.066,sweep,rotation,0.0,0.0,,0.7,75,174,4.76837158203125e-07,4.76837158203125e-07,9.491618584434036e-07,4.061097769181288e-08,9.491618584434036e-07,,,,
47,hardest,0.066,sweep,rotation,5.0,5.0,,0.7,75,174,0.04893660545349121,0.11068177223205566,0.27461469173431396,0.41168004274368286,0.25290969014167786,,,,
47,hardest,0.066,sweep,rotation,10.0,10.0,,0.7,75,174,0.04690539836883545,0.13980132341384888,0.36475613713264465,0.5657885670661926,0.2501789629459381,,,,
47,hardest,0.066,sweep,rotation,20.0,20.0,,0.7,75,174,0.06612986326217651,0.110565185546875,0.45960453152656555,0.6555360555648804,0.2803928852081299,,,,
47,hardest,0.066,sweep,rotation,30.0,30.0,,0.7,75,174,0.0675700306892395,0.12367165088653564,0.5475242137908936,0.7051092386245728,0.3156086504459381,,,,
47,hardest,0.066,sweep,rotation,45.0,45.0,,0.7,75,174,0.15093755722045898,0.29189532995224,0.6385338306427002,0.7733250856399536,0.38080230355262756,,,,
47,hardest,0.066,ensemble,rotation,,10.0,10.0,0.7,75,174,,,,,,0.03311574086546898,0.06839007884263992,0.2753923535346985,0.3710666000843048
47,hardest,0.066,ensemble,rotation,,20.0,20.0,0.7,75,174,,,,,,0.039478909224271774,0.08146505802869797,0.37608733773231506,0.5056819319725037
47,hardest,0.066,ensemble,rotation,,30.0,30.0,0.7,75,174,,,,,,0.042908135801553726,0.10293944180011749,0.447056382894516,0.5838706493377686
47,hardest,0.066,sweep,translation,0.0,0.0,,0.7,75,174,4.76837158203125e-07,4.76837158203125e-07,9.491618584434036e-07,4.061097769181288e-08,9.491618584434036e-07,,,,
47,hardest,0.066,sweep,translation,1.0,1.0,,0.7,75,174,0.04077768325805664,0.08475363254547119,0.1994914412498474,0.436931848526001,0.17128275334835052,,,,
47,hardest,0.066,sweep,translation,2.0,2.0,,0.7,75,174,0.04527324438095093,0.10524821281433105,0.290477991104126,0.509854257106781,0.2053236961364746,,,,
47,hardest,0.066,sweep,translation,4.0,4.0,,0.7,75,174,0.05814671516418457,0.14568626880645752,0.3825121819972992,0.6143211722373962,0.23534412682056427,,,,
47,hardest,0.066,sweep,translation,6.0,6.0,,0.7,75,174,0.05445593595504761,0.17345857620239258,0.44583815336227417,0.6597799062728882,0.27915892004966736,,,,
47,hardest,0.066,sweep,translation,8.0,8.0,,0.7,75,174,0.06024789810180664,0.2542593479156494,0.481045663356781,0.7285997867584229,0.2798520028591156,,,,
47,hardest,0.066,ensemble,translation,,2.0,2.0,0.7,75,174,,,,,,0.04796809330582619,0.07784490287303925,0.3633373975753784,0.5354179739952087
47,hardest,0.066,ensemble,translation,,4.0,4.0,0.7,75,174,,,,,,0.05494438856840134,0.10990549623966217,0.4943941831588745,0.6212900876998901
47,hardest,0.066,ensemble,translation,,6.0,6.0,0.7,75,174,,,,,,0.0560954250395298,0.13644540309906006,0.564851701259613,0.7069923281669617
47,hardest,0.066,sweep,scaling,0.8,0.2231435513142097,,0.7,75,174,0.043369174003601074,0.1277734637260437,0.36548924446105957,0.5380970239639282,0.27753591537475586,,,,
47,hardest,0.066,sweep,scaling,0.9,0.10536051565782628,,0.7,75,174,0.0490187406539917,0.10296571254730225,0.2812287509441376,0.4287337064743042,0.2220706045627594,,,,
47,hardest,0.066,sweep,scaling,1.0,0.0,,0.7,75,174,4.76837158203125e-07,4.76837158203125e-07,9.491618584434036e-07,4.061097769181288e-08,9.491618584434036e-07,,,,
47,hardest,0.066,sweep,scaling,1.1,0.09531017980432493,,0.7,75,174,0.05285435914993286,0.10519611835479736,0.312841534614563,0.4076576232910156,0.2992163896560669,,,,
47,hardest,0.066,sweep,scaling,1.25,0.22314355131420976,,0.7,75,174,0.2115398645401001,0.1280447244644165,0.49838027358055115,0.6039036512374878,0.4148123562335968,,,,
47,hardest,0.066,sweep,scaling,1.5,0.4054651081081644,,0.7,75,174,0.11973035335540771,0.19880473613739014,0.7024885416030884,0.7858566641807556,0.615859866142273,,,,
47,hardest,0.066,ensemble,scaling,,0.1,0.1,0.7,75,174,,,,,,0.028710544109344482,0.05569282919168472,0.19764362275600433,0.24826233088970184
47,hardest,0.066,ensemble,scaling,,0.2,0.2,0.7,75,174,,,,,,0.05279828980565071,0.08160822838544846,0.30756378173828125,0.38061800599098206
47,hardest,0.066,ensemble,scaling,,0.3,0.3,0.7,75,174,,,,,,0.05776730924844742,0.1088750809431076,0.3982343077659607,0.46007445454597473
47,hardest,0.066,sweep,flip,0.0,0.0,,0.7,75,174,4.172325134277344e-07,5.364418029785156e-07,1.0022084779848228e-06,3.7192855018020055e-08,1.0022084779848228e-06,,,,
47,hardest,0.066,sweep,flip,1.0,1.0,,0.7,75,174,0.05654430389404297,0.1765669584274292,0.5117335319519043,0.7408860921859741,0.2846839725971222,,,,
47,hardest,0.066,sweep,shear,0.0,0.0,,0.7,75,174,4.172325134277344e-07,5.960464477539062e-07,1.0336350442230469e-06,4.489590565981416e-08,1.0336350442230469e-06,,,,
47,hardest,0.066,sweep,shear,0.05,0.05,,0.7,75,174,0.028102219104766846,0.07625442743301392,0.1429835706949234,0.10412736982107162,0.14873789250850677,,,,
47,hardest,0.066,sweep,shear,0.1,0.1,,0.7,75,174,0.030315935611724854,0.08399093151092529,0.16460463404655457,0.1746346652507782,0.16947203874588013,,,,
47,hardest,0.066,sweep,shear,0.2,0.2,,0.7,75,174,0.03915828466415405,0.10249477624893188,0.21630217134952545,0.32401901483535767,0.19687676429748535,,,,
47,hardest,0.066,sweep,shear,0.3,0.3,,0.7,75,174,0.05657529830932617,0.11072909832000732,0.2642119526863098,0.4117976427078247,0.23548246920108795,,,,
47,hardest,0.066,ensemble,shear,,0.1,0.1,0.7,75,174,,,,,,0.014490166679024696,0.033179450780153275,0.10643824934959412,0.10639514774084091
47,hardest,0.066,ensemble,shear,,0.2,0.2,0.7,75,174,,,,,,0.019744206219911575,0.0430721752345562,0.15154898166656494,0.21564066410064697
47,hardest,0.066,ensemble,shear,,0.3,0.3,0.7,75,174,,,,,,0.025941206142306328,0.05454099923372269,0.19990070164203644,0.29662463068962097
51,hardest,0.0615,sweep,rotation,0.0,0.0,,0.3,174,75,1.1920928955078125e-06,1.8477439880371094e-06,1.6425252624685527e-06,2.455581977756083e-07,1.6425252624685527e-06,,,,
51,hardest,0.0615,sweep,rotation,5.0,5.0,,0.3,174,75,0.03126716613769531,0.08086562156677246,0.14332552254199982,0.1674681305885315,0.23851898312568665,,,,
51,hardest,0.0615,sweep,rotation,10.0,10.0,,0.3,174,75,0.07212239503860474,0.12388694286346436,0.24181701242923737,0.32367706298828125,0.3503495454788208,,,,
51,hardest,0.0615,sweep,rotation,20.0,20.0,,0.3,174,75,0.052974820137023926,0.3103998303413391,0.4718339443206787,0.9364360570907593,0.5320523381233215,,,,
51,hardest,0.0615,sweep,rotation,30.0,30.0,,0.3,174,75,0.0815039873123169,0.3180272579193115,0.4834069609642029,0.9425058960914612,0.5519919395446777,,,,
51,hardest,0.0615,sweep,rotation,45.0,45.0,,0.3,174,75,0.07931762933731079,0.32956475019454956,0.48669928312301636,0.8702661991119385,0.5934156179428101,,,,
51,hardest,0.0615,ensemble,rotation,,10.0,10.0,0.3,174,75,,,,,,0.028869394212961197,0.08262985199689865,0.14758066833019257,0.1806388646364212
51,hardest,0.0615,ensemble,rotation,,20.0,20.0,0.3,174,75,,,,,,0.058891672641038895,0.21976664662361145,0.3683694005012512,0.6399930119514465
51,hardest,0.0615,ensemble,rotation,,30.0,30.0,0.3,174,75,,,,,,0.07051359117031097,0.2803562879562378,0.4715128242969513,0.878585696220398
51,hardest,0.0615,sweep,translation,0.0,0.0,,0.3,174,75,1.1920928955078125e-06,1.8477439880371094e-06,1.6425252624685527e-06,2.455581977756083e-07,1.6425252624685527e-06,,,,
51,hardest,0.0615,sweep,translation,1.0,1.0,,0.3,174,75,0.10232996940612793,0.2612708806991577,0.3713751435279846,0.6990418434143066,0.404178261756897,,,,
51,hardest,0.0615,sweep,translation,2.0,2.0,,0.3,174,75,0.05525100231170654,0.20232093334197998,0.3515094220638275,0.632299542427063,0.430819571018219,,,,
51,hardest,0.0615,sweep,translation,4.0,4.0,,0.3,174,75,0.058707356452941895,0.27720826864242554,0.4659861624240875,0.8333224058151245,0.5146700143814087,,,,
51,hardest,0.0615,sweep,translation,6.0,6.0,,0.3,174,75,0.06539064645767212,0.28523528575897217,0.4992022216320038,1.0318820476531982,0.5057233572006226,,,,
51,hardest,0.0615,sweep,translation,8.0,8.0,,0.3,174,75,0.05062258243560791,0.28637635707855225,0.4905668795108795,0.9753378033638,0.5184365510940552,,,,
51,hardest,0.0615,ensemble,translation,,2.0,2.0,0.3,174,75,,,,,,0.0735245794057846,0.1941734403371811,0.27352601289749146,0.4345844089984894
51,hardest,0.0615,ensemble,translation,,4.0,4.0,0.3,174,75,,,,,,0.06922022998332977,0.24125315248966217,0.38709574937820435,0.6972656846046448
51,hardest,0.0615,ensemble,translation,,6.0,6.0,0.3,174,75,,,,,,0.09715248644351959,0.30872902274131775,0.4214373826980591,0.7710950374603271
51,hardest,0.0615,sweep,scaling,0.8,0.2231435513142097,,0.3,174,75,0.06250971555709839,0.1872159242630005,0.3334602117538452,0.5604696273803711,0.39614367485046387,,,,
51,hardest,0.0615,sweep,scaling,0.9,0.10536051565782628,,0.3,174,75,0.036310434341430664,0.1718733310699463,0.21333768963813782,0.2848719358444214,0.2806263864040375,,,,
51,hardest,0.0615,sweep,scaling,1.0,0.0,,0.3,174,75,1.1920928955078125e-06,1.8477439880371094e-06,1.6425252624685527e-06,2.455581977756083e-07,1.6425252624685527e-06,,,,
51,hardest,0.0615,sweep,scaling,1.1,0.09531017980432493,,0.3,174,75,0.08985352516174316,0.15098869800567627,0.2990069091320038,0.4281519949436188,0.3783476948738098,,,,
51,hardest,0.0615,sweep,scaling,1.25,0.22314355131420976,,0.3,174,75,0.052379608154296875,0.16629081964492798,0.29813581705093384,0.4785025715827942,0.45900869369506836,,,,
51,hardest,0.0615,sweep,scaling,1.5,0.4054651081081644,,0.3,174,75,0.1928882598876953,0.6785696148872375,0.6150156259536743,1.2408618927001953,0.6850166320800781,,,,
51,hardest,0.0615,ensemble,scaling,,0.1,0.1,0.3,174,75,,,,,,0.04787717014551163,0.11297808587551117,0.20748783648014069,0.27912917733192444
51,hardest,0.0615,ensemble,scaling,,0.2,0.2,0.3,174,75,,,,,,0.06045663729310036,0.15619653463363647,0.29636889696121216,0.45610690116882324
51,hardest,0.0615,ensemble,scaling,,0.3,0.3,0.3,174,75,,,,,,0.09039810299873352,0.267558217048645,0.41393548250198364,0.7087924480438232
51,hardest,0.0615,sweep,flip,0.0,0.0,,0.3,174,75,1.0132789611816406e-06,1.3113021850585938e-06,2.1825987914780853e-06,3.4561296047286305e-07,2.1825987914780853e-06,,,,
51,hardest,0.0615,sweep,flip,1.0,1.0,,0.3,174,75,0.09555089473724365,0.3671090006828308,0.5030376315116882,0.7472456097602844,0.47525057196617126,,,,
51,hardest,0.0615,sweep,shear,0.0,0.0,,0.3,174,75,5.0067901611328125e-06,8.940696716308594e-07,1.5035128626550431e-06,1.8132064383280522e-07,1.5035128626550431e-06,,,,
51,hardest,0.0615,sweep,shear,0.05,0.05,,0.3,174,75,0.01368403434753418,0.03730034828186035,0.0763361006975174,0.06419719010591507,0.11687637120485306,,,,
51,hardest,0.0615,sweep,shear,0.1,0.1,,0.3,174,75,0.03744912147521973,0.15692949295043945,0.15770822763442993,0.17209690809249878,0.2114761471748352,,,,
51,hardest,0.0615,sweep,shear,0.2,0.2,,0.3,174,75,0.023403525352478027,0.057844460010528564,0.11874095350503922,0.12326251715421677,0.260623574256897,,,,
51,hardest,0.0615,sweep,shear,0.3,0.3,,0.3,174,75,0.01701253652572632,0.07094842195510864,0.12644796073436737,0.13178645074367523,0.3349027931690216,,,,
51,hardest,0.0615,ensemble,shear,,0.1,0.1,0.3,174,75,,,,,,0.03057958371937275,0.12241074442863464,0.1527549922466278,0.20526538789272308
51,hardest,0.0615,ensemble,shear,,0.2,0.2,0.3,174,75,,,,,,0.04768333211541176,0.1471753865480423,0.21070364117622375,0.32687339186668396
51,hardest,0.0615,ensemble,shear,,0.3,0.3,0.3,174,75,,,,,,0.05435066670179367,0.17350392043590546,0.2729220390319824,0.4353989064693451
51,hardest,0.0615,sweep,rotation,0.0,0.0,,0.5,124,125,1.1205673217773438e-05,8.940696716308594e-07,9.130807825386e-07,1.1330870108849922e-07,9.130807825386e-07,,,,
51,hardest,0.0615,sweep,rotation,5.0,5.0,,0.5,124,125,0.03248763084411621,0.09781038761138916,0.28294435143470764,0.4371720254421234,0.23666192591190338,,,,
51,hardest,0.0615,sweep,rotation,10.0,10.0,,0.5,124,125,0.042123377323150635,0.21503031253814697,0.3862631320953369,0.6314823627471924,0.28284403681755066,,,,
51,hardest,0.0615,sweep,rotation,20.0,20.0,,0.5,124,125,0.05776125192642212,0.1888347864151001,0.49518346786499023,0.7387989163398743,0.32390081882476807,,,,
51,hardest,0.0615,sweep,rotation,30.0,30.0,,0.5,124,125,0.05795031785964966,0.28556835651397705,0.5289913415908813,0.9563441276550293,0.35322698950767517,,,,
51,hardest,0.0615,sweep,rotation,45.0,45.0,,0.5,124,125,0.09436368942260742,0.28998255729675293,0.4998219609260559,0.831135630607605,0.37133073806762695,,,,
51,hardest,0.0615,ensemble,rotation,,10.0,10.0,0.5,124,125,,,,,,0.04673100635409355,0.1309485286474228,0.2864018976688385,0.41915813088417053
51,hardest,0.0615,ensemble,rotation,,20.0,20.0,0.5,124,125,,,,,,0.0524875707924366,0.16611985862255096,0.4163214862346649,0.60028076171875
51,hardest,0.0615,ensemble,rotation,,30.0,30.0,0.5,124,125,,,,,,0.0543806329369545,0.24001067876815796,0.48275670409202576,0.7031341791152954
51,hardest,0.0615,sweep,translation,0.0,0.0,,0.5,124,125,1.1205673217773438e-05,8.940696716308594e-07,9.130807825386e-07,1.1330870108849922e-07,9.130807825386e-07,,,,
51,hardest,0.0615,sweep,translation,1.0,1.0,,0.5,124,125,0.03933459520339966,0.12328386306762695,0.2566574215888977,0.3773649036884308,0.22856637835502625,,,,
51,hardest,0.0615,sweep,translation,2.0,2.0,,0.5,124,125,0.026946544647216797,0.14366966485977173,0.3475215435028076,0.5741875171661377,0.19970202445983887,,,,
51,hardest,0.0615,sweep,translation,4.0,4.0,,0.5,124,125,0.04259157180786133,0.2671620845794678,0.47879210114479065,0.818718671798706,0.2794366776943207,,,,
51,hardest,0.0615,sweep,translation,6.0,6.0,,0.5,124,125,0.0537945032119751,0.28137505054473877,0.516845703125,0.9273817539215088,0.2585819959640503,,,,
51,hardest,0.0615,sweep,translation,8.0,8.0,,0.5,124,125,0.08923256397247314,0.3643947243690491,0.5376416444778442,0.976763129234314,0.2419513463973999,,,,
51,hardest,0.0615,ensemble,translation,,2.0,2.0,0.5,124,125,,,,,,0.04863390699028969,0.1417582631111145,0.33684757351875305,0.4962776303291321
51,hardest,0.0615,ensemble,translation,,4.0,4.0,0.5,124,125,,,,,,0.04978959634900093,0.19962197542190552,0.4291537404060364,0.640837550163269
51,hardest,0.0615,ensemble,translation,,6.0,6.0,0.5,124,125,,,,,,0.07943296432495117,0.2648191750049591,0.49404799938201904,0.7951006293296814
51,hardest,0.0615,sweep,scaling,0.8,0.2231435513142097,,0.5,124,125,0.03264099359512329,0.16337549686431885,0.37018758058547974,0.5592673420906067,0.2670207619667053,,,,
51,hardest,0.0615,sweep,scaling,0.9,0.10536051565782628,,0.5,124,125,0.03473097085952759,0.11498439311981201,0.25278568267822266,0.3852767050266266,0.21504218876361847,,,,
51,hardest,0.0615,sweep,scaling,1.0,0.0,,0.5,124,125,1.1205673217773438e-05,8.940696716308594e-07,9.130807825386e-07,1.1330870108849922e-07,9.130807825386e-07,,,,
51,hardest,0.0615,sweep,scaling,1.1,0.09531017980432493,,0.5,124,125,0.0287015438079834,0.18237602710723877,0.3197445273399353,0.4234778881072998,0.2998673915863037,,,,
51,hardest,0.0615,sweep,scaling,1.25,0.22314355131420976,,0.5,124,125,0.06522083282470703,0.2727797031402588,0.449088990688324,0.6652712821960449,0.41200393438339233,,,,
51,hardest,0.0615,sweep,scaling,1.5,0.4054651081081644,,0.5,124,125,0.0938534140586853,0.32958048582077026,0.5642596483230591,1.053617238998413,0.5478730201721191,,,,
51,hardest,0.0615,ensemble,scaling,,0.1,0.1,0.5,124,125,,,,,,0.03684491664171219,0.10767439752817154,0.21897169947624207,0.2671000361442566
51,hardest,0.0615,ensemble,scaling,,0.2,0.2,0.5,124,125,,,,,,0.041535984724760056,0.14078931510448456,0.3137952387332916,0.4256165623664856
51,hardest,0.0615,ensemble,scaling,,0.3,0.3,0.5,124,125,,,,,,0.05044782534241676,0.1803400069475174,0.36370784044265747,0.5187002420425415
51,hardest,0.0615,sweep,flip,0.0,0.0,,0.5,124,125,1.7881393432617188e-07,7.152557373046875e-07,8.74840793585463e-07,1.2138912097725552e-07,8.74840793585463e-07,,,,
51,hardest,0.0615,sweep,flip,1.0,1.0,,0.5,124,125,0.04420125484466553,0.23901867866516113,0.6208379864692688,1.157824993133545,0.28610628843307495,,,,
51,hardest,0.0615,sweep,shear,0.0,0.0,,0.5,124,125,9.179115295410156e-06,6.556510925292969e-07,9.217035881192714e-07,2.5588980179236387e-07,9.217035881192714e-07,,,,
51,hardest,0.0615,sweep,shear,0.05,0.05,,0.5,124,125,0.03246784210205078,0.05772042274475098,0.13992585241794586,0.19663862884044647,0.1274891197681427,,,,
51,hardest,0.0615,sweep,shear,0.1,0.1,,0.5,124,125,0.04554307460784912,0.10266125202178955,0.24983587861061096,0.33763712644577026,0.20221279561519623,,,,
51,hardest,0.0615,sweep,shear,0.2,0.2,,0.5,124,125,0.04570072889328003,0.22805571556091309,0.3381751477718353,0.5084550380706787,0.27133288979530334,,,,
51,hardest,0.0615,sweep,shear,0.3,0.3,,0.5,124,125,0.09837973117828369,0.2262217402458191,0.4002067446708679,0.6585298776626587,0.28873202204704285,,,,
51,hardest,0.0615,ensemble,shear,,0.1,0.1,0.5,124,125,,,,,,0.02914620004594326,0.06832055002450943,0.1671416163444519,0.2165623903274536
51,hardest,0.0615,ensemble,shear,,0.2,0.2,0.5,124,125,,,,,,0.039243780076503754,0.11469626426696777,0.2451748251914978,0.35744935274124146
51,hardest,0.0615,ensemble,shear,,0.3,0.3,0.5,124,125,,,,,,0.05138020217418671,0.14859996736049652,0.2959606349468231,0.4603732228279114
51,hardest,0.0615,sweep,rotation,0.0,0.0,,0.7,75,174,8.344650268554688e-06,1.0728836059570312e-06,1.0040554343504482e-06,6.80305447531282e-08,1.0040554343504482e-06,,,,
51,hardest,0.0615,sweep,rotation,5.0,5.0,,0.7,75,174,0.036835312843322754,0.12476766109466553,0.22939690947532654,0.4041445255279541,0.16738268733024597,,,,
51,hardest,0.0615,sweep,rotation,10.0,10.0,,0.7,75,174,0.07356220483779907,0.11968863010406494,0.3250534236431122,0.6047183871269226,0.18083468079566956,,,,
51,hardest,0.0615,sweep,rotation,20.0,20.0,,0.7,75,174,0.07542550563812256,0.1621640920639038,0.43623974919319153,0.7113735675811768,0.21377849578857422,,,,
51,hardest,0.0615,sweep,rotation,30.0,30.0,,0.7,75,174,0.12588703632354736,0.17715883255004883,0.5227273106575012,0.8536723852157593,0.26682648062705994,,,,
51,hardest,0.0615,sweep,rotation,45.0,45.0,,0.7,75,174,0.1561434268951416,0.2995818853378296,0.5382686853408813,0.9146757125854492,0.30766168236732483,,,,
51,hardest,0.0615,ensemble,rotation,,10.0,10.0,0.7,75,174,,,,,,0.046197544783353806,0.13326573371887207,0.25138843059539795,0.4009401500225067
51,hardest,0.0615,ensemble,rotation,,20.0,20.0,0.7,75,174,,,,,,0.04748808592557907,0.15568694472312927,0.3595412075519562,0.5733559727668762
51,hardest,0.0615,ensemble,rotation,,30.0,30.0,0.7,75,174,,,,,,0.07092534005641937,0.2000659555196762,0.41190633177757263,0.6742570996284485
51,hardest,0.0615,sweep,translation,0.0,0.0,,0.7,75,174,8.344650268554688e-06,1.0728836059570312e-06,1.0040554343504482e-06,6.80305447531282e-08,1.0040554343504482e-06,,,,
51,hardest,0.0615,sweep,translation,1.0,1.0,,0.7,75,174,0.019935965538024902,0.0914384126663208,0.21687175333499908,0.4153805375099182,0.15563347935676575,,,,
51,hardest,0.0615,sweep,translation,2.0,2.0,,0.7,75,174,0.04050689935684204,0.11224091053009033,0.3250601887702942,0.6409945487976074,0.14900889992713928,,,,
51,hardest,0.0615,sweep,translation,4.0,4.0,,0.7,75,174,0.05562537908554077,0.16960912942886353,0.4487701654434204,0.807037353515625,0.15488749742507935,,,,
51,hardest,0.0615,sweep,translation,6.0,6.0,,0.7,75,174,0.07930290699005127,0.30318886041641235,0.49000847339630127,0.907024621963501,0.16746188700199127,,,,
51,hardest,0.0615,sweep,translation,8.0,8.0,,0.7,75,174,0.06159085035324097,0.21045136451721191,0.494668573141098,0.9231282472610474,0.1775396764278412,,,,
51,hardest,0.0615,ensemble,translation,,2.0,2.0,0.7,75,174,,,,,,0.05861414223909378,0.14275434613227844,0.2953066825866699,0.48104602098464966
51,hardest,0.0615,ensemble,translation,,4.0,4.0,0.7,75,174,,,,,,0.05701810494065285,0.1744966357946396,0.4068707227706909,0.6373394131660461
51,hardest,0.0615,ensemble,translation,,6.0,6.0,0.7,75,174,,,,,,0.08265523612499237,0.194182887673378,0.48807454109191895,0.7783159613609314
51,hardest,0.0615,sweep,scaling,0.8,0.2231435513142097,,0.7,75,174,0.0954359769821167,0.19251805543899536,0.3654801845550537,0.5586380958557129,0.24255846440792084,,,,
51,hardest,0.0615,sweep,scaling,0.9,0.10536051565782628,,0.7,75,174,0.04840672016143799,0.11925458908081055,0.24735267460346222,0.3793278932571411,0.19333913922309875,,,,
51,hardest,0.0615,sweep,scaling,1.0,0.0,,0.7,75,174,8.344650268554688e-06,1.0728836059570312e-06,1.0040554343504482e-06,6.80305447531282e-08,1.0040554343504482e-06,,,,
51,hardest,0.0615,sweep,scaling,1.1,0.09531017980432493,,0.7,75,174,0.0676114559173584,0.1200825572013855,0.22340336441993713,0.36762088537216187,0.2064048945903778,,,,
51,hardest,0.0615,sweep,scaling,1.25,0.22314355131420976,,0.7,75,174,0.05704545974731445,0.16862523555755615,0.4184546172618866,0.6914411783218384,0.30311819911003113,,,,
51,hardest,0.0615,sweep,scaling,1.5,0.4054651081081644,,0.7,75,174,0.12318253517150879,0.26482975482940674,0.6274531483650208,0.9548723697662354,0.48768284916877747,,,,
51,hardest,0.0615,ensemble,scaling,,0.1,0.1,0.7,75,174,,,,,,0.031497254967689514,0.1041671559214592,0.16713644564151764,0.23366239666938782
51,hardest,0.0615,ensemble,scaling,,0.2,0.2,0.7,75,174,,,,,,0.04343058541417122,0.11794237792491913,0.26747041940689087,0.40215256810188293
51,hardest,0.0615,ensemble,scaling,,0.3,0.3,0.7,75,174,,,,,,0.05490894988179207,0.17029088735580444,0.3580488860607147,0.5420119762420654
51,hardest,0.0615,sweep,flip,0.0,0.0,,0.7,75,174,4.76837158203125e-07,8.344650268554688e-07,8.173025207725004e-07,6.684683739877073e-08,8.173025207725004e-07,,,,
51,hardest,0.0615,sweep,flip,1.0,1.0,,0.7,75,174,0.023918092250823975,0.25025153160095215,0.5960062742233276,1.1672327518463135,0.18711230158805847,,,,
51,hardest,0.0615,sweep,shear,0.0,0.0,,0.7,75,174,1.9550323486328125e-05,1.430511474609375e-06,8.781189535511658e-07,7.84138123322009e-08,8.781189535511658e-07,,,,
51,hardest,0.0615,sweep,shear,0.05,0.05,,0.7,75,174,0.021541237831115723,0.06854379177093506,0.11980762332677841,0.139334037899971,0.11209940910339355,,,,
51,hardest,0.0615,sweep,shear,0.1,0.1,,0.7,75,174,0.02909761667251587,0.09355837106704712,0.1918615698814392,0.28788119554519653,0.1607111543416977,,,,
51,hardest,0.0615,sweep,shear,0.2,0.2,,0.7,75,174,0.05396932363510132,0.13698041439056396,0.27289777994155884,0.47215792536735535,0.2004433125257492,,,,
51,hardest,0.0615,sweep,shear,0.3,0.3,,0.7,75,174,0.03561365604400635,0.16027581691741943,0.34443730115890503,0.5869870781898499,0.20989660918712616,,,,
51,hardest,0.0615,ensemble,shear,,0.1,0.1,0.7,75,174,,,,,,0.024309145286679268,0.06751520931720734,0.12421788275241852,0.16691501438617706
51,hardest,0.0615,ensemble,shear,,0.2,0.2,0.7,75,174,,,,,,0.038656577467918396,0.09950416535139084,0.1858832985162735,0.311678022146225
51,hardest,0.0615,ensemble,shear,,0.3,0.3,0.7,75,174,,,,,,0.044712264090776443,0.11680976301431656,0.24842874705791473,0.4078928828239441
33,hardest,0.061,sweep,rotation,0.0,0.0,,0.3,174,75,7.212162017822266e-06,6.9141387939453125e-06,3.0034509109100327e-05,3.2314724194293376e-06,3.0034509109100327e-05,,,,
33,hardest,0.061,sweep,rotation,5.0,5.0,,0.3,174,75,0.029047727584838867,0.09609156847000122,0.22462385892868042,0.13920533657073975,0.25280606746673584,,,,
33,hardest,0.061,sweep,rotation,10.0,10.0,,0.3,174,75,0.03284299373626709,0.17688322067260742,0.30632123351097107,0.20995530486106873,0.31625205278396606,,,,
33,hardest,0.061,sweep,rotation,20.0,20.0,,0.3,174,75,0.03217953443527222,0.14402365684509277,0.2863367199897766,0.19725561141967773,0.3416854441165924,,,,
33,hardest,0.061,sweep,rotation,30.0,30.0,,0.3,174,75,0.04021543264389038,0.15671098232269287,0.26347458362579346,0.16976314783096313,0.35608336329460144,,,,
33,hardest,0.061,sweep,rotation,45.0,45.0,,0.3,174,75,0.024339795112609863,0.22397756576538086,0.35484790802001953,0.23576225340366364,0.4218940734863281,,,,
33,hardest,0.061,ensemble,rotation,,10.0,10.0,0.3,174,75,,,,,,0.03733832761645317,0.1692868024110794,0.28043121099472046,0.2341495305299759
33,hardest,0.061,ensemble,rotation,,20.0,20.0,0.3,174,75,,,,,,0.049383703619241714,0.18029114603996277,0.35179442167282104,0.36581307649612427
33,hardest,0.061,ensemble,rotation,,30.0,30.0,0.3,174,75,,,,,,0.055015239864587784,0.19914692640304565,0.3585083782672882,0.377381831407547
33,hardest,0.061,sweep,translation,0.0,0.0,,0.3,174,75,7.212162017822266e-06,6.9141387939453125e-06,3.0034509109100327e-05,3.2314724194293376e-06,3.0034509109100327e-05,,,,
33,hardest,0.061,sweep,translation,1.0,1.0,,0.3,174,75,0.03907054662704468,0.20019423961639404,0.30643320083618164,0.2170972228050232,0.32252252101898193,,,,
33,hardest,0.061,sweep,translation,2.0,2.0,,0.3,174,75,0.031111955642700195,0.1361660361289978,0.24383139610290527,0.16204668581485748,0.2869105339050293,,,,
33,hardest,0.061,sweep,translation,4.0,4.0,,0.3,174,75,0.042305588722229004,0.15950614213943481,0.2280128002166748,0.1680840253829956,0.30584630370140076,,,,
33,hardest,0.061,sweep,translation,6.0,6.0,,0.3,174,75,0.061996519565582275,0.271115779876709,0.39153334498405457,0.3596789240837097,0.46178755164146423,,,,
33,hardest,0.061,sweep,translation,8.0,8.0,,0.3,174,75,0.06659853458404541,0.23510712385177612,0.35268598794937134,0.32907888293266296,0.46064093708992004,,,,
33,hardest,0.061,ensemble,translation,,2.0,2.0,0.3,174,75,,,,,,0.054618578404188156,0.1980012208223343,0.29050251841545105,0.253018319606781
33,hardest,0.061,ensemble,translation,,4.0,4.0,0.3,174,75,,,,,,0.039587583392858505,0.16505400836467743,0.3226660490036011,0.2812543511390686
33,hardest,0.061,ensemble,translation,,6.0,6.0,0.3,174,75,,,,,,0.037747256457805634,0.18215687572956085,0.3774779438972473,0.37606194615364075
33,hardest,0.061,sweep,scaling,0.8,0.2231435513142097,,0.3,174,75,0.04095858335494995,0.1676434874534607,0.267751008272171,0.19321691989898682,0.34162646532058716,,,,
33,hardest,0.061,sweep,scaling,0.9,0.10536051565782628,,0.3,174,75,0.03204703330993652,0.11253750324249268,0.2473965883255005,0.15318188071250916,0.27898967266082764,,,,
33,hardest,0.061,sweep,scaling,1.0,0.0,,0.3,174,75,7.212162017822266e-06,6.9141387939453125e-06,3.0034509109100327e-05,3.2314724194293376e-06,3.0034509109100327e-05,,,,
33,hardest,0.061,sweep,scaling,1.1,0.09531017980432493,,0.3,174,75,0.012498140335083008,0.05600404739379883,0.04460999369621277,0.035685233771800995,0.0969695895910263,,,,
33,hardest,0.061,sweep,scaling,1.25,0.22314355131420976,,0.3,174,75,0.04416316747665405,0.17466121912002563,0.2998121380805969,0.22524631023406982,0.3498362898826599,,,,
33,hardest,0.061,sweep,scaling,1.5,0.4054651081081644,,0.3,174,75,0.04269993305206299,0.14345157146453857,0.19438211619853973,0.1363789588212967,0.3384321331977844,,,,
33,hardest,0.061,ensemble,scaling,,0.1,0.1,0.3,174,75,,,,,,0.018805205821990967,0.07486542314291,0.1571296900510788,0.09800256788730621
33,hardest,0.061,ensemble,scaling,,0.2,0.2,0.3,174,75,,,,,,0.031106537207961082,0.10984208434820175,0.2384072095155716,0.1801581084728241
33,hardest,0.061,ensemble,scaling,,0.3,0.3,0.3,174,75,,,,,,0.02994079887866974,0.09800980985164642,0.2125708907842636,0.15436632931232452
33,hardest,0.061,sweep,flip,0.0,0.0,,0.3,174,75,0.0022411346435546875,0.003688991069793701,0.005994606763124466,0.002719749230891466,0.005994606763124466,,,,
33,hardest,0.061,sweep,flip,1.0,1.0,,0.3,174,75,0.030116021633148193,0.16754281520843506,0.268096923828125,0.17320957779884338,0.36481767892837524,,,,
33,hardest,0.061,sweep,shear,0.0,0.0,,0.3,174,75,2.384185791015625e-06,1.9073486328125e-06,4.994463779439684e-06,4.727379518953967e-07,4.994463779439684e-06,,,,
33,hardest,0.061,sweep,shear,0.05,0.05,,0.3,174,75,0.04133647680282593,0.07508444786071777,0.15835872292518616,0.09372935444116592,0.1703455150127411,,,,
33,hardest,0.061,sweep,shear,0.1,0.1,,0.3,174,75,0.04190635681152344,0.23626458644866943,0.2867177724838257,0.18808363378047943,0.29001277685165405,,,,
33,hardest,0.061,sweep,shear,0.2,0.2,,0.3,174,75,0.06627082824707031,0.251079261302948,0.46370983123779297,0.4681515097618103,0.45767873525619507,,,,
33,hardest,0.061,sweep,shear,0.3,0.3,,0.3,174,75,0.0608675479888916,0.26384055614471436,0.47699329257011414,0.5134158730506897,0.4736085832118988,,,,
33,hardest,0.061,ensemble,shear,,0.1,0.1,0.3,174,75,,,,,,0.03362687677145004,0.12889212369918823,0.21519508957862854,0.13840427994728088
33,hardest,0.061,ensemble,shear,,0.2,0.2,0.3,174,75,,,,,,0.045082930475473404,0.16268955171108246,0.29963183403015137,0.25101518630981445
33,hardest,0.061,ensemble,shear,,0.3,0.3,0.3,174,75,,,,,,0.0457911416888237,0.17688623070716858,0.2985738515853882,0.2773182988166809
33,hardest,0.061,sweep,rotation,0.0,0.0,,0.5,124,125,1.0132789611816406e-06,1.5497207641601562e-06,1.684864059825486e-06,1.8604589513415704e-07,1.684864059825486e-06,,,,
33,hardest,0.061,sweep,rotation,5.0,5.0,,0.5,124,125,0.03961217403411865,0.28379833698272705,0.22818708419799805,0.19550274312496185,0.2296244502067566,,,,
33,hardest,0.061,sweep,rotation,10.0,10.0,,0.5,124,125,0.024641096591949463,0.15440285205841064,0.2328220158815384,0.2103939801454544,0.23493698239326477,,,,
33,hardest,0.061,sweep,rotation,20.0,20.0,,0.5,124,125,0.0425872802734375,0.16812491416931152,0.3178328573703766,0.29680871963500977,0.2738277316093445,,,,
33,hardest,0.061,sweep,rotation,30.0,30.0,,0.5,124,125,0.04793703556060791,0.17581236362457275,0.26714879274368286,0.306063711643219,0.2956366539001465,,,,
33,hardest,0.061,sweep,rotation,45.0,45.0,,0.5,124,125,0.033029139041900635,0.19042396545410156,0.27996817231178284,0.3201533854007721,0.3047525882720947,,,,
33,hardest,0.061,ensemble,rotation,,10.0,10.0,0.5,124,125,,,,,,0.04515300691127777,0.18775150179862976,0.15779757499694824,0.14193135499954224
33,hardest,0.061,ensemble,rotation,,20.0,20.0,0.5,124,125,,,,,,0.044330522418022156,0.2130717933177948,0.22547690570354462,0.19965332746505737
33,hardest,0.061,ensemble,rotation,,30.0,30.0,0.5,124,125,,,,,,0.06288229674100876,0.2369864135980606,0.21608993411064148,0.2101895958185196
33,hardest,0.061,sweep,translation,0.0,0.0,,0.5,124,125,1.0132789611816406e-06,1.5497207641601562e-06,1.684864059825486e-06,1.8604589513415704e-07,1.684864059825486e-06,,,,
33,hardest,0.061,sweep,translation,1.0,1.0,,0.5,124,125,0.055417656898498535,0.21636784076690674,0.2403867244720459,0.2403908669948578,0.24675531685352325,,,,
33,hardest,0.061,sweep,translation,2.0,2.0,,0.5,124,125,0.09101194143295288,0.21704542636871338,0.2650681138038635,0.24103954434394836,0.26911461353302,,,,
33,hardest,0.061,sweep,translation,4.0,4.0,,0.5,124,125,0.08454370498657227,0.11502993106842041,0.2599552273750305,0.2541379928588867,0.3153322637081146,,,,
33,hardest,0.061,sweep,translation,6.0,6.0,,0.5,124,125,0.09254592657089233,0.1833869218826294,0.354043573141098,0.3600936532020569,0.40091943740844727,,,,
33,hardest,0.061,sweep,translation,8.0,8.0,,0.5,124,125,0.0503230094909668,0.2519960403442383,0.3488873541355133,0.34513789415359497,0.3424413800239563,,,,
33,hardest,0.061,ensemble,translation,,2.0,2.0,0.5,124,125,,,,,,0.03292343020439148,0.15939953923225403,0.18523992598056793,0.18640123307704926
33,hardest,0.061,ensemble,translation,,4.0,4.0,0.5,124,125,,,,,,0.059247810393571854,0.19549237191677094,0.23505178093910217,0.24847419559955597
33,hardest,0.061,ensemble,translation,,6.0,6.0,0.5,124,125,,,,,,0.08441910147666931,0.25999489426612854,0.2847542464733124,0.2920951843261719
33,hardest,0.061,sweep,scaling,0.8,0.2231435513142097,,0.5,124,125,0.08368295431137085,0.35986238718032837,0.2422589361667633,0.20645946264266968,0.19079115986824036,,,,
33,hardest,0.061,sweep,scaling,0.9,0.10536051565782628,,0.5,124,125,0.03210747241973877,0.23010563850402832,0.24696318805217743,0.22948475182056427,0.21073053777217865,,,,
33,hardest,0.061,sweep,scaling,1.0,0.0,,0.5,124,125,1.0132789611816406e-06,1.5497207641601562e-06,1.684864059825486e-06,1.8604589513415704e-07,1.684864059825486e-06,,,,
33,hardest,0.061,sweep,scaling,1.1,0.09531017980432493,,0.5,124,125,0.038102149963378906,0.27492380142211914,0.23454979062080383,0.23869773745536804,0.24909229576587677,,,,
33,hardest,0.061,sweep,scaling,1.25,0.22314355131420976,,0.5,124,125,0.05770975351333618,0.1950972080230713,0.2693040668964386,0.30451899766921997,0.2964003086090088,,,,
33,hardest,0.061,sweep,scaling,1.5,0.4054651081081644,,0.5,124,125,0.05200338363647461,0.2142934799194336,0.32137903571128845,0.37217608094215393,0.3704495429992676,,,,
33,hardest,0.061,ensemble,scaling,,0.1,0.1,0.5,124,125,,,,,,0.033007338643074036,0.1347184032201767,0.12554322183132172,0.11413250118494034
33,hardest,0.061,ensemble,scaling,,0.2,0.2,0.5,124,125,,,,,,0.046473972499370575,0.14754341542720795,0.16683295369148254,0.15481407940387726
33,hardest,0.061,ensemble,scaling,,0.3,0.3,0.5,124,125,,,,,,0.05306406691670418,0.19893643260002136,0.18944641947746277,0.17359299957752228
33,hardest,0.061,sweep,flip,0.0,0.0,,0.5,124,125,4.649162292480469e-06,1.7285346984863281e-06,1.6284545836242614e-06,1.7688189757336659e-07,1.6284545836242614e-06,,,,
33,hardest,0.061,sweep,flip,1.0,1.0,,0.5,124,125,0.08504575490951538,0.20235860347747803,0.3848520517349243,0.3333594799041748,0.26382896304130554,,,,
33,hardest,0.061,sweep,shear,0.0,0.0,,0.5,124,125,1.0728836059570312e-06,9.5367431640625e-07,7.217225288513873e-07,6.045695499778958e-08,7.217225288513873e-07,,,,
33,hardest,0.061,sweep,shear,0.05,0.05,,0.5,124,125,0.06294429302215576,0.21458053588867188,0.22089964151382446,0.21598434448242188,0.2167285978794098,,,,
33,hardest,0.061,sweep,shear,0.1,0.1,,0.5,124,125,0.07153588533401489,0.20778882503509521,0.26707321405410767,0.29484421014785767,0.264691561460495,,,,
33,hardest,0.061,sweep,shear,0.2,0.2,,0.5,124,125,0.05575764179229736,0.23147249221801758,0.29353299736976624,0.3287389278411865,0.2956518530845642,,,,
33,hardest,0.061,sweep,shear,0.3,0.3,,0.5,124,125,0.0670933723449707,0.2275816798210144,0.28144145011901855,0.31228262186050415,0.2880936861038208,,,,
33,hardest,0.061,ensemble,shear,,0.1,0.1,0.5,124,125,,,,,,0.046151116490364075,0.1824052482843399,0.1666041612625122,0.15355859696865082
33,hardest,0.061,ensemble,shear,,0.2,0.2,0.5,124,125,,,,,,0.05257599800825119,0.18524746596813202,0.1578330099582672,0.15660957992076874
33,hardest,0.061,ensemble,shear,,0.3,0.3,0.5,124,125,,,,,,0.04641839489340782,0.15897893905639648,0.1351436972618103,0.14277514815330505
33,hardest,0.061,sweep,rotation,0.0,0.0,,0.7,75,174,3.993511199951172e-06,7.3909759521484375e-06,1.8804262253979687e-06,2.2102074126451043e-07,1.8804262253979687e-06,,,,
33,hardest,0.061,sweep,rotation,5.0,5.0,,0.7,75,174,0.05527913570404053,0.17519843578338623,0.1258663386106491,0.09776396304368973,0.11448119580745697,,,,
33,hardest,0.061,sweep,rotation,10.0,10.0,,0.7,75,174,0.0568731427192688,0.1511828899383545,0.14814846217632294,0.12745842337608337,0.12046866118907928,,,,
33,hardest,0.061,sweep,rotation,20.0,20.0,,0.7,75,174,0.06475949287414551,0.26407551765441895,0.222450852394104,0.17770607769489288,0.13831660151481628,,,,
33,hardest,0.061,sweep,rotation,30.0,30.0,,0.7,75,174,0.07101619243621826,0.26235485076904297,0.2641456723213196,0.2186214178800583,0.16895176470279694,,,,
33,hardest,0.061,sweep,rotation,45.0,45.0,,0.7,75,174,0.06011521816253662,0.2735264301300049,0.2969694137573242,0.259506493806839,0.15441155433654785,,,,
33,hardest,0.061,ensemble,rotation,,10.0,10.0,0.7,75,174,,,,,,0.03557325527071953,0.15146541595458984,0.12587466835975647,0.105699822306633
33,hardest,0.061,ensemble,rotation,,20.0,20.0,0.7,75,174,,,,,,0.03230827674269676,0.18172472715377808,0.17043526470661163,0.14712819457054138
33,hardest,0.061,ensemble,rotation,,30.0,30.0,0.7,75,174,,,,,,0.039190005511045456,0.2099497765302658,0.2087344527244568,0.17744119465351105
33,hardest,0.061,sweep,translation,0.0,0.0,,0.7,75,174,3.993511199951172e-06,7.3909759521484375e-06,1.8804262253979687e-06,2.2102074126451043e-07,1.8804262253979687e-06,,,,
33,hardest,0.061,sweep,translation,1.0,1.0,,0.7,75,174,0.044571876525878906,0.11362415552139282,0.12005110085010529,0.1337902843952179,0.09647372364997864,,,,
33,hardest,0.061,sweep,translation,2.0,2.0,,0.7,75,174,0.05775737762451172,0.10448086261749268,0.14402557909488678,0.1651567816734314,0.10845645517110825,,,,
33,hardest,0.061,sweep,translation,4.0,4.0,,0.7,75,174,0.052584052085876465,0.14233273267745972,0.24078619480133057,0.21286612749099731,0.11940468847751617,,,,
33,hardest,0.061,sweep,translation,6.0,6.0,,0.7,75,174,0.0893176794052124,0.23600345849990845,0.29057806730270386,0.23873370885849,0.24154064059257507,,,,
33,hardest,0.061,sweep,translation,8.0,8.0,,0.7,75,174,0.08200687170028687,0.21028482913970947,0.28834134340286255,0.28426551818847656,0.22866491973400116,,,,
33,hardest,0.061,ensemble,translation,,2.0,2.0,0.7,75,174,,,,,,0.04983074590563774,0.15461288392543793,0.1925542801618576,0.1900588572025299
33,hardest,0.061,ensemble,translation,,4.0,4.0,0.7,75,174,,,,,,0.03788777068257332,0.1773526519536972,0.2596518397331238,0.24933911859989166
33,hardest,0.061,ensemble,translation,,6.0,6.0,0.7,75,174,,,,,,0.06075981259346008,0.18826164305210114,0.3127957582473755,0.2924714982509613
33,hardest,0.061,sweep,scaling,0.8,0.2231435513142097,,0.7,75,174,0.08091962337493896,0.2756198048591614,0.18332260847091675,0.15300993621349335,0.1545364409685135,,,,
33,hardest,0.061,sweep,scaling,0.9,0.10536051565782628,,0.7,75,174,0.08670878410339355,0.16219675540924072,0.13583943247795105,0.10952998697757721,0.10756754130125046,,,,
33,hardest,0.061,sweep,scaling,1.0,0.0,,0.7,75,174,3.993511199951172e-06,7.3909759521484375e-06,1.8804262253979687e-06,2.2102074126451043e-07,1.8804262253979687e-06,,,,
33,hardest,0.061,sweep,scaling,1.1,0.09531017980432493,,0.7,75,174,0.03443193435668945,0.11358779668807983,0.09875451773405075,0.08935235440731049,0.08867404609918594,,,,
33,hardest,0.061,sweep,scaling,1.25,0.22314355131420976,,0.7,75,174,0.05493110418319702,0.18881893157958984,0.17971384525299072,0.16749289631843567,0.13946224749088287,,,,
33,hardest,0.061,sweep,scaling,1.5,0.4054651081081644,,0.7,75,174,0.11245894432067871,0.18695580959320068,0.2705012559890747,0.24676644802093506,0.2047259658575058,,,,
33,hardest,0.061,ensemble,scaling,,0.1,0.1,0.7,75,174,,,,,,0.04149409011006355,0.11525586992502213,0.09283731877803802,0.07235361635684967
33,hardest,0.061,ensemble,scaling,,0.2,0.2,0.7,75,174,,,,,,0.04441460594534874,0.18695563077926636,0.13765844702720642,0.11211581528186798
33,hardest,0.061,ensemble,scaling,,0.3,0.3,0.7,75,174,,,,,,0.04093104600906372,0.2203548699617386,0.16906458139419556,0.13603714108467102
33,hardest,0.061,sweep,flip,0.0,0.0,,0.7,75,174,1.0728836059570312e-06,5.9604644775390625e-06,1.5800349046912743e-06,1.7513372085886658e-07,1.5800349046912743e-06,,,,
33,hardest,0.061,sweep,flip,1.0,1.0,,0.7,75,174,0.0676080584526062,0.22686553001403809,0.3110494017601013,0.25226879119873047,0.14103607833385468,,,,
33,hardest,0.061,sweep,shear,0.0,0.0,,0.7,75,174,3.337860107421875e-06,7.68899917602539e-06,1.4294491847977042e-06,1.9113447535801242e-07,1.4294491847977042e-06,,,,
33,hardest,0.061,sweep,shear,0.05,0.05,,0.7,75,174,0.030222296714782715,0.05882430076599121,0.03999261558055878,0.025670120492577553,0.043681733310222626,,,,
33,hardest,0.061,sweep,shear,0.1,0.1,,0.7,75,174,0.04764282703399658,0.0713227391242981,0.06138176470994949,0.049163252115249634,0.057968199253082275,,,,
33,hardest,0.061,sweep,shear,0.2,0.2,,0.7,75,174,0.03853440284729004,0.11075925827026367,0.08720064163208008,0.08529440313577652,0.07661575824022293,,,,
33,hardest,0.061,sweep,shear,0.3,0.3,,0.7,75,174,0.04818761348724365,0.13269639015197754,0.10152354091405869,0.11645567417144775,0.08124039322137833,,,,
33,hardest,0.061,ensemble,shear,,0.1,0.1,0.7,75,174,,,,,,0.02818942815065384,0.08222194015979767,0.0521489717066288,0.035926416516304016
33,hardest,0.061,ensemble,shear,,0.2,0.2,0.7,75,174,,,,,,0.042661573737859726,0.12384112179279327,0.08235378563404083,0.06458716094493866
33,hardest,0.061,ensemble,shear,,0.3,0.3,0.7,75,174,,,,,,0.05768226459622383,0.1271428018808365,0.09922272711992264,0.08498721569776535
979,hardest,0.0608,sweep,rotation,0.0,0.0,,0.3,174,75,8.344650268554688e-07,8.344650268554688e-07,1.7720092273521004e-06,1.1907349772855014e-07,1.7720092273521004e-06,,,,
979,hardest,0.0608,sweep,rotation,5.0,5.0,,0.3,174,75,0.044446468353271484,0.05117100477218628,0.12929771840572357,0.05147814750671387,0.20248690247535706,,,,
979,hardest,0.0608,sweep,rotation,10.0,10.0,,0.3,174,75,0.03764218091964722,0.04957115650177002,0.1369549036026001,0.06099583953619003,0.2884446978569031,,,,
979,hardest,0.0608,sweep,rotation,20.0,20.0,,0.3,174,75,0.03832215070724487,0.1300782561302185,0.18166819214820862,0.08060611039400101,0.42267748713493347,,,,
979,hardest,0.0608,sweep,rotation,30.0,30.0,,0.3,174,75,0.06214869022369385,0.11085224151611328,0.2597067356109619,0.137150377035141,0.5368845462799072,,,,
979,hardest,0.0608,sweep,rotation,45.0,45.0,,0.3,174,75,0.07037007808685303,0.19961696863174438,0.2629762589931488,0.1867145597934723,0.6006619930267334,,,,
979,hardest,0.0608,ensemble,rotation,,10.0,10.0,0.3,174,75,,,,,,0.03863440454006195,0.06960560381412506,0.1278165727853775,0.08678789436817169
979,hardest,0.0608,ensemble,rotation,,20.0,20.0,0.3,174,75,,,,,,0.06384561955928802,0.1013089045882225,0.2188594788312912,0.19321253895759583
979,hardest,0.0608,ensemble,rotation,,30.0,30.0,0.3,174,75,,,,,,0.07775842398405075,0.11270783841609955,0.2754807770252228,0.27786678075790405
979,hardest,0.0608,sweep,translation,0.0,0.0,,0.3,174,75,8.344650268554688e-07,8.344650268554688e-07,1.7720092273521004e-06,1.1907349772855014e-07,1.7720092273521004e-06,,,,
979,hardest,0.0608,sweep,translation,1.0,1.0,,0.3,174,75,0.017173290252685547,0.05429196357727051,0.06833978742361069,0.017268165946006775,0.12248821556568146,,,,
979,hardest,0.0608,sweep,translation,2.0,2.0,,0.3,174,75,0.060069382190704346,0.12789738178253174,0.14409568905830383,0.04489864781498909,0.23994579911231995,,,,
979,hardest,0.0608,sweep,translation,4.0,4.0,,0.3,174,75,0.06866335868835449,0.20991069078445435,0.22027474641799927,0.08397360891103745,0.3387438952922821,,,,
979,hardest,0.0608,sweep,translation,6.0,6.0,,0.3,174,75,0.042972445487976074,0.08867794275283813,0.1657821536064148,0.07659031450748444,0.362438440322876,,,,
979,hardest,0.0608,sweep,translation,8.0,8.0,,0.3,174,75,0.04343986511230469,0.18154823780059814,0.21385380625724792,0.1021079272031784,0.40766441822052,,,,
979,hardest,0.0608,ensemble,translation,,2.0,2.0,0.3,174,75,,,,,,0.036017317324876785,0.11099114269018173,0.12347148358821869,0.04970182478427887
979,hardest,0.0608,ensemble,translation,,4.0,4.0,0.3,174,75,,,,,,0.05532113462686539,0.11408792436122894,0.15785618126392365,0.07802905142307281
979,hardest,0.0608,ensemble,translation,,6.0,6.0,0.3,174,75,,,,,,0.07053914666175842,0.16550561785697937,0.24010710418224335,0.15943439304828644
979,hardest,0.0608,sweep,scaling,0.8,0.2231435513142097,,0.3,174,75,0.04643374681472778,0.18517357110977173,0.21360737085342407,0.09239732474088669,0.33967334032058716,,,,
979,hardest,0.0608,sweep,scaling,0.9,0.10536051565782628,,0.3,174,75,0.036379992961883545,0.09593558311462402,0.13222526013851166,0.03684167563915253,0.2132362276315689,,,,
979,hardest,0.0608,sweep,scaling,1.0,0.0,,0.3,174,75,8.344650268554688e-07,8.344650268554688e-07,1.7720092273521004e-06,1.1907349772855014e-07,1.7720092273521004e-06,,,,
979,hardest,0.0608,sweep,scaling,1.1,0.09531017980432493,,0.3,174,75,0.034805119037628174,0.08212769031524658,0.13808371126651764,0.06385285407304764,0.21202172338962555,,,,
979,hardest,0.0608,sweep,scaling,1.25,0.22314355131420976,,0.3,174,75,0.07195460796356201,0.18753230571746826,0.26305750012397766,0.15137925744056702,0.3579130172729492,,,,
979,hardest,0.0608,sweep,scaling,1.5,0.4054651081081644,,0.3,174,75,0.06014198064804077,0.23753249645233154,0.3093412220478058,0.2413395345211029,0.46587011218070984,,,,
979,hardest,0.0608,ensemble,scaling,,0.1,0.1,0.3,174,75,,,,,,0.015329264104366302,0.04284794628620148,0.06754834204912186,0.025902437046170235
979,hardest,0.0608,ensemble,scaling,,0.2,0.2,0.3,174,75,,,,,,0.02954816073179245,0.06979735940694809,0.12607334554195404,0.05941753461956978
979,hardest,0.0608,ensemble,scaling,,0.3,0.3,0.3,174,75,,,,,,0.03400216996669769,0.07485117018222809,0.16409814357757568,0.10006511956453323
979,hardest,0.0608,sweep,flip,0.0,0.0,,0.3,174,75,5.364418029785156e-07,1.0728836059570312e-06,1.6263694533336093e-06,1.9126170514027763e-07,1.6263694533336093e-06,,,,
979,hardest,0.0608,sweep,flip,1.0,1.0,,0.3,174,75,0.020173251628875732,0.04767286777496338,0.11163295060396194,0.0410507395863533,0.3420224189758301,,,,
979,hardest,0.0608,sweep,shear,0.0,0.0,,0.3,174,75,5.364418029785156e-07,1.0132789611816406e-06,1.3476245612764615e-06,7.029723292362178e-08,1.3476245612764615e-06,,,,
979,hardest,0.0608,sweep,shear,0.05,0.05,,0.3,174,75,0.016380786895751953,0.026201725006103516,0.032751020044088364,0.011986198835074902,0.06053588539361954,,,,
979,hardest,0.0608,sweep,shear,0.1,0.1,,0.3,174,75,0.0236283540725708,0.04224562644958496,0.055981360375881195,0.02110699564218521,0.09936457127332687,,,,
979,hardest,0.0608,sweep,shear,0.2,0.2,,0.3,174,75,0.09968447685241699,0.11856651306152344,0.1818251609802246,0.06482505053281784,0.24663673341274261,,,,
979,hardest,0.0608,sweep,shear,0.3,0.3,,0.3,174,75,0.13444364070892334,0.15990209579467773,0.22243081033229828,0.11503990739583969,0.30378901958465576,,,,
979,hardest,0.0608,ensemble,shear,,0.1,0.1,0.3,174,75,,,,,,0.025915654376149178,0.048041634261608124,0.05951403081417084,0.01727135479450226
979,hardest,0.0608,ensemble,shear,,0.2,0.2,0.3,174,75,,,,,,0.05365832895040512,0.1389169543981552,0.14042861759662628,0.0493137501180172
979,hardest,0.0608,ensemble,shear,,0.3,0.3,0.3,174,75,,,,,,0.062096983194351196,0.18283024430274963,0.18050317466259003,0.08182938396930695
979,hardest,0.0608,sweep,rotation,0.0,0.0,,0.5,124,125,9.5367431640625e-07,1.0132789611816406e-06,1.288110070163384e-06,7.564752735333968e-08,1.288110070163384e-06,,,,
979,hardest,0.0608,sweep,rotation,5.0,5.0,,0.5,124,125,0.05198490619659424,0.14701658487319946,0.17251908779144287,0.1037331074476242,0.2150457352399826,,,,
979,hardest,0.0608,sweep,rotation,10.0,10.0,,0.5,124,125,0.1231534481048584,0.11762428283691406,0.28567275404930115,0.2364700436592102,0.2964187562465668,,,,
979,hardest,0.0608,sweep,rotation,20.0,20.0,,0.5,124,125,0.11929988861083984,0.5518085956573486,0.45900559425354004,0.45885998010635376,0.43374085426330566,,,,
979,hardest,0.0608,sweep,rotation,30.0,30.0,,0.5,124,125,0.1577041745185852,0.547235369682312,0.5492845773696899,0.596331775188446,0.5127038359642029,,,,
979,hardest,0.0608,sweep,rotation,45.0,45.0,,0.5,124,125,0.11339151859283447,0.43487244844436646,0.5326229929924011,0.7509447932243347,0.4772968292236328,,,,
979,hardest,0.0608,ensemble,rotation,,10.0,10.0,0.5,124,125,,,,,,0.05708635225892067,0.14411908388137817,0.22651955485343933,0.17859861254692078
979,hardest,0.0608,ensemble,rotation,,20.0,20.0,0.5,124,125,,,,,,0.07550075650215149,0.23220229148864746,0.3284921646118164,0.332394003868103
979,hardest,0.0608,ensemble,rotation,,30.0,30.0,0.5,124,125,,,,,,0.09198768436908722,0.22343313694000244,0.3872928023338318,0.45826655626296997
979,hardest,0.0608,sweep,translation,0.0,0.0,,0.5,124,125,9.5367431640625e-07,1.0132789611816406e-06,1.288110070163384e-06,7.564752735333968e-08,1.288110070163384e-06,,,,
979,hardest,0.0608,sweep,translation,1.0,1.0,,0.5,124,125,0.05298888683319092,0.18757706880569458,0.1778307855129242,0.10122904181480408,0.19758957624435425,,,,
979,hardest,0.0608,sweep,translation,2.0,2.0,,0.5,124,125,0.07091057300567627,0.1991586685180664,0.21602863073349,0.12931019067764282,0.25146356225013733,,,,
979,hardest,0.0608,sweep,translation,4.0,4.0,,0.5,124,125,0.13604921102523804,0.3822932243347168,0.2677748203277588,0.168430894613266,0.30912691354751587,,,,
979,hardest,0.0608,sweep,translation,6.0,6.0,,0.5,124,125,0.09853315353393555,0.3129786252975464,0.29847151041030884,0.23108279705047607,0.31773579120635986,,,,
979,hardest,0.0608,sweep,translation,8.0,8.0,,0.5,124,125,0.15906256437301636,0.6585580110549927,0.43127724528312683,0.33869093656539917,0.40369293093681335,,,,
979,hardest,0.0608,ensemble,translation,,2.0,2.0,0.5,124,125,,,,,,0.07369714975357056,0.22429877519607544,0.24229562282562256,0.15547017753124237
979,hardest,0.0608,ensemble,translation,,4.0,4.0,0.5,124,125,,,,,,0.09956042468547821,0.2821634113788605,0.3615272641181946,0.31147637963294983
979,hardest,0.0608,ensemble,translation,,6.0,6.0,0.5,124,125,,,,,,0.12479520589113235,0.3663664758205414,0.4227272570133209,0.43248239159584045
979,hardest,0.0608,sweep,scaling,0.8,0.2231435513142097,,0.5,124,125,0.06802082061767578,0.17345619201660156,0.22695079445838928,0.14662721753120422,0.2964664101600647,,,,
979,hardest,0.0608,sweep,scaling,0.9,0.10536051565782628,,0.5,124,125,0.05525243282318115,0.16562587022781372,0.22695395350456238,0.10451513528823853,0.26166337728500366,,,,
979,hardest,0.0608,sweep,scaling,1.0,0.0,,0.5,124,125,9.5367431640625e-07,1.0132789611816406e-06,1.288110070163384e-06,7.564752735333968e-08,1.288110070163384e-06,,,,
979,hardest,0.0608,sweep,scaling,1.1,0.09531017980432493,,0.5,124,125,0.030794620513916016,0.07537072896957397,0.1770770102739334,0.13812214136123657,0.23689734935760498,,,,
979,hardest,0.0608,sweep,scaling,1.25,0.22314355131420976,,0.5,124,125,0.10518234968185425,0.24083364009857178,0.30318695306777954,0.23698952794075012,0.3707571029663086,,,,
979,hardest,0.0608,sweep,scaling,1.5,0.4054651081081644,,0.5,124,125,0.06242257356643677,0.16794872283935547,0.33114683628082275,0.367728590965271,0.37591347098350525,,,,
979,hardest,0.0608,ensemble,scaling,,0.1,0.1,0.5,124,125,,,,,,0.03261925280094147,0.12088383734226227,0.16879814863204956,0.08354762196540833
979,hardest,0.0608,ensemble,scaling,,0.2,0.2,0.5,124,125,,,,,,0.05697811767458916,0.15610933303833008,0.22239306569099426,0.13475537300109863
979,hardest,0.0608,ensemble,scaling,,0.3,0.3,0.5,124,125,,,,,,0.06474903225898743,0.20683546364307404,0.2518659830093384,0.1762292981147766
979,hardest,0.0608,sweep,flip,0.0,0.0,,0.5,124,125,1.7881393432617188e-07,1.430511474609375e-06,1.56526880346064e-06,9.926429811457638e-08,1.56526880346064e-06,,,,
979,hardest,0.0608,sweep,flip,1.0,1.0,,0.5,124,125,0.13614106178283691,0.32666707038879395,0.4703148603439331,0.5637297630310059,0.4120136499404907,,,,
979,hardest,0.0608,sweep,shear,0.0,0.0,,0.5,124,125,8.344650268554688e-07,9.5367431640625e-07,1.4331504871734069e-06,6.792937057298332e-08,1.4331504871734069e-06,,,,
979,hardest,0.0608,sweep,shear,0.05,0.05,,0.5,124,125,0.019459962844848633,0.07430267333984375,0.09578453004360199,0.03323301300406456,0.12093599140644073,,,,
979,hardest,0.0608,sweep,shear,0.1,0.1,,0.5,124,125,0.036074042320251465,0.15058153867721558,0.12105526030063629,0.05845631659030914,0.15547475218772888,,,,
979,hardest,0.0608,sweep,shear,0.2,0.2,,0.5,124,125,0.06199479103088379,0.1272284984588623,0.1833173632621765,0.10974888503551483,0.2296048402786255,,,,
979,hardest,0.0608,sweep,shear,0.3,0.3,,0.5,124,125,0.04345828294754028,0.12185788154602051,0.1749766319990158,0.13830377161502838,0.24729305505752563,,,,
979,hardest,0.0608,ensemble,shear,,0.1,0.1,0.5,124,125,,,,,,0.01749364472925663,0.0698619931936264,0.07732217758893967,0.03460649028420448
979,hardest,0.0608,ensemble,shear,,0.2,0.2,0.5,124,125,,,,,,0.026590557768940926,0.0780639499425888,0.1112724095582962,0.059011369943618774
979,hardest,0.0608,ensemble,shear,,0.3,0.3,0.5,124,125,,,,,,0.03141355514526367,0.09668060392141342,0.14466921985149384,0.08925266563892365
979,hardest,0.0608,sweep,rotation,0.0,0.0,,0.7,75,174,8.940696716308594e-07,7.152557373046875e-07,1.4761308193556033e-06,3.464939979380688e-08,1.4761308193556033e-06,,,,
979,hardest,0.0608,sweep,rotation,5.0,5.0,,0.7,75,174,0.06234508752822876,0.2514975070953369,0.22487804293632507,0.18797989189624786,0.23436656594276428,,,,
979,hardest,0.0608,sweep,rotation,10.0,10.0,,0.7,75,174,0.10386282205581665,0.2781032919883728,0.30578482151031494,0.32138603925704956,0.24289576709270477,,,,
979,hardest,0.0608,sweep,rotation,20.0,20.0,,0.7,75,174,0.06484520435333252,0.28534626960754395,0.4098430573940277,0.5123304724693298,0.27998536825180054,,,,
979,hardest,0.0608,sweep,rotation,30.0,30.0,,0.7,75,174,0.06633937358856201,0.2874833345413208,0.48645296692848206,0.6959728002548218,0.3302537202835083,,,,
979,hardest,0.0608,sweep,rotation,45.0,45.0,,0.7,75,174,0.11978328227996826,0.5755929946899414,0.5794245004653931,0.9124891757965088,0.35069528222084045,,,,
979,hardest,0.0608,ensemble,rotation,,10.0,10.0,0.7,75,174,,,,,,0.06304438412189484,0.10594100505113602,0.22395779192447662,0.2012791782617569
979,hardest,0.0608,ensemble,rotation,,20.0,20.0,0.7,75,174,,,,,,0.0637216791510582,0.17190200090408325,0.34451332688331604,0.3746339976787567
979,hardest,0.0608,ensemble,rotation,,30.0,30.0,0.7,75,174,,,,,,0.08407706767320633,0.18939390778541565,0.42631402611732483,0.5323816537857056
979,hardest,0.0608,sweep,translation,0.0,0.0,,0.7,75,174,8.940696716308594e-07,7.152557373046875e-07,1.4761308193556033e-06,3.464939979380688e-08,1.4761308193556033e-06,,,,
979,hardest,0.0608,sweep,translation,1.0,1.0,,0.7,75,174,0.054230332374572754,0.2217625379562378,0.16378647089004517,0.1718045175075531,0.1646949052810669,,,,
979,hardest,0.0608,sweep,translation,2.0,2.0,,0.7,75,174,0.06669557094573975,0.1736999750137329,0.245119109749794,0.25605136156082153,0.2256765067577362,,,,
979,hardest,0.0608,sweep,translation,4.0,4.0,,0.7,75,174,0.07944011688232422,0.25704818964004517,0.3274582624435425,0.351980596780777,0.23910172283649445,,,,
979,hardest,0.0608,sweep,translation,6.0,6.0,,0.7,75,174,0.08655345439910889,0.22809064388275146,0.35768815875053406,0.40186527371406555,0.232377290725708,,,,
979,hardest,0.0608,sweep,translation,8.0,8.0,,0.7,75,174,0.12258309125900269,0.4039193391799927,0.3896230459213257,0.4732902944087982,0.275719553232193,,,,
979,hardest,0.0608,ensemble,translation,,2.0,2.0,0.7,75,174,,,,,,0.06704465299844742,0.1588188260793686,0.2716204822063446,0.22119084000587463
979,hardest,0.0608,ensemble,translation,,4.0,4.0,0.7,75,174,,,,,,0.0934644564986229,0.2606458067893982,0.4008893668651581,0.3980124592781067
979,hardest,0.0608,ensemble,translation,,6.0,6.0,0.7,75,174,,,,,,0.07667037844657898,0.2295474112033844,0.4490707218647003,0.5433396100997925
979,hardest,0.0608,sweep,scaling,0.8,0.2231435513142097,,0.7,75,174,0.14925986528396606,0.18883240222930908,0.2871268391609192,0.2823595404624939,0.26725679636001587,,,,
979,hardest,0.0608,sweep,scaling,0.9,0.10536051565782628,,0.7,75,174,0.09936213493347168,0.13969242572784424,0.2134573757648468,0.17097193002700806,0.2190161943435669,,,,
979,hardest,0.0608,sweep,scaling,1.0,0.0,,0.7,75,174,8.940696716308594e-07,7.152557373046875e-07,1.4761308193556033e-06,3.464939979380688e-08,1.4761308193556033e-06,,,,
979,hardest,0.0608,sweep,scaling,1.1,0.09531017980432493,,0.7,75,174,0.07772868871688843,0.26045364141464233,0.226845845580101,0.16352851688861847,0.2639704644680023,,,,
979,hardest,0.0608,sweep,scaling,1.25,0.22314355131420976,,0.7,75,174,0.062035202980041504,0.2556667923927307,0.3411093056201935,0.2862852215766907,0.3320288360118866,,,,
979,hardest,0.0608,sweep,scaling,1.5,0.4054651081081644,,0.7,75,174,0.10263210535049438,0.33818453550338745,0.4846680760383606,0.514422595500946,0.45389053225517273,,,,
979,hardest,0.0608,ensemble,scaling,,0.1,0.1,0.7,75,174,,,,,,0.07202265411615372,0.1456131935119629,0.14981070160865784,0.08661207556724548
979,hardest,0.0608,ensemble,scaling,,0.2,0.2,0.7,75,174,,,,,,0.08438781648874283,0.16593079268932343,0.2250496745109558,0.16332948207855225
979,hardest,0.0608,ensemble,scaling,,0.3,0.3,0.7,75,174,,,,,,0.11053866147994995,0.20630279183387756,0.28495073318481445,0.24002957344055176
979,hardest,0.0608,sweep,flip,0.0,0.0,,0.7,75,174,4.76837158203125e-07,7.152557373046875e-07,1.3471317288349383e-06,3.270542237032714e-08,1.3471317288349383e-06,,,,
979,hardest,0.0608,sweep,flip,1.0,1.0,,0.7,75,174,0.08855873346328735,0.37726688385009766,0.5094704031944275,0.7078725695610046,0.2528015971183777,,,,
979,hardest,0.0608,sweep,shear,0.0,0.0,,0.7,75,174,8.344650268554688e-07,1.0132789611816406e-06,1.512088942945411e-06,3.703481610273229e-08,1.512088942945411e-06,,,,
979,hardest,0.0608,sweep,shear,0.05,0.05,,0.7,75,174,0.0319783091545105,0.16552448272705078,0.117167629301548,0.04997018352150917,0.13284966349601746,,,,
979,hardest,0.0608,sweep,shear,0.1,0.1,,0.7,75,174,0.04315674304962158,0.19092440605163574,0.1430101841688156,0.09957410395145416,0.15058046579360962,,,,
979,hardest,0.0608,sweep,shear,0.2,0.2,,0.7,75,174,0.05330371856689453,0.21949195861816406,0.22768232226371765,0.1784716546535492,0.22602921724319458,,,,
979,hardest,0.0608,sweep,shear,0.3,0.3,,0.7,75,174,0.09342551231384277,0.36159199476242065,0.2585701048374176,0.2106417417526245,0.23923838138580322,,,,
979,hardest,0.0608,ensemble,shear,,0.1,0.1,0.7,75,174,,,,,,0.029164552688598633,0.10862754285335541,0.08987391740083694,0.050942230969667435
979,hardest,0.0608,ensemble,shear,,0.2,0.2,0.7,75,174,,,,,,0.03849024698138237,0.14501337707042694,0.1432613581418991,0.10419961810112
979,hardest,0.0608,ensemble,shear,,0.3,0.3,0.7,75,174,,,,,,0.045535966753959656,0.15512318909168243,0.18151775002479553,0.13481943309307098
61,hardest,0.0598,sweep,rotation,0.0,0.0,,0.3,174,75,1.4424324035644531e-05,6.341934204101562e-05,0.00016468310786876827,2.637933357618749e-05,0.00016468310786876827,,,,
61,hardest,0.0598,sweep,rotation,5.0,5.0,,0.3,174,75,0.07756876945495605,0.11290144920349121,0.3215842843055725,0.2893643081188202,0.37228715419769287,,,,
61,hardest,0.0598,sweep,rotation,10.0,10.0,,0.3,174,75,0.04558873176574707,0.11968278884887695,0.3719575107097626,0.3320194482803345,0.44881516695022583,,,,
61,hardest,0.0598,sweep,rotation,20.0,20.0,,0.3,174,75,0.058599770069122314,0.2684154510498047,0.47190457582473755,0.5695444345474243,0.5465375781059265,,,,
61,hardest,0.0598,sweep,rotation,30.0,30.0,,0.3,174,75,0.1456763744354248,0.3723883628845215,0.4956328272819519,0.663943350315094,0.5860161781311035,,,,
61,hardest,0.0598,sweep,rotation,45.0,45.0,,0.3,174,75,0.0980222225189209,0.3338409662246704,0.5387360453605652,0.6835240721702576,0.6355161070823669,,,,
61,hardest,0.0598,ensemble,rotation,,10.0,10.0,0.3,174,75,,,,,,0.037919141352176666,0.07765915244817734,0.257179319858551,0.17755134403705597
61,hardest,0.0598,ensemble,rotation,,20.0,20.0,0.3,174,75,,,,,,0.05651761218905449,0.17126281559467316,0.35641664266586304,0.3355118930339813
61,hardest,0.0598,ensemble,rotation,,30.0,30.0,0.3,174,75,,,,,,0.06920645385980606,0.21571168303489685,0.40737205743789673,0.43065938353538513
61,hardest,0.0598,sweep,translation,0.0,0.0,,0.3,174,75,1.4424324035644531e-05,6.341934204101562e-05,0.00016468310786876827,2.637933357618749e-05,0.00016468310786876827,,,,
61,hardest,0.0598,sweep,translation,1.0,1.0,,0.3,174,75,0.041123926639556885,0.11317789554595947,0.31308630108833313,0.3047812581062317,0.33651992678642273,,,,
61,hardest,0.0598,sweep,translation,2.0,2.0,,0.3,174,75,0.040317654609680176,0.10581040382385254,0.27990269660949707,0.22054961323738098,0.3527841567993164,,,,
61,hardest,0.0598,sweep,translation,4.0,4.0,,0.3,174,75,0.05774575471878052,0.1546938419342041,0.4323432445526123,0.4222833216190338,0.5105656385421753,,,,
61,hardest,0.0598,sweep,translation,6.0,6.0,,0.3,174,75,0.0331764817237854,0.08378839492797852,0.31503307819366455,0.29052627086639404,0.4905129075050354,,,,
61,hardest,0.0598,sweep,translation,8.0,8.0,,0.3,174,75,0.0452655553817749,0.10400271415710449,0.36605706810951233,0.37965884804725647,0.5125478506088257,,,,
61,hardest,0.0598,ensemble,translation,,2.0,2.0,0.3,174,75,,,,,,0.06342756003141403,0.14411678910255432,0.3568803668022156,0.2994499206542969
61,hardest,0.0598,ensemble,translation,,4.0,4.0,0.3,174,75,,,,,,0.08418621867895126,0.1946433186531067,0.43656834959983826,0.4176725149154663
61,hardest,0.0598,ensemble,translation,,6.0,6.0,0.3,174,75,,,,,,0.10059712827205658,0.21200457215309143,0.5305342078208923,0.604208767414093
61,hardest,0.0598,sweep,scaling,0.8,0.2231435513142097,,0.3,174,75,0.06189417839050293,0.13668256998062134,0.36881884932518005,0.32570120692253113,0.4657251238822937,,,,
61,hardest,0.0598,sweep,scaling,0.9,0.10536051565782628,,0.3,174,75,0.03461730480194092,0.06931149959564209,0.28000542521476746,0.2147141546010971,0.3498893976211548,,,,
61,hardest,0.0598,sweep,scaling,1.0,0.0,,0.3,174,75,1.4424324035644531e-05,6.341934204101562e-05,0.00016468310786876827,2.637933357618749e-05,0.00016468310786876827,,,,
61,hardest,0.0598,sweep,scaling,1.1,0.09531017980432493,,0.3,174,75,0.07739007472991943,0.3586851954460144,0.491394579410553,0.6001150608062744,0.5175350904464722,,,,
61,hardest,0.0598,sweep,scaling,1.25,0.22314355131420976,,0.3,174,75,0.06600147485733032,0.3575916886329651,0.5044758319854736,0.5979040861129761,0.5737650990486145,,,,
61,hardest,0.0598,sweep,scaling,1.5,0.4054651081081644,,0.3,174,75,0.12888270616531372,0.3974546790122986,0.5583733320236206,0.6845384836196899,0.6526514291763306,,,,
61,hardest,0.0598,ensemble,scaling,,0.1,0.1,0.3,174,75,,,,,,0.07062061131000519,0.2302575409412384,0.39558371901512146,0.3713696300983429
61,hardest,0.0598,ensemble,scaling,,0.2,0.2,0.3,174,75,,,,,,0.07521899789571762,0.24597616493701935,0.37322553992271423,0.3877195417881012
61,hardest,0.0598,ensemble,scaling,,0.3,0.3,0.3,174,75,,,,,,0.07154231518507004,0.26485827565193176,0.38005530834198,0.41807231307029724
61,hardest,0.0598,sweep,flip,0.0,0.0,,0.3,174,75,2.1636486053466797e-05,9.942054748535156e-05,0.00038552735350094736,5.6570046581327915e-05,0.00038552735350094736,,,,
61,hardest,0.0598,sweep,flip,1.0,1.0,,0.3,174,75,0.02880924940109253,0.07406032085418701,0.3622741103172302,0.39237597584724426,0.5086349248886108,,,,
61,hardest,0.0598,sweep,shear,0.0,0.0,,0.3,174,75,7.033348083496094e-06,2.5331974029541016e-05,9.947697981260717e-05,1.4313201972981915e-05,9.947697981260717e-05,,,,
61,hardest,0.0598,sweep,shear,0.05,0.05,,0.3,174,75,0.03394031524658203,0.09227573871612549,0.2756090760231018,0.2003835141658783,0.2860221266746521,,,,
61,hardest,0.0598,sweep,shear,0.1,0.1,,0.3,174,75,0.039100825786590576,0.07686197757720947,0.2639812231063843,0.19577926397323608,0.28058135509490967,,,,
61,hardest,0.0598,sweep,shear,0.2,0.2,,0.3,174,75,0.048032402992248535,0.15375971794128418,0.3944952189922333,0.37190067768096924,0.41655364632606506,,,,
61,hardest,0.0598,sweep,shear,0.3,0.3,,0.3,174,75,0.037961363792419434,0.15180861949920654,0.40609949827194214,0.3733211159706116,0.43971192836761475,,,,
61,hardest,0.0598,ensemble,shear,,0.1,0.1,0.3,174,75,,,,,,0.05022323504090309,0.09632928669452667,0.24927234649658203,0.19595858454704285
61,hardest,0.0598,ensemble,shear,,0.2,0.2,0.3,174,75,,,,,,0.06378248333930969,0.11488024145364761,0.29838505387306213,0.256767600774765
61,hardest,0.0598,ensemble,shear,,0.3,0.3,0.3,174,75,,,,,,0.06191026419401169,0.11378978192806244,0.34297218918800354,0.3105720281600952
61,hardest,0.0598,sweep,rotation,0.0,0.0,,0.5,124,125,9.5367431640625e-07,1.0728836059570312e-06,3.198495051037753e-06,3.026892727575614e-07,3.198495051037753e-06,,,,
61,hardest,0.0598,sweep,rotation,5.0,5.0,,0.5,124,125,0.051269352436065674,0.19809913635253906,0.4385514259338379,0.45441973209381104,0.4524450898170471,,,,
61,hardest,0.0598,sweep,rotation,10.0,10.0,,0.5,124,125,0.07954120635986328,0.3962761163711548,0.556279182434082,0.5604236721992493,0.5546659827232361,,,,
61,hardest,0.0598,sweep,rotation,20.0,20.0,,0.5,124,125,0.0445866584777832,0.14483940601348877,0.5386402606964111,0.5835580825805664,0.5595255494117737,,,,
61,hardest,0.0598,sweep,rotation,30.0,30.0,,0.5,124,125,0.11121982336044312,0.31129181385040283,0.6361446976661682,0.7159973382949829,0.6233969330787659,,,,
61,hardest,0.0598,sweep,rotation,45.0,45.0,,0.5,124,125,0.09658932685852051,0.26892703771591187,0.6254286766052246,0.833889365196228,0.59467613697052,,,,
61,hardest,0.0598,ensemble,rotation,,10.0,10.0,0.5,124,125,,,,,,0.09755119681358337,0.22848960757255554,0.49256497621536255,0.3814566731452942
61,hardest,0.0598,ensemble,rotation,,20.0,20.0,0.5,124,125,,,,,,0.08916323632001877,0.2610882520675659,0.5867406725883484,0.504603385925293
61,hardest,0.0598,ensemble,rotation,,30.0,30.0,0.5,124,125,,,,,,0.09524714201688766,0.25289660692214966,0.5933079719543457,0.5873369574546814
61,hardest,0.0598,sweep,translation,0.0,0.0,,0.5,124,125,9.5367431640625e-07,1.0728836059570312e-06,3.198495051037753e-06,3.026892727575614e-07,3.198495051037753e-06,,,,
61,hardest,0.0598,sweep,translation,1.0,1.0,,0.5,124,125,0.07100015878677368,0.1461637020111084,0.40875476598739624,0.4210999011993408,0.4184175729751587,,,,
61,hardest,0.0598,sweep,translation,2.0,2.0,,0.5,124,125,0.042897045612335205,0.13285768032073975,0.44464796781539917,0.4794684946537018,0.4526369273662567,,,,
61,hardest,0.0598,sweep,translation,4.0,4.0,,0.5,124,125,0.0673791766166687,0.13031744956970215,0.49919095635414124,0.5486412644386292,0.5307570099830627,,,,
61,hardest,0.0598,sweep,translation,6.0,6.0,,0.5,124,125,0.044344544410705566,0.12315595149993896,0.4761490523815155,0.5494683980941772,0.4781275987625122,,,,
61,hardest,0.0598,sweep,translation,8.0,8.0,,0.5,124,125,0.03821033239364624,0.17943507432937622,0.5179721713066101,0.5815845131874084,0.5277724862098694,,,,
61,hardest,0.0598,ensemble,translation,,2.0,2.0,0.5,124,125,,,,,,0.10803701728582382,0.33590081334114075,0.6230456233024597,0.4849129021167755
61,hardest,0.0598,ensemble,translation,,4.0,4.0,0.5,124,125,,,,,,0.10855364799499512,0.31055694818496704,0.6474789381027222,0.5349494218826294
61,hardest,0.0598,ensemble,translation,,6.0,6.0,0.5,124,125,,,,,,0.14709912240505219,0.3713431656360626,0.6882584691047668,0.5996299982070923
61,hardest,0.0598,sweep,scaling,0.8,0.2231435513142097,,0.5,124,125,0.08152246475219727,0.3638037443161011,0.6046655178070068,0.5722439289093018,0.5950697660446167,,,,
61,hardest,0.0598,sweep,scaling,0.9,0.10536051565782628,,0.5,124,125,0.053877830505371094,0.21423393487930298,0.48242294788360596,0.4684213697910309,0.48851335048675537,,,,
61,hardest,0.0598,sweep,scaling,1.0,0.0,,0.5,124,125,9.5367431640625e-07,1.0728836059570312e-06,3.198495051037753e-06,3.026892727575614e-07,3.198495051037753e-06,,,,
61,hardest,0.0598,sweep,scaling,1.1,0.09531017980432493,,0.5,124,125,0.0754861831665039,0.2217329740524292,0.7203190326690674,0.6630181074142456,0.72260582447052,,,,
61,hardest,0.0598,sweep,scaling,1.25,0.22314355131420976,,0.5,124,125,0.04241234064102173,0.11576563119888306,0.5318148732185364,0.6084727048873901,0.5525815486907959,,,,
61,hardest,0.0598,sweep,scaling,1.5,0.4054651081081644,,0.5,124,125,0.14217346906661987,0.2469962239265442,0.7263764142990112,0.7655922174453735,0.7676427364349365,,,,
61,hardest,0.0598,ensemble,scaling,,0.1,0.1,0.5,124,125,,,,,,0.12329139560461044,0.2782694101333618,0.5700912475585938,0.3762240707874298
61,hardest,0.0598,ensemble,scaling,,0.2,0.2,0.5,124,125,,,,,,0.10930237174034119,0.2909986972808838,0.5935521125793457,0.4412120580673218
61,hardest,0.0598,ensemble,scaling,,0.3,0.3,0.5,124,125,,,,,,0.09911739081144333,0.29889804124832153,0.6181100010871887,0.4643591344356537
61,hardest,0.0598,sweep,flip,0.0,0.0,,0.5,124,125,9.5367431640625e-07,1.3113021850585938e-06,4.377116965770256e-06,4.802267881132138e-07,4.377116965770256e-06,,,,
61,hardest,0.0598,sweep,flip,1.0,1.0,,0.5,124,125,0.05077648162841797,0.15924978256225586,0.5157339572906494,0.7141550183296204,0.5388970375061035,,,,
61,hardest,0.0598,sweep,shear,0.0,0.0,,0.5,124,125,7.748603820800781e-07,1.7881393432617188e-06,4.266662472218741e-06,4.0547865864937194e-07,4.266662472218741e-06,,,,
61,hardest,0.0598,sweep,shear,0.05,0.05,,0.5,124,125,0.03924649953842163,0.12563246488571167,0.3943212926387787,0.3890492618083954,0.3936685025691986,,,,
61,hardest,0.0598,sweep,shear,0.1,0.1,,0.5,124,125,0.05716055631637573,0.17306983470916748,0.44749903678894043,0.47179338335990906,0.451008677482605,,,,
61,hardest,0.0598,sweep,shear,0.2,0.2,,0.5,124,125,0.05321890115737915,0.1698925495147705,0.5137592554092407,0.5240668058395386,0.510685384273529,,,,
61,hardest,0.0598,sweep,shear,0.3,0.3,,0.5,124,125,0.07767581939697266,0.1961490511894226,0.5347145795822144,0.5364190340042114,0.5286610722541809,,,,
61,hardest,0.0598,ensemble,shear,,0.1,0.1,0.5,124,125,,,,,,0.057695724070072174,0.1213621199131012,0.38638538122177124,0.34304001927375793
61,hardest,0.0598,ensemble,shear,,0.2,0.2,0.5,124,125,,,,,,0.069139264523983,0.1328672468662262,0.4170840084552765,0.3911707103252411
61,hardest,0.0598,ensemble,shear,,0.3,0.3,0.5,124,125,,,,,,0.06533639878034592,0.1388929933309555,0.4205755889415741,0.3947596848011017
61,hardest,0.0598,sweep,rotation,0.0,0.0,,0.7,75,174,8.344650268554688e-07,9.5367431640625e-07,1.7005476138365339e-06,5.430947069839931e-08,1.7005476138365339e-06,,,,
61,hardest,0.0598,sweep,rotation,5.0,5.0,,0.7,75,174,0.051283836364746094,0.07339394092559814,0.3409070074558258,0.45912879705429077,0.3160759508609772,,,,
61,hardest,0.0598,sweep,rotation,10.0,10.0,,0.7,75,174,0.0818716287612915,0.11569821834564209,0.4131411015987396,0.5832778215408325,0.33666640520095825,,,,
61,hardest,0.0598,sweep,rotation,20.0,20.0,,0.7,75,174,0.060108304023742676,0.12915897369384766,0.5817233920097351,0.7162904739379883,0.4256179630756378,,,,
61,hardest,0.0598,sweep,rotation,30.0,30.0,,0.7,75,174,0.06733840703964233,0.13956046104431152,0.6379667520523071,0.8294706344604492,0.4291510283946991,,,,
61,hardest,0.0598,sweep,rotation,45.0,45.0,,0.7,75,174,0.10520392656326294,0.16854310035705566,0.6726369857788086,0.8902844190597534,0.4272336959838867,,,,
61,hardest,0.0598,ensemble,rotation,,10.0,10.0,0.7,75,174,,,,,,0.04134105145931244,0.08039896935224533,0.35180461406707764,0.4310823678970337
61,hardest,0.0598,ensemble,rotation,,20.0,20.0,0.7,75,174,,,,,,0.13653206825256348,0.10301954299211502,0.47193998098373413,0.5771641135215759
61,hardest,0.0598,ensemble,rotation,,30.0,30.0,0.7,75,174,,,,,,0.05106969550251961,0.11874809116125107,0.5482766032218933,0.6494795083999634
61,hardest,0.0598,sweep,translation,0.0,0.0,,0.7,75,174,8.344650268554688e-07,9.5367431640625e-07,1.7005476138365339e-06,5.430947069839931e-08,1.7005476138365339e-06,,,,
61,hardest,0.0598,sweep,translation,1.0,1.0,,0.7,75,174,0.07537847757339478,0.06159156560897827,0.2854405343532562,0.40948623418807983,0.269879549741745,,,,
61,hardest,0.0598,sweep,translation,2.0,2.0,,0.7,75,174,0.04905378818511963,0.0819212794303894,0.3674771785736084,0.5564479827880859,0.31602174043655396,,,,
61,hardest,0.0598,sweep,translation,4.0,4.0,,0.7,75,174,0.09512096643447876,0.10669147968292236,0.4224749505519867,0.6619568467140198,0.29573529958724976,,,,
61,hardest,0.0598,sweep,translation,6.0,6.0,,0.7,75,174,0.08278155326843262,0.1336073875427246,0.46852895617485046,0.6794139742851257,0.32716473937034607,,,,
61,hardest,0.0598,sweep,translation,8.0,8.0,,0.7,75,174,0.06667804718017578,0.11840999126434326,0.5140874981880188,0.7447923421859741,0.34830012917518616,,,,
61,hardest,0.0598,ensemble,translation,,2.0,2.0,0.7,75,174,,,,,,0.052384957671165466,0.09223947674036026,0.4552900791168213,0.5600008368492126
61,hardest,0.0598,ensemble,translation,,4.0,4.0,0.7,75,174,,,,,,0.05974055081605911,0.09417565166950226,0.5531517267227173,0.6632278561592102
61,hardest,0.0598,ensemble,translation,,6.0,6.0,0.7,75,174,,,,,,0.06721244752407074,0.1389513462781906,0.6195586323738098,0.7182461023330688
61,hardest,0.0598,sweep,scaling,0.8,0.2231435513142097,,0.7,75,174,0.09159886837005615,0.0797950029373169,0.4988518953323364,0.631062924861908,0.40461647510528564,,,,
61,hardest,0.0598,sweep,scaling,0.9,0.10536051565782628,,0.7,75,174,0.12103354930877686,0.11072587966918945,0.3969530761241913,0.47339481115341187,0.36209797859191895,,,,
61,hardest,0.0598,sweep,scaling,1.0,0.0,,0.7,75,174,8.344650268554688e-07,9.5367431640625e-07,1.7005476138365339e-06,5.430947069839931e-08,1.7005476138365339e-06,,,,
61,hardest,0.0598,sweep,scaling,1.1,0.09531017980432493,,0.7,75,174,0.07076847553253174,0.10078048706054688,0.38426244258880615,0.5170754790306091,0.3829039931297302,,,,
61,hardest,0.0598,sweep,scaling,1.25,0.22314355131420976,,0.7,75,174,0.08517545461654663,0.12855029106140137,0.5055729150772095,0.7415708899497986,0.4274267852306366,,,,
61,hardest,0.0598,sweep,scaling,1.5,0.4054651081081644,,0.7,75,174,0.20795881748199463,0.37403786182403564,0.7636098265647888,0.7667101621627808,0.7607680559158325,,,,
61,hardest,0.0598,ensemble,scaling,,0.1,0.1,0.7,75,174,,,,,,0.053606316447257996,0.07694292068481445,0.28500357270240784,0.3074588477611542
61,hardest,0.0598,ensemble,scaling,,0.2,0.2,0.7,75,174,,,,,,0.04598100855946541,0.09565656632184982,0.40000829100608826,0.4627298414707184
61,hardest,0.0598,ensemble,scaling,,0.3,0.3,0.7,75,174,,,,,,0.07864301651716232,0.11996880173683167,0.4821569323539734,0.538141667842865
61,hardest,0.0598,sweep,flip,0.0,0.0,,0.7,75,174,6.556510925292969e-07,8.344650268554688e-07,2.204192014687578e-06,8.759429448446099e-08,2.204192014687578e-06,,,,
61,hardest,0.0598,sweep,flip,1.0,1.0,,0.7,75,174,0.09717893600463867,0.1066213846206665,0.562156617641449,0.8686032891273499,0.3458045721054077,,,,
61,hardest,0.0598,sweep,shear,0.0,0.0,,0.7,75,174,1.0728836059570312e-06,9.5367431640625e-07,2.6855134365177946e-06,1.5183304924448748e-07,2.6855134365177946e-06,,,,
61,hardest,0.0598,sweep,shear,0.05,0.05,,0.7,75,174,0.0443415641784668,0.04563051462173462,0.22225230932235718,0.15469905734062195,0.23886723816394806,,,,
61,hardest,0.0598,sweep,shear,0.1,0.1,,0.7,75,174,0.07233822345733643,0.09002125263214111,0.2586400806903839,0.27129703760147095,0.2715170085430145,,,,
61,hardest,0.0598,sweep,shear,0.2,0.2,,0.7,75,174,0.06996315717697144,0.06818759441375732,0.33087873458862305,0.3916512429714203,0.31581345200538635,,,,
61,hardest,0.0598,sweep,shear,0.3,0.3,,0.7,75,174,0.09048759937286377,0.08860862255096436,0.3815990686416626,0.48066246509552,0.34249749779701233,,,,
61,hardest,0.0598,ensemble,shear,,0.1,0.1,0.7,75,174,,,,,,0.06574505567550659,0.0406840443611145,0.17157872021198273,0.15070557594299316
61,hardest,0.0598,ensemble,shear,,0.2,0.2,0.7,75,174,,,,,,0.07197944819927216,0.05281597748398781,0.2361830472946167,0.26330313086509705
61,hardest,0.0598,ensemble,shear,,0.3,0.3,0.7,75,174,,,,,,0.08309229463338852,0.06253491342067719,0.2831341624259949,0.3406432271003723
21,hardest,0.057,sweep,rotation,0.0,0.0,,0.3,174,75,4.76837158203125e-07,1.0728836059570312e-06,2.8735530577250756e-07,5.4689756723291794e-08,2.8735530577250756e-07,,,,
21,hardest,0.057,sweep,rotation,5.0,5.0,,0.3,174,75,0.02126830816268921,0.09766697883605957,0.12215100228786469,0.1415306180715561,0.14159442484378815,,,,
21,hardest,0.057,sweep,rotation,10.0,10.0,,0.3,174,75,0.027285337448120117,0.09057044982910156,0.12158814817667007,0.1483900099992752,0.19620026648044586,,,,
21,hardest,0.057,sweep,rotation,20.0,20.0,,0.3,174,75,0.028143644332885742,0.14589786529541016,0.1625155806541443,0.1708371341228485,0.29697731137275696,,,,
21,hardest,0.057,sweep,rotation,30.0,30.0,,0.3,174,75,0.05691218376159668,0.2406848669052124,0.3652305006980896,0.44312477111816406,0.3776799142360687,,,,
21,hardest,0.057,sweep,rotation,45.0,45.0,,0.3,174,75,0.03247833251953125,0.16594833135604858,0.37033116817474365,0.4901968240737915,0.4131093919277191,,,,
21,hardest,0.057,ensemble,rotation,,10.0,10.0,0.3,174,75,,,,,,0.04029040038585663,0.20336264371871948,0.15124113857746124,0.14774687588214874
21,hardest,0.057,ensemble,rotation,,20.0,20.0,0.3,174,75,,,,,,0.046019546687603,0.18054792284965515,0.20929118990898132,0.2475191056728363
21,hardest,0.057,ensemble,rotation,,30.0,30.0,0.3,174,75,,,,,,0.05456412956118584,0.23299726843833923,0.25244268774986267,0.3085761070251465
21,hardest,0.057,sweep,translation,0.0,0.0,,0.3,174,75,4.76837158203125e-07,1.0728836059570312e-06,2.8735530577250756e-07,5.4689756723291794e-08,2.8735530577250756e-07,,,,
21,hardest,0.057,sweep,translation,1.0,1.0,,0.3,174,75,0.0482143759727478,0.1302585005760193,0.12452218681573868,0.1640520542860031,0.1656229943037033,,,,
21,hardest,0.057,sweep,translation,2.0,2.0,,0.3,174,75,0.0443415641784668,0.1417033076286316,0.16383054852485657,0.2691487967967987,0.21538373827934265,,,,
21,hardest,0.057,sweep,translation,4.0,4.0,,0.3,174,75,0.06368857622146606,0.21328574419021606,0.44212427735328674,0.588746190071106,0.5074644684791565,,,,
21,hardest,0.057,sweep,translation,6.0,6.0,,0.3,174,75,0.1008957028388977,0.18997514247894287,0.4677126407623291,0.7355451583862305,0.5252898931503296,,,,
21,hardest,0.057,sweep,translation,8.0,8.0,,0.3,174,75,0.09850287437438965,0.21234548091888428,0.31455039978027344,0.41892826557159424,0.45687535405158997,,,,
21,hardest,0.057,ensemble,translation,,2.0,2.0,0.3,174,75,,,,,,0.07161448895931244,0.2753746509552002,0.30088746547698975,0.35322126746177673
21,hardest,0.057,ensemble,translation,,4.0,4.0,0.3,174,75,,,,,,0.09671074897050858,0.3540342152118683,0.33639615774154663,0.46953967213630676
21,hardest,0.057,ensemble,translation,,6.0,6.0,0.3,174,75,,,,,,0.07193003594875336,0.2511843144893646,0.34538182616233826,0.4835403561592102
21,hardest,0.057,sweep,scaling,0.8,0.2231435513142097,,0.3,174,75,0.03272545337677002,0.20247340202331543,0.15457695722579956,0.23948970437049866,0.21645769476890564,,,,
21,hardest,0.057,sweep,scaling,0.9,0.10536051565782628,,0.3,174,75,0.021779179573059082,0.12416791915893555,0.13447542488574982,0.19395914673805237,0.15671905875205994,,,,
21,hardest,0.057,sweep,scaling,1.0,0.0,,0.3,174,75,4.76837158203125e-07,1.0728836059570312e-06,2.8735530577250756e-07,5.4689756723291794e-08,2.8735530577250756e-07,,,,
21,hardest,0.057,sweep,scaling,1.1,0.09531017980432493,,0.3,174,75,0.0408627986907959,0.1814265251159668,0.23732686042785645,0.24231240153312683,0.274633526802063,,,,
21,hardest,0.057,sweep,scaling,1.25,0.22314355131420976,,0.3,174,75,0.03622967004776001,0.14774096012115479,0.22209641337394714,0.22580382227897644,0.3273884952068329,,,,
21,hardest,0.057,sweep,scaling,1.5,0.4054651081081644,,0.3,174,75,0.019813179969787598,0.08417737483978271,0.18180374801158905,0.29522451758384705,0.34994789958000183,,,,
21,hardest,0.057,ensemble,scaling,,0.1,0.1,0.3,174,75,,,,,,0.028318125754594803,0.12695880234241486,0.15402314066886902,0.16975924372673035
21,hardest,0.057,ensemble,scaling,,0.2,0.2,0.3,174,75,,,,,,0.03437544405460358,0.1652473509311676,0.16756729781627655,0.20331689715385437
21,hardest,0.057,ensemble,scaling,,0.3,0.3,0.3,174,75,,,,,,0.03838326781988144,0.16994608938694,0.17652477324008942,0.22659605741500854
21,hardest,0.057,sweep,flip,0.0,0.0,,0.3,174,75,2.384185791015625e-07,9.5367431640625e-07,8.309613690471451e-07,1.9018355601474468e-07,8.309613690471451e-07,,,,
21,hardest,0.057,sweep,flip,1.0,1.0,,0.3,174,75,0.07702398300170898,0.28511476516723633,0.37898609042167664,0.4352697730064392,0.3760559558868408,,,,
21,hardest,0.057,sweep,shear,0.0,0.0,,0.3,174,75,7.152557373046875e-07,1.0728836059570312e-06,4.0916111743172223e-07,6.719018585954473e-08,4.0916111743172223e-07,,,,
21,hardest,0.057,sweep,shear,0.05,0.05,,0.3,174,75,0.023740530014038086,0.08769607543945312,0.11994296312332153,0.14278317987918854,0.12085164338350296,,,,
21,hardest,0.057,sweep,shear,0.1,0.1,,0.3,174,75,0.01531761884689331,0.13425439596176147,0.0670231282711029,0.09457594901323318,0.07743065059185028,,,,
21,hardest,0.057,sweep,shear,0.2,0.2,,0.3,174,75,0.030359983444213867,0.13936877250671387,0.30698996782302856,0.40301910042762756,0.25807157158851624,,,,
21,hardest,0.057,sweep,shear,0.3,0.3,,0.3,174,75,0.02992182970046997,0.1369374394416809,0.3144296109676361,0.41186439990997314,0.24663403630256653,,,,
21,hardest,0.057,ensemble,shear,,0.1,0.1,0.3,174,75,,,,,,0.016232334077358246,0.08213852345943451,0.07860194891691208,0.08459828048944473
21,hardest,0.057,ensemble,shear,,0.2,0.2,0.3,174,75,,,,,,0.02266380377113819,0.09810112416744232,0.16128069162368774,0.1962358057498932
21,hardest,0.057,ensemble,shear,,0.3,0.3,0.3,174,75,,,,,,0.037404026836156845,0.15930195152759552,0.2278228998184204,0.25745630264282227
21,hardest,0.057,sweep,rotation,0.0,0.0,,0.5,124,125,0.0005512833595275879,0.011330723762512207,0.0005205364432185888,9.947667422238737e-05,0.0005205364432185888,,,,
21,hardest,0.057,sweep,rotation,5.0,5.0,,0.5,124,125,0.08053445816040039,0.5481223464012146,0.14480853080749512,0.09973592311143875,0.14328047633171082,,,,
21,hardest,0.057,sweep,rotation,10.0,10.0,,0.5,124,125,0.06966531276702881,0.40286946296691895,0.13089853525161743,0.14921525120735168,0.13025888800621033,,,,
21,hardest,0.057,sweep,rotation,20.0,20.0,,0.5,124,125,0.039549052715301514,0.32322531938552856,0.12649230659008026,0.17594225704669952,0.1180342584848404,,,,
21,hardest,0.057,sweep,rotation,30.0,30.0,,0.5,124,125,0.04761093854904175,0.4359346628189087,0.14959552884101868,0.21241351962089539,0.12013979256153107,,,,
21,hardest,0.057,sweep,rotation,45.0,45.0,,0.5,124,125,0.05359762907028198,0.46065032482147217,0.12625814974308014,0.21873484551906586,0.1274554431438446,,,,
21,hardest,0.057,ensemble,rotation,,10.0,10.0,0.5,124,125,,,,,,0.04777054488658905,0.29807719588279724,0.06861574202775955,0.07705781608819962
21,hardest,0.057,ensemble,rotation,,20.0,20.0,0.5,124,125,,,,,,0.04808149114251137,0.3584791123867035,0.08926855027675629,0.13365650177001953
21,hardest,0.057,ensemble,rotation,,30.0,30.0,0.5,124,125,,,,,,0.04955100268125534,0.3634016215801239,0.10937775671482086,0.1713218092918396
21,hardest,0.057,sweep,translation,0.0,0.0,,0.5,124,125,0.0005512833595275879,0.011330723762512207,0.0005205364432185888,9.947667422238737e-05,0.0005205364432185888,,,,
21,hardest,0.057,sweep,translation,1.0,1.0,,0.5,124,125,0.0637020468711853,0.35810232162475586,0.1387173980474472,0.18417607247829437,0.11841762065887451,,,,
21,hardest,0.057,sweep,translation,2.0,2.0,,0.5,124,125,0.07960206270217896,0.4641677141189575,0.11366435885429382,0.1856028437614441,0.07193214446306229,,,,
21,hardest,0.057,sweep,translation,4.0,4.0,,0.5,124,125,0.0429500937461853,0.41897493600845337,0.14693906903266907,0.22498291730880737,0.08378811925649643,,,,
21,hardest,0.057,sweep,translation,6.0,6.0,,0.5,124,125,0.11098283529281616,0.43295156955718994,0.3290741443634033,0.34296607971191406,0.2676481604576111,,,,
21,hardest,0.057,sweep,translation,8.0,8.0,,0.5,124,125,0.07852858304977417,0.3181498050689697,0.3196296989917755,0.28474488854408264,0.18883176147937775,,,,
21,hardest,0.057,ensemble,translation,,2.0,2.0,0.5,124,125,,,,,,0.05718372017145157,0.3486484885215759,0.15391500294208527,0.2146645337343216
21,hardest,0.057,ensemble,translation,,4.0,4.0,0.5,124,125,,,,,,0.05814714357256889,0.336479127407074,0.17318512499332428,0.23040586709976196
21,hardest,0.057,ensemble,translation,,6.0,6.0,0.5,124,125,,,,,,0.07097522914409637,0.4023646414279938,0.24618424475193024,0.27362173795700073
21,hardest,0.057,sweep,scaling,0.8,0.2231435513142097,,0.5,124,125,0.06071966886520386,0.4380139112472534,0.1057376116514206,0.096180260181427,0.09824337810277939,,,,
21,hardest,0.057,sweep,scaling,0.9,0.10536051565782628,,0.5,124,125,0.038136303424835205,0.3401030898094177,0.09550854563713074,0.07273945212364197,0.09301531314849854,,,,
21,hardest,0.057,sweep,scaling,1.0,0.0,,0.5,124,125,0.0005512833595275879,0.011330723762512207,0.0005205364432185888,9.947667422238737e-05,0.0005205364432185888,,,,
21,hardest,0.057,sweep,scaling,1.1,0.09531017980432493,,0.5,124,125,0.10385990142822266,0.48494815826416016,0.14709147810935974,0.10296300053596497,0.15465915203094482,,,,
21,hardest,0.057,sweep,scaling,1.25,0.22314355131420976,,0.5,124,125,0.08619880676269531,0.5426681637763977,0.12121392786502838,0.10915043950080872,0.13437840342521667,,,,
21,hardest,0.057,sweep,scaling,1.5,0.4054651081081644,,0.5,124,125,0.09160655736923218,0.44943541288375854,0.2739664614200592,0.2249453067779541,0.2818854749202728,,,,
21,hardest,0.057,ensemble,scaling,,0.1,0.1,0.5,124,125,,,,,,0.0395134873688221,0.21578972041606903,0.04579438641667366,0.044766392558813095
21,hardest,0.057,ensemble,scaling,,0.2,0.2,0.5,124,125,,,,,,0.045078620314598083,0.2438596785068512,0.058509498834609985,0.07427389919757843
21,hardest,0.057,ensemble,scaling,,0.3,0.3,0.5,124,125,,,,,,0.055519234389066696,0.28385910391807556,0.08268272131681442,0.1002487912774086
21,hardest,0.057,sweep,flip,0.0,0.0,,0.5,124,125,1.9669532775878906e-05,0.0007078051567077637,2.7414989745011553e-05,4.619522769644391e-06,2.7414989745011553e-05,,,,
21,hardest,0.057,sweep,flip,1.0,1.0,,0.5,124,125,0.11294186115264893,0.5772432684898376,0.20658515393733978,0.1974349468946457,0.20315422117710114,,,,
21,hardest,0.057,sweep,shear,0.0,0.0,,0.5,124,125,5.245208740234375e-06,0.00018489360809326172,7.2823158916435204e-06,1.1977465419477085e-06,7.2823158916435204e-06,,,,
21,hardest,0.057,sweep,shear,0.05,0.05,,0.5,124,125,0.088950514793396,0.5041723251342773,0.11923785507678986,0.08718417584896088,0.11930780857801437,,,,
21,hardest,0.057,sweep,shear,0.1,0.1,,0.5,124,125,0.09435510635375977,0.545860767364502,0.10917152464389801,0.09285992383956909,0.11206402629613876,,,,
21,hardest,0.057,sweep,shear,0.2,0.2,,0.5,124,125,0.042426884174346924,0.317371666431427,0.0979769229888916,0.10470674932003021,0.09737721085548401,,,,
21,hardest,0.057,sweep,shear,0.3,0.3,,0.5,124,125,0.025454342365264893,0.1996746063232422,0.07022875547409058,0.10894253104925156,0.05692300945520401,,,,
21,hardest,0.057,ensemble,shear,,0.1,0.1,0.5,124,125,,,,,,0.023038098588585854,0.1959257572889328,0.0355503112077713,0.03304729610681534
21,hardest,0.057,ensemble,shear,,0.2,0.2,0.5,124,125,,,,,,0.03598172962665558,0.23091083765029907,0.05487719923257828,0.06722842156887054
21,hardest,0.057,ensemble,shear,,0.3,0.3,0.5,124,125,,,,,,0.05188672989606857,0.2741719186306,0.07578723877668381,0.09493924677371979
21,hardest,0.057,sweep,rotation,0.0,0.0,,0.7,75,174,4.76837158203125e-07,2.8014183044433594e-06,2.4700412382117065e-07,1.1189319693016841e-08,2.4700412382117065e-07,,,,
21,hardest,0.057,sweep,rotation,5.0,5.0,,0.7,75,174,0.01848161220550537,0.10839533805847168,0.016388820484280586,0.014130637049674988,0.014241199009120464,,,,
21,hardest,0.057,sweep,rotation,10.0,10.0,,0.7,75,174,0.06880682706832886,0.2941814064979553,0.05391297861933708,0.10580392926931381,0.04221662878990173,,,,
21,hardest,0.057,sweep,rotation,20.0,20.0,,0.7,75,174,0.06325304508209229,0.39728397130966187,0.07437263429164886,0.15584248304367065,0.04193597659468651,,,,
21,hardest,0.057,sweep,rotation,30.0,30.0,,0.7,75,174,0.07016897201538086,0.3119158148765564,0.08847647160291672,0.19117844104766846,0.03306443989276886,,,,
21,hardest,0.057,sweep,rotation,45.0,45.0,,0.7,75,174,0.09878826141357422,0.4192594289779663,0.12871216237545013,0.2027733474969864,0.046128056943416595,,,,
21,hardest,0.057,ensemble,rotation,,10.0,10.0,0.7,75,174,,,,,,0.03630296140909195,0.25403088331222534,0.04417368397116661,0.0534369982779026
21,hardest,0.057,ensemble,rotation,,20.0,20.0,0.7,75,174,,,,,,0.05125908926129341,0.3137640058994293,0.06743262708187103,0.1073923408985138
21,hardest,0.057,ensemble,rotation,,30.0,30.0,0.7,75,174,,,,,,0.045473773032426834,0.29361841082572937,0.07705342769622803,0.14157480001449585
21,hardest,0.057,sweep,translation,0.0,0.0,,0.7,75,174,4.76837158203125e-07,2.8014183044433594e-06,2.4700412382117065e-07,1.1189319693016841e-08,2.4700412382117065e-07,,,,
21,hardest,0.057,sweep,translation,1.0,1.0,,0.7,75,174,0.06686782836914062,0.26726818084716797,0.053547203540802,0.16916801035404205,0.03927517309784889,,,,
21,hardest,0.057,sweep,translation,2.0,2.0,,0.7,75,174,0.047918081283569336,0.19227105379104614,0.09650605916976929,0.2233445942401886,0.02373303845524788,,,,
21,hardest,0.057,sweep,translation,4.0,4.0,,0.7,75,174,0.05160379409790039,0.290108323097229,0.1555619239807129,0.25538480281829834,0.03531986102461815,,,,
21,hardest,0.057,sweep,translation,6.0,6.0,,0.7,75,174,0.08147239685058594,0.23441612720489502,0.19411984086036682,0.25856226682662964,0.04308295249938965,,,,
21,hardest,0.057,sweep,translation,8.0,8.0,,0.7,75,174,0.07537156343460083,0.19859862327575684,0.21919798851013184,0.2692049443721771,0.03719117119908333,,,,
21,hardest,0.057,ensemble,translation,,2.0,2.0,0.7,75,174,,,,,,0.07197383791208267,0.3387841284275055,0.11239004135131836,0.1911674290895462
21,hardest,0.057,ensemble,translation,,4.0,4.0,0.7,75,174,,,,,,0.046300847083330154,0.28330451250076294,0.15024323761463165,0.21840934455394745
21,hardest,0.057,ensemble,translation,,6.0,6.0,0.7,75,174,,,,,,0.058478228747844696,0.3029462993144989,0.18217259645462036,0.23397281765937805
21,hardest,0.057,sweep,scaling,0.8,0.2231435513142097,,0.7,75,174,0.05677962303161621,0.2883390188217163,0.058391738682985306,0.0780521035194397,0.038622114807367325,,,,
21,hardest,0.057,sweep,scaling,0.9,0.10536051565782628,,0.7,75,174,0.06255757808685303,0.2383354902267456,0.05852919816970825,0.03931288421154022,0.05539591982960701,,,,
21,hardest,0.057,sweep,scaling,1.0,0.0,,0.7,75,174,4.76837158203125e-07,2.8014183044433594e-06,2.4700412382117065e-07,1.1189319693016841e-08,2.4700412382117065e-07,,,,
21,hardest,0.057,sweep,scaling,1.1,0.09531017980432493,,0.7,75,174,0.03463435173034668,0.1651686429977417,0.030727814882993698,0.03226686269044876,0.029520614072680473,,,,
21,hardest,0.057,sweep,scaling,1.25,0.22314355131420976,,0.7,75,174,0.08742856979370117,0.36173534393310547,0.06831330060958862,0.10073859244585037,0.0523696169257164,,,,
21,hardest,0.057,sweep,scaling,1.5,0.4054651081081644,,0.7,75,174,0.08915472030639648,0.30486631393432617,0.1263514757156372,0.19001972675323486,0.08109646290540695,,,,
21,hardest,0.057,ensemble,scaling,,0.1,0.1,0.7,75,174,,,,,,0.026441754773259163,0.12609544396400452,0.023664122447371483,0.01848374679684639
21,hardest,0.057,ensemble,scaling,,0.2,0.2,0.7,75,174,,,,,,0.05144496262073517,0.2471611201763153,0.046064313501119614,0.049023937433958054
21,hardest,0.057,ensemble,scaling,,0.3,0.3,0.7,75,174,,,,,,0.05558179318904877,0.29257094860076904,0.06260404735803604,0.0834873616695404
21,hardest,0.057,sweep,flip,0.0,0.0,,0.7,75,174,2.384185791015625e-07,3.7550926208496094e-06,2.508809018308966e-07,1.1413575862206926e-08,2.508809018308966e-07,,,,
21,hardest,0.057,sweep,flip,1.0,1.0,,0.7,75,174,0.08860504627227783,0.43635642528533936,0.190764918923378,0.24705813825130463,0.08797596395015717,,,,
21,hardest,0.057,sweep,shear,0.0,0.0,,0.7,75,174,4.172325134277344e-07,3.933906555175781e-06,2.27620873261003e-07,1.1631061447303637e-08,2.27620873261003e-07,,,,
21,hardest,0.057,sweep,shear,0.05,0.05,,0.7,75,174,0.017039060592651367,0.15878546237945557,0.017899727448821068,0.009638803079724312,0.018808601424098015,,,,
21,hardest,0.057,sweep,shear,0.1,0.1,,0.7,75,174,0.030748367309570312,0.20663565397262573,0.03133324161171913,0.021931134164333344,0.02843569964170456,,,,
21,hardest,0.057,sweep,shear,0.2,0.2,,0.7,75,174,0.03411298990249634,0.17439675331115723,0.03797435760498047,0.09610950946807861,0.022732026875019073,,,,
21,hardest,0.057,sweep,shear,0.3,0.3,,0.7,75,174,0.03151237964630127,0.23226189613342285,0.04307279363274574,0.14565542340278625,0.02681323140859604,,,,
21,hardest,0.057,ensemble,shear,,0.1,0.1,0.7,75,174,,,,,,0.020284553989768028,0.08317627012729645,0.02360941283404827,0.015124992467463017
21,hardest,0.057,ensemble,shear,,0.2,0.2,0.7,75,174,,,,,,0.03943509981036186,0.19629400968551636,0.04183679074048996,0.05663617327809334
21,hardest,0.057,ensemble,shear,,0.3,0.3,0.7,75,174,,,,,,0.04605511575937271,0.2819598615169525,0.05890292674303055,0.09177501499652863
44,hardest,0.056,sweep,rotation,0.0,0.0,,0.3,174,75,5.960464477539062e-07,1.6689300537109375e-06,4.183390501566464e-06,6.285108042902721e-07,4.183390501566464e-06,,,,
44,hardest,0.056,sweep,rotation,5.0,5.0,,0.3,174,75,0.08183419704437256,0.23987805843353271,0.31321004033088684,0.3523552715778351,0.33912914991378784,,,,
44,hardest,0.056,sweep,rotation,10.0,10.0,,0.3,174,75,0.05668365955352783,0.35096514225006104,0.33999893069267273,0.36671823263168335,0.3901897668838501,,,,
44,hardest,0.056,sweep,rotation,20.0,20.0,,0.3,174,75,0.059015095233917236,0.2740113139152527,0.46639642119407654,0.37196552753448486,0.5150054693222046,,,,
44,hardest,0.056,sweep,rotation,30.0,30.0,,0.3,174,75,0.1171141266822815,0.4651409983634949,0.41584938764572144,0.38197532296180725,0.4837315082550049,,,,
44,hardest,0.056,sweep,rotation,45.0,45.0,,0.3,174,75,0.07201534509658813,0.31837916374206543,0.39601507782936096,0.3928743600845337,0.5023665428161621,,,,
44,hardest,0.056,ensemble,rotation,,10.0,10.0,0.3,174,75,,,,,,0.054590098559856415,0.17618615925312042,0.2470029592514038,0.21615320444107056
44,hardest,0.056,ensemble,rotation,,20.0,20.0,0.3,174,75,,,,,,0.07588710635900497,0.3155457079410553,0.3898807466030121,0.33802711963653564
44,hardest,0.056,ensemble,rotation,,30.0,30.0,0.3,174,75,,,,,,0.09157831221818924,0.33148759603500366,0.39761629700660706,0.3577429950237274
44,hardest,0.056,sweep,translation,0.0,0.0,,0.3,174,75,5.960464477539062e-07,1.6689300537109375e-06,4.183390501566464e-06,6.285108042902721e-07,4.183390501566464e-06,,,,
44,hardest,0.056,sweep,translation,1.0,1.0,,0.3,174,75,0.1077355146408081,0.4093451499938965,0.4126361608505249,0.37213370203971863,0.42006874084472656,,,,
44,hardest,0.056,sweep,translation,2.0,2.0,,0.3,174,75,0.03989815711975098,0.09710967540740967,0.2070816159248352,0.14294461905956268,0.2635008692741394,,,,
44,hardest,0.056,sweep,translation,4.0,4.0,,0.3,174,75,0.06486278772354126,0.16698920726776123,0.31086474657058716,0.33840039372444153,0.38351160287857056,,,,
44,hardest,0.056,sweep,translation,6.0,6.0,,0.3,174,75,0.07374387979507446,0.25258469581604004,0.3640081584453583,0.38583460450172424,0.42512065172195435,,,,
44,hardest,0.056,sweep,translation,8.0,8.0,,0.3,174,75,0.05819809436798096,0.0981755256652832,0.20709389448165894,0.13213542103767395,0.35771113634109497,,,,
44,hardest,0.056,ensemble,translation,,2.0,2.0,0.3,174,75,,,,,,0.06906215846538544,0.1654239445924759,0.26835083961486816,0.22838740050792694
44,hardest,0.056,ensemble,translation,,4.0,4.0,0.3,174,75,,,,,,0.10576681792736053,0.3807089030742645,0.5111042261123657,0.46912869811058044
44,hardest,0.056,ensemble,translation,,6.0,6.0,0.3,174,75,,,,,,0.10927707701921463,0.3243979513645172,0.5269419550895691,0.5434920787811279
44,hardest,0.056,sweep,scaling,0.8,0.2231435513142097,,0.3,174,75,0.04806160926818848,0.1020660400390625,0.26598984003067017,0.18528026342391968,0.3563961386680603,,,,
44,hardest,0.056,sweep,scaling,0.9,0.10536051565782628,,0.3,174,75,0.04180598258972168,0.04620999097824097,0.19819799065589905,0.1195048987865448,0.30358806252479553,,,,
44,hardest,0.056,sweep,scaling,1.0,0.0,,0.3,174,75,5.960464477539062e-07,1.6689300537109375e-06,4.183390501566464e-06,6.285108042902721e-07,4.183390501566464e-06,,,,
44,hardest,0.056,sweep,scaling,1.1,0.09531017980432493,,0.3,174,75,0.0959438681602478,0.3107606768608093,0.41425520181655884,0.3745577335357666,0.44485580921173096,,,,
44,hardest,0.056,sweep,scaling,1.25,0.22314355131420976,,0.3,174,75,0.052427589893341064,0.22981202602386475,0.3191966712474823,0.21022972464561462,0.42730557918548584,,,,
44,hardest,0.056,sweep,scaling,1.5,0.4054651081081644,,0.3,174,75,0.056480228900909424,0.12797313928604126,0.24199515581130981,0.20607295632362366,0.5188678503036499,,,,
44,hardest,0.056,ensemble,scaling,,0.1,0.1,0.3,174,75,,,,,,0.07259686291217804,0.1826002299785614,0.28791046142578125,0.23915626108646393
44,hardest,0.056,ensemble,scaling,,0.2,0.2,0.3,174,75,,,,,,0.06230708956718445,0.2700152099132538,0.3531664311885834,0.30304551124572754
44,hardest,0.056,ensemble,scaling,,0.3,0.3,0.3,174,75,,,,,,0.07918184250593185,0.29202818870544434,0.3752667009830475,0.33401456475257874
44,hardest,0.056,sweep,flip,0.0,0.0,,0.3,174,75,5.960464477539062e-07,1.1920928955078125e-06,3.1623762879462447e-06,4.924954737361986e-07,3.1623762879462447e-06,,,,
44,hardest,0.056,sweep,flip,1.0,1.0,,0.3,174,75,0.054698824882507324,0.053610920906066895,0.15092724561691284,0.14226943254470825,0.33479538559913635,,,,
44,hardest,0.056,sweep,shear,0.0,0.0,,0.3,174,75,1.4901161193847656e-06,2.205371856689453e-06,6.724395461787935e-06,1.0893508033404942e-06,6.724395461787935e-06,,,,
44,hardest,0.056,sweep,shear,0.05,0.05,,0.3,174,75,0.018583714962005615,0.029382705688476562,0.10893482714891434,0.08280709385871887,0.13735298812389374,,,,
44,hardest,0.056,sweep,shear,0.1,0.1,,0.3,174,75,0.016199707984924316,0.03915083408355713,0.10974660515785217,0.11396374553442001,0.1509855091571808,,,,
44,hardest,0.056,sweep,shear,0.2,0.2,,0.3,174,75,0.10149312019348145,0.3699737787246704,0.4075475335121155,0.3700808882713318,0.41239166259765625,,,,
44,hardest,0.056,sweep,shear,0.3,0.3,,0.3,174,75,0.10252606868743896,0.43232953548431396,0.4300326704978943,0.3846791386604309,0.4392823874950409,,,,
44,hardest,0.056,ensemble,shear,,0.1,0.1,0.3,174,75,,,,,,0.015867725014686584,0.02511914260685444,0.06658682972192764,0.05718742311000824
44,hardest,0.056,ensemble,shear,,0.2,0.2,0.3,174,75,,,,,,0.04831636697053909,0.10954440385103226,0.17701111733913422,0.15067557990550995
44,hardest,0.056,ensemble,shear,,0.3,0.3,0.3,174,75,,,,,,0.05699705332517624,0.13494205474853516,0.20822805166244507,0.18266506493091583
44,hardest,0.056,sweep,rotation,0.0,0.0,,0.5,124,125,1.3709068298339844e-06,3.039836883544922e-06,3.2742650546424557e-06,3.727597572833474e-07,3.2742650546424557e-06,,,,
44,hardest,0.056,sweep,rotation,5.0,5.0,,0.5,124,125,0.054840147495269775,0.1334097981452942,0.23582063615322113,0.2089451253414154,0.2643287479877472,,,,
44,hardest,0.056,sweep,rotation,10.0,10.0,,0.5,124,125,0.08323818445205688,0.14679878950119019,0.375340074300766,0.2691081166267395,0.37379154562950134,,,,
44,hardest,0.056,sweep,rotation,20.0,20.0,,0.5,124,125,0.09895861148834229,0.21482229232788086,0.5286753177642822,0.42593854665756226,0.4497007727622986,,,,
44,hardest,0.056,sweep,rotation,30.0,30.0,,0.5,124,125,0.07406234741210938,0.28188586235046387,0.5432011485099792,0.4314052164554596,0.4772157073020935,,,,
44,hardest,0.056,sweep,rotation,45.0,45.0,,0.5,124,125,0.09564816951751709,0.26790130138397217,0.6096380949020386,0.41222861409187317,0.6400806903839111,,,,
44,hardest,0.056,ensemble,rotation,,10.0,10.0,0.5,124,125,,,,,,0.08043001592159271,0.209051713347435,0.301550954580307,0.2184765338897705
44,hardest,0.056,ensemble,rotation,,20.0,20.0,0.5,124,125,,,,,,0.06873028725385666,0.19763018190860748,0.3714192509651184,0.29046475887298584
44,hardest,0.056,ensemble,rotation,,30.0,30.0,0.5,124,125,,,,,,0.08492408692836761,0.21189381182193756,0.45257896184921265,0.358568012714386
44,hardest,0.056,sweep,translation,0.0,0.0,,0.5,124,125,1.3709068298339844e-06,3.039836883544922e-06,3.2742650546424557e-06,3.727597572833474e-07,3.2742650546424557e-06,,,,
44,hardest,0.056,sweep,translation,1.0,1.0,,0.5,124,125,0.043428659439086914,0.11263322830200195,0.175789937376976,0.15019488334655762,0.20094037055969238,,,,
44,hardest,0.056,sweep,translation,2.0,2.0,,0.5,124,125,0.04343008995056152,0.11964547634124756,0.15916121006011963,0.16593950986862183,0.21486924588680267,,,,
44,hardest,0.056,sweep,translation,4.0,4.0,,0.5,124,125,0.07458943128585815,0.3492438793182373,0.38414466381073,0.3156697154045105,0.43115293979644775,,,,
44,hardest,0.056,sweep,translation,6.0,6.0,,0.5,124,125,0.0653219223022461,0.2961709499359131,0.3549884557723999,0.3206911087036133,0.36746901273727417,,,,
44,hardest,0.056,sweep,translation,8.0,8.0,,0.5,124,125,0.10525566339492798,0.2781345844268799,0.41794079542160034,0.36223071813583374,0.4354397654533386,,,,
44,hardest,0.056,ensemble,translation,,2.0,2.0,0.5,124,125,,,,,,0.058253996074199677,0.2306193709373474,0.36144325137138367,0.2733480632305145
44,hardest,0.056,ensemble,translation,,4.0,4.0,0.5,124,125,,,,,,0.08157162368297577,0.22718340158462524,0.48450833559036255,0.38515937328338623
44,hardest,0.056,ensemble,translation,,6.0,6.0,0.5,124,125,,,,,,0.1159801110625267,0.2286830097436905,0.5506476759910583,0.4368710517883301
44,hardest,0.056,sweep,scaling,0.8,0.2231435513142097,,0.5,124,125,0.07620799541473389,0.15888243913650513,0.30393752455711365,0.26597708463668823,0.30696725845336914,,,,
44,hardest,0.056,sweep,scaling,0.9,0.10536051565782628,,0.5,124,125,0.0589333176612854,0.16793489456176758,0.3340988755226135,0.22168147563934326,0.35103145241737366,,,,
44,hardest,0.056,sweep,scaling,1.0,0.0,,0.5,124,125,1.3709068298339844e-06,3.039836883544922e-06,3.2742650546424557e-06,3.727597572833474e-07,3.2742650546424557e-06,,,,
44,hardest,0.056,sweep,scaling,1.1,0.09531017980432493,,0.5,124,125,0.068126380443573,0.20121824741363525,0.3828194737434387,0.24316053092479706,0.41926515102386475,,,,
44,hardest,0.056,sweep,scaling,1.25,0.22314355131420976,,0.5,124,125,0.13204419612884521,0.2123430371284485,0.5065476298332214,0.3448009490966797,0.5464662313461304,,,,
44,hardest,0.056,sweep,scaling,1.5,0.4054651081081644,,0.5,124,125,0.1116296648979187,0.24908936023712158,0.5663730502128601,0.37160980701446533,0.6428009271621704,,,,
44,hardest,0.056,ensemble,scaling,,0.1,0.1,0.5,124,125,,,,,,0.038091447204351425,0.11594846844673157,0.1896585077047348,0.126324862241745
44,hardest,0.056,ensemble,scaling,,0.2,0.2,0.5,124,125,,,,,,0.04843665286898613,0.15504203736782074,0.24030686914920807,0.1800781935453415
44,hardest,0.056,ensemble,scaling,,0.3,0.3,0.5,124,125,,,,,,0.05283254757523537,0.15109044313430786,0.30118200182914734,0.2423676699399948
44,hardest,0.056,sweep,flip,0.0,0.0,,0.5,124,125,2.384185791015625e-07,7.748603820800781e-07,1.2773380149155855e-06,6.83520227084955e-08,1.2773380149155855e-06,,,,
44,hardest,0.056,sweep,flip,1.0,1.0,,0.5,124,125,0.04333090782165527,0.2404358983039856,0.4156399965286255,0.44031423330307007,0.3391870856285095,,,,
44,hardest,0.056,sweep,shear,0.0,0.0,,0.5,124,125,7.152557373046875e-07,1.9073486328125e-06,2.5563015242369147e-06,2.617528309656336e-07,2.5563015242369147e-06,,,,
44,hardest,0.056,sweep,shear,0.05,0.05,,0.5,124,125,0.04869818687438965,0.10686367750167847,0.2409590184688568,0.10951263457536697,0.2568550705909729,,,,
44,hardest,0.056,sweep,shear,0.1,0.1,,0.5,124,125,0.03924441337585449,0.10269159078598022,0.2522395849227905,0.11070969700813293,0.2752414643764496,,,,
44,hardest,0.056,sweep,shear,0.2,0.2,,0.5,124,125,0.07263827323913574,0.15172207355499268,0.35511109232902527,0.1853064000606537,0.3856663107872009,,,,
44,hardest,0.056,sweep,shear,0.3,0.3,,0.5,124,125,0.08365786075592041,0.13175725936889648,0.3035832941532135,0.20056366920471191,0.3460722267627716,,,,
44,hardest,0.056,ensemble,shear,,0.1,0.1,0.5,124,125,,,,,,0.03812415525317192,0.08471647650003433,0.17077066004276276,0.08972738683223724
44,hardest,0.056,ensemble,shear,,0.2,0.2,0.5,124,125,,,,,,0.04341290891170502,0.10145903378725052,0.20762786269187927,0.1241307482123375
44,hardest,0.056,ensemble,shear,,0.3,0.3,0.5,124,125,,,,,,0.0506589449942112,0.12457317858934402,0.23459509015083313,0.14365556836128235
44,hardest,0.056,sweep,rotation,0.0,0.0,,0.7,75,174,2.384185791015625e-07,8.344650268554688e-07,1.743012717270176e-06,2.990682901327091e-08,1.743012717270176e-06,,,,
44,hardest,0.056,sweep,rotation,5.0,5.0,,0.7,75,174,0.04781937599182129,0.11639904975891113,0.45975160598754883,0.2768399119377136,0.4494245648384094,,,,
44,hardest,0.056,sweep,rotation,10.0,10.0,,0.7,75,174,0.07328224182128906,0.19263994693756104,0.4943367540836334,0.3803851306438446,0.42144179344177246,,,,
44,hardest,0.056,sweep,rotation,20.0,20.0,,0.7,75,174,0.07332271337509155,0.2387489676475525,0.6095367670059204,0.4547956585884094,0.46980172395706177,,,,
44,hardest,0.056,sweep,rotation,30.0,30.0,,0.7,75,174,0.07360720634460449,0.2813119888305664,0.7210788726806641,0.558648943901062,0.501732349395752,,,,
44,hardest,0.056,sweep,rotation,45.0,45.0,,0.7,75,174,0.1264733076095581,0.3591768741607666,0.80975341796875,0.584742546081543,0.6223007440567017,,,,
44,hardest,0.056,ensemble,rotation,,10.0,10.0,0.7,75,174,,,,,,0.05784798040986061,0.15672452747821808,0.3212670087814331,0.234622985124588
44,hardest,0.056,ensemble,rotation,,20.0,20.0,0.7,75,174,,,,,,0.0789751335978508,0.17181727290153503,0.4893411695957184,0.3347441852092743
44,hardest,0.056,ensemble,rotation,,30.0,30.0,0.7,75,174,,,,,,0.078482985496521,0.19738511741161346,0.5779523253440857,0.40102699398994446
44,hardest,0.056,sweep,translation,0.0,0.0,,0.7,75,174,2.384185791015625e-07,8.344650268554688e-07,1.743012717270176e-06,2.990682901327091e-08,1.743012717270176e-06,,,,
44,hardest,0.056,sweep,translation,1.0,1.0,,0.7,75,174,0.03623074293136597,0.18535852432250977,0.19624456763267517,0.25782710313796997,0.2081776261329651,,,,
44,hardest,0.056,sweep,translation,2.0,2.0,,0.7,75,174,0.0439450740814209,0.12676620483398438,0.2653960585594177,0.30199873447418213,0.269755482673645,,,,
44,hardest,0.056,sweep,translation,4.0,4.0,,0.7,75,174,0.028734028339385986,0.1602332592010498,0.3194142282009125,0.3770582377910614,0.3157717287540436,,,,
44,hardest,0.056,sweep,translation,6.0,6.0,,0.7,75,174,0.02815002202987671,0.13756823539733887,0.3656464219093323,0.384298175573349,0.30530425906181335,,,,
44,hardest,0.056,sweep,translation,8.0,8.0,,0.7,75,174,0.08270758390426636,0.2847740650177002,0.3583974838256836,0.4054223895072937,0.303974449634552,,,,
44,hardest,0.056,ensemble,translation,,2.0,2.0,0.7,75,174,,,,,,0.07382642477750778,0.18747550249099731,0.43370452523231506,0.3168099522590637
44,hardest,0.056,ensemble,translation,,4.0,4.0,0.7,75,174,,,,,,0.06220938637852669,0.1782453954219818,0.5801703929901123,0.42869651317596436
44,hardest,0.056,ensemble,translation,,6.0,6.0,0.7,75,174,,,,,,0.09416010230779648,0.2069592922925949,0.6589292287826538,0.5179480314254761
44,hardest,0.056,sweep,scaling,0.8,0.2231435513142097,,0.7,75,174,0.059239983558654785,0.20636290311813354,0.41760876774787903,0.3365839421749115,0.4134133458137512,,,,
44,hardest,0.056,sweep,scaling,0.9,0.10536051565782628,,0.7,75,174,0.06163281202316284,0.1632169485092163,0.3899800181388855,0.23418590426445007,0.4240587055683136,,,,
44,hardest,0.056,sweep,scaling,1.0,0.0,,0.7,75,174,2.384185791015625e-07,8.344650268554688e-07,1.743012717270176e-06,2.990682901327091e-08,1.743012717270176e-06,,,,
44,hardest,0.056,sweep,scaling,1.1,0.09531017980432493,,0.7,75,174,0.04961138963699341,0.17031776905059814,0.4088197350502014,0.23534639179706573,0.44173377752304077,,,,
44,hardest,0.056,sweep,scaling,1.25,0.22314355131420976,,0.7,75,174,0.24201202392578125,0.7234667539596558,0.6490048766136169,0.32608526945114136,0.6754971146583557,,,,
44,hardest,0.056,sweep,scaling,1.5,0.4054651081081644,,0.7,75,174,0.18913376331329346,0.6992310285568237,0.8303107023239136,0.4442143738269806,0.8419596552848816,,,,
44,hardest,0.056,ensemble,scaling,,0.1,0.1,0.7,75,174,,,,,,0.028516579419374466,0.07762482017278671,0.17618204653263092,0.11001817137002945
44,hardest,0.056,ensemble,scaling,,0.2,0.2,0.7,75,174,,,,,,0.08851823955774307,0.24068155884742737,0.3039178252220154,0.21121007204055786
44,hardest,0.056,ensemble,scaling,,0.3,0.3,0.7,75,174,,,,,,0.08984657377004623,0.2755028307437897,0.3740094304084778,0.2571266293525696
44,hardest,0.056,sweep,flip,0.0,0.0,,0.7,75,174,1.7881393432617188e-07,8.344650268554688e-07,1.7451759504183428e-06,2.2407679267644198e-08,1.7451759504183428e-06,,,,
44,hardest,0.056,sweep,flip,1.0,1.0,,0.7,75,174,0.03856992721557617,0.1764066219329834,0.4598962962627411,0.5221598148345947,0.26854464411735535,,,,
44,hardest,0.056,sweep,shear,0.0,0.0,,0.7,75,174,1.7881393432617188e-07,8.344650268554688e-07,1.6329174741258612e-06,2.3486396827365752e-08,1.6329174741258612e-06,,,,
44,hardest,0.056,sweep,shear,0.05,0.05,,0.7,75,174,0.021666288375854492,0.052445054054260254,0.2669784426689148,0.07359884679317474,0.29908064007759094,,,,
44,hardest,0.056,sweep,shear,0.1,0.1,,0.7,75,174,0.01659989356994629,0.06422531604766846,0.2569195628166199,0.11745701730251312,0.2930634319782257,,,,
44,hardest,0.056,sweep,shear,0.2,0.2,,0.7,75,174,0.02442610263824463,0.11527109146118164,0.30984488129615784,0.17671680450439453,0.33110493421554565,,,,
44,hardest,0.056,sweep,shear,0.3,0.3,,0.7,75,174,0.053611159324645996,0.13731354475021362,0.3044796586036682,0.21617011725902557,0.32174915075302124,,,,
44,hardest,0.056,ensemble,shear,,0.1,0.1,0.7,75,174,,,,,,0.014541441574692726,0.02828383818268776,0.10752304643392563,0.048082780092954636
44,hardest,0.056,ensemble,shear,,0.2,0.2,0.7,75,174,,,,,,0.030982065945863724,0.06135641783475876,0.16890856623649597,0.10664309561252594
44,hardest,0.056,ensemble,shear,,0.3,0.3,0.7,75,174,,,,,,0.036356884986162186,0.07677600532770157,0.2116338312625885,0.1482560932636261
36,hardest,0.0538,sweep,rotation,0.0,0.0,,0.3,174,75,6.4373016357421875e-06,1.811981201171875e-05,2.800800393742975e-05,2.1428365926112747e-06,2.800800393742975e-05,,,,
36,hardest,0.0538,sweep,rotation,5.0,5.0,,0.3,174,75,0.0330013632774353,0.07793998718261719,0.17929349839687347,0.090777188539505,0.274608314037323,,,,
36,hardest,0.0538,sweep,rotation,10.0,10.0,,0.3,174,75,0.07850515842437744,0.25283879041671753,0.39300012588500977,0.44774070382118225,0.43423381447792053,,,,
36,hardest,0.0538,sweep,rotation,20.0,20.0,,0.3,174,75,0.07010531425476074,0.18535232543945312,0.38209426403045654,0.4782712161540985,0.4849596321582794,,,,
36,hardest,0.0538,sweep,rotation,30.0,30.0,,0.3,174,75,0.05128657817840576,0.17622888088226318,0.47411519289016724,0.6023526191711426,0.5339072942733765,,,,
36,hardest,0.0538,sweep,rotation,45.0,45.0,,0.3,174,75,0.04896056652069092,0.234230637550354,0.4729069471359253,0.6206871867179871,0.5493813753128052,,,,
36,hardest,0.0538,ensemble,rotation,,10.0,10.0,0.3,174,75,,,,,,0.035230204463005066,0.07582306861877441,0.18294914066791534,0.16136173903942108
36,hardest,0.0538,ensemble,rotation,,20.0,20.0,0.3,174,75,,,,,,0.054869573563337326,0.10641410201787949,0.25585922598838806,0.2511785626411438
36,hardest,0.0538,ensemble,rotation,,30.0,30.0,0.3,174,75,,,,,,0.0640510842204094,0.17567114531993866,0.3586057722568512,0.43724125623703003
36,hardest,0.0538,sweep,translation,0.0,0.0,,0.3,174,75,6.4373016357421875e-06,1.811981201171875e-05,2.800800393742975e-05,2.1428365926112747e-06,2.800800393742975e-05,,,,
36,hardest,0.0538,sweep,translation,1.0,1.0,,0.3,174,75,0.02509242296218872,0.07254946231842041,0.16760416328907013,0.17493152618408203,0.22098466753959656,,,,
36,hardest,0.0538,sweep,translation,2.0,2.0,,0.3,174,75,0.05713933706283569,0.08395761251449585,0.17658181488513947,0.15236347913742065,0.2780638039112091,,,,
36,hardest,0.0538,sweep,translation,4.0,4.0,,0.3,174,75,0.04893970489501953,0.1148756742477417,0.2817022204399109,0.2550503611564636,0.44283992052078247,,,,
36,hardest,0.0538,sweep,translation,6.0,6.0,,0.3,174,75,0.0379941463470459,0.16652977466583252,0.3632221817970276,0.40612858533859253,0.4758272171020508,,,,
36,hardest,0.0538,sweep,translation,8.0,8.0,,0.3,174,75,0.04340982437133789,0.14758765697479248,0.35378700494766235,0.3909575045108795,0.5077110528945923,,,,
36,hardest,0.0538,ensemble,translation,,2.0,2.0,0.3,174,75,,,,,,0.08839383721351624,0.1985216587781906,0.3796312212944031,0.462873250246048
36,hardest,0.0538,ensemble,translation,,4.0,4.0,0.3,174,75,,,,,,0.09241504967212677,0.23328068852424622,0.4245542585849762,0.5458257794380188
36,hardest,0.0538,ensemble,translation,,6.0,6.0,0.3,174,75,,,,,,0.09446483105421066,0.2401278167963028,0.4633687734603882,0.6389792561531067
36,hardest,0.0538,sweep,scaling,0.8,0.2231435513142097,,0.3,174,75,0.09964513778686523,0.13661563396453857,0.38839292526245117,0.48651787638664246,0.5214424133300781,,,,
36,hardest,0.0538,sweep,scaling,0.9,0.10536051565782628,,0.3,174,75,0.0649753212928772,0.12492609024047852,0.3259270191192627,0.3460044264793396,0.4004982113838196,,,,
36,hardest,0.0538,sweep,scaling,1.0,0.0,,0.3,174,75,6.4373016357421875e-06,1.811981201171875e-05,2.800800393742975e-05,2.1428365926112747e-06,2.800800393742975e-05,,,,
36,hardest,0.0538,sweep,scaling,1.1,0.09531017980432493,,0.3,174,75,0.0599597692489624,0.16871923208236694,0.2814949154853821,0.2794865369796753,0.3275076150894165,,,,
36,hardest,0.0538,sweep,scaling,1.25,0.22314355131420976,,0.3,174,75,0.02839714288711548,0.15556591749191284,0.34907782077789307,0.40684691071510315,0.4199625551700592,,,,
36,hardest,0.0538,sweep,scaling,1.5,0.4054651081081644,,0.3,174,75,0.0335310697555542,0.15001893043518066,0.33704572916030884,0.44087666273117065,0.49391764402389526,,,,
36,hardest,0.0538,ensemble,scaling,,0.1,0.1,0.3,174,75,,,,,,0.048293497413396835,0.12009897828102112,0.2660132348537445,0.2824751138687134
36,hardest,0.0538,ensemble,scaling,,0.2,0.2,0.3,174,75,,,,,,0.06042643263936043,0.15052518248558044,0.320842444896698,0.4015178084373474
36,hardest,0.0538,ensemble,scaling,,0.3,0.3,0.3,174,75,,,,,,0.061427775770425797,0.1687900722026825,0.3594532907009125,0.4640491306781769
36,hardest,0.0538,sweep,flip,0.0,0.0,,0.3,174,75,4.589557647705078e-06,9.894371032714844e-06,2.267220952489879e-05,1.5047910437715473e-06,2.267220952489879e-05,,,,
36,hardest,0.0538,sweep,flip,1.0,1.0,,0.3,174,75,0.027103185653686523,0.1458638310432434,0.3390735983848572,0.41222143173217773,0.42658358812332153,,,,
36,hardest,0.0538,sweep,shear,0.0,0.0,,0.3,174,75,2.86102294921875e-06,3.5762786865234375e-06,1.278142099181423e-05,1.1002504152202164e-06,1.278142099181423e-05,,,,
36,hardest,0.0538,sweep,shear,0.05,0.05,,0.3,174,75,0.023337900638580322,0.05978894233703613,0.14093422889709473,0.1453167200088501,0.16309911012649536,,,,
36,hardest,0.0538,sweep,shear,0.1,0.1,,0.3,174,75,0.03173106908798218,0.08455890417098999,0.18842121958732605,0.18820881843566895,0.21795018017292023,,,,
36,hardest,0.0538,sweep,shear,0.2,0.2,,0.3,174,75,0.030841290950775146,0.13823628425598145,0.2587224841117859,0.30731403827667236,0.31232011318206787,,,,
36,hardest,0.0538,sweep,shear,0.3,0.3,,0.3,174,75,0.038274168968200684,0.15395492315292358,0.27393773198127747,0.30364733934402466,0.34061044454574585,,,,
36,hardest,0.0538,ensemble,shear,,0.1,0.1,0.3,174,75,,,,,,0.031507931649684906,0.05995944142341614,0.15097135305404663,0.12299970537424088
36,hardest,0.0538,ensemble,shear,,0.2,0.2,0.3,174,75,,,,,,0.045690733939409256,0.08566547185182571,0.22532764077186584,0.23640984296798706
36,hardest,0.0538,ensemble,shear,,0.3,0.3,0.3,174,75,,,,,,0.05754012241959572,0.12493700534105301,0.30240797996520996,0.3750782907009125
36,hardest,0.0538,sweep,rotation,0.0,0.0,,0.5,124,125,2.980232238769531e-07,1.1324882507324219e-06,1.1124686807306716e-06,9.910120013501e-08,1.1124686807306716e-06,,,,
36,hardest,0.0538,sweep,rotation,5.0,5.0,,0.5,124,125,0.03689318895339966,0.15031176805496216,0.25294801592826843,0.34314626455307007,0.2511645257472992,,,,
36,hardest,0.0538,sweep,rotation,10.0,10.0,,0.5,124,125,0.029652714729309082,0.11217284202575684,0.3048802614212036,0.43092402815818787,0.2859947979450226,,,,
36,hardest,0.0538,sweep,rotation,20.0,20.0,,0.5,124,125,0.057086288928985596,0.19869506359100342,0.48216134309768677,0.5661478042602539,0.43592268228530884,,,,
36,hardest,0.0538,sweep,rotation,30.0,30.0,,0.5,124,125,0.06126290559768677,0.19993799924850464,0.5387803316116333,0.6915119886398315,0.46279847621917725,,,,
36,hardest,0.0538,sweep,rotation,45.0,45.0,,0.5,124,125,0.06418323516845703,0.22928452491760254,0.6095101833343506,0.6728433966636658,0.5563573241233826,,,,
36,hardest,0.0538,ensemble,rotation,,10.0,10.0,0.5,124,125,,,,,,0.039990659803152084,0.13797153532505035,0.2547958493232727,0.32180410623550415
36,hardest,0.0538,ensemble,rotation,,20.0,20.0,0.5,124,125,,,,,,0.04695366695523262,0.16282515227794647,0.3236750364303589,0.41423287987709045
36,hardest,0.0538,ensemble,rotation,,30.0,30.0,0.5,124,125,,,,,,0.04657812789082527,0.17346487939357758,0.39739057421684265,0.5222866535186768
36,hardest,0.0538,sweep,translation,0.0,0.0,,0.5,124,125,2.980232238769531e-07,1.1324882507324219e-06,1.1124686807306716e-06,9.910120013501e-08,1.1124686807306716e-06,,,,
36,hardest,0.0538,sweep,translation,1.0,1.0,,0.5,124,125,0.010949552059173584,0.043904125690460205,0.12275581061840057,0.17072360217571259,0.15742796659469604,,,,
36,hardest,0.0538,sweep,translation,2.0,2.0,,0.5,124,125,0.03535991907119751,0.0838502049446106,0.15520384907722473,0.2505413889884949,0.23188671469688416,,,,
36,hardest,0.0538,sweep,translation,4.0,4.0,,0.5,124,125,0.01431119441986084,0.09770143032073975,0.2178182452917099,0.34840789437294006,0.27342963218688965,,,,
36,hardest,0.0538,sweep,translation,6.0,6.0,,0.5,124,125,0.07494974136352539,0.16278588771820068,0.38839513063430786,0.47818177938461304,0.3985680639743805,,,,
36,hardest,0.0538,sweep,translation,8.0,8.0,,0.5,124,125,0.041316866874694824,0.22220134735107422,0.43765681982040405,0.5559772253036499,0.43796300888061523,,,,
36,hardest,0.0538,ensemble,translation,,2.0,2.0,0.5,124,125,,,,,,0.060730576515197754,0.13589608669281006,0.303051620721817,0.40107420086860657
36,hardest,0.0538,ensemble,translation,,4.0,4.0,0.5,124,125,,,,,,0.04086225852370262,0.17707988619804382,0.4158843159675598,0.5338287353515625
36,hardest,0.0538,ensemble,translation,,6.0,6.0,0.5,124,125,,,,,,0.06509554386138916,0.21874183416366577,0.5113930106163025,0.650641679763794
36,hardest,0.0538,sweep,scaling,0.8,0.2231435513142097,,0.5,124,125,0.04227215051651001,0.17733418941497803,0.33552926778793335,0.3935966491699219,0.3539571166038513,,,,
36,hardest,0.0538,sweep,scaling,0.9,0.10536051565782628,,0.5,124,125,0.034645915031433105,0.0793408751487732,0.17314958572387695,0.21541383862495422,0.23552145063877106,,,,
36,hardest,0.0538,sweep,scaling,1.0,0.0,,0.5,124,125,2.980232238769531e-07,1.1324882507324219e-06,1.1124686807306716e-06,9.910120013501e-08,1.1124686807306716e-06,,,,
36,hardest,0.0538,sweep,scaling,1.1,0.09531017980432493,,0.5,124,125,0.02967977523803711,0.07696712017059326,0.20599669218063354,0.28372499346733093,0.20964981615543365,,,,
36,hardest,0.0538,sweep,scaling,1.25,0.22314355131420976,,0.5,124,125,0.036340534687042236,0.1391979455947876,0.29955580830574036,0.42851364612579346,0.3139447867870331,,,,
36,hardest,0.0538,sweep,scaling,1.5,0.4054651081081644,,0.5,124,125,0.06170940399169922,0.18083709478378296,0.4931468367576599,0.6488683223724365,0.5520748496055603,,,,
36,hardest,0.0538,ensemble,scaling,,0.1,0.1,0.5,124,125,,,,,,0.027359114959836006,0.07949693500995636,0.1686619222164154,0.1724373698234558
36,hardest,0.0538,ensemble,scaling,,0.2,0.2,0.5,124,125,,,,,,0.03802315890789032,0.11934693902730942,0.26296287775039673,0.29138919711112976
36,hardest,0.0538,ensemble,scaling,,0.3,0.3,0.5,124,125,,,,,,0.049518611282110214,0.14181602001190186,0.3156367838382721,0.3695630431175232
36,hardest,0.0538,sweep,flip,0.0,0.0,,0.5,124,125,2.384185791015625e-07,1.1324882507324219e-06,1.4912144479239942e-06,2.219921668711322e-07,1.4912144479239942e-06,,,,
36,hardest,0.0538,sweep,flip,1.0,1.0,,0.5,124,125,0.028622150421142578,0.17537665367126465,0.2927955687046051,0.47710731625556946,0.26853975653648376,,,,
36,hardest,0.0538,sweep,shear,0.0,0.0,,0.5,124,125,3.5762786865234375e-07,1.3113021850585938e-06,1.6348049030057155e-06,3.4376353141851723e-07,1.6348049030057155e-06,,,,
36,hardest,0.0538,sweep,shear,0.05,0.05,,0.5,124,125,0.02848374843597412,0.02656000852584839,0.10641942173242569,0.07704736292362213,0.11849381029605865,,,,
36,hardest,0.0538,sweep,shear,0.1,0.1,,0.5,124,125,0.02638942003250122,0.06198829412460327,0.1031319871544838,0.09671808779239655,0.12301544100046158,,,,
36,hardest,0.0538,sweep,shear,0.2,0.2,,0.5,124,125,0.031277239322662354,0.06904149055480957,0.13059450685977936,0.1665157973766327,0.16502392292022705,,,,
36,hardest,0.0538,sweep,shear,0.3,0.3,,0.5,124,125,0.024075031280517578,0.17445456981658936,0.28244826197624207,0.3008127212524414,0.2987656891345978,,,,
36,hardest,0.0538,ensemble,shear,,0.1,0.1,0.5,124,125,,,,,,0.018529841676354408,0.04208653047680855,0.07428254932165146,0.05615093186497688
36,hardest,0.0538,ensemble,shear,,0.2,0.2,0.5,124,125,,,,,,0.026647668331861496,0.06782674044370651,0.10676142573356628,0.1060805395245552
36,hardest,0.0538,ensemble,shear,,0.3,0.3,0.5,124,125,,,,,,0.03212263435125351,0.09343908727169037,0.1593082696199417,0.16547472774982452
36,hardest,0.0538,sweep,rotation,0.0,0.0,,0.7,75,174,9.5367431640625e-07,2.0265579223632812e-06,1.4218675232768874e-06,8.753318780918562e-08,1.4218675232768874e-06,,,,
36,hardest,0.0538,sweep,rotation,5.0,5.0,,0.7,75,174,0.07540661096572876,0.101779043674469,0.3337765038013458,0.37166982889175415,0.32289132475852966,,,,
36,hardest,0.0538,sweep,rotation,10.0,10.0,,0.7,75,174,0.08615940809249878,0.17102289199829102,0.42908772826194763,0.5219380855560303,0.3618260622024536,,,,
36,hardest,0.0538,sweep,rotation,20.0,20.0,,0.7,75,174,0.10884630680084229,0.20680350065231323,0.5261510610580444,0.6612359285354614,0.39986735582351685,,,,
36,hardest,0.0538,sweep,rotation,30.0,30.0,,0.7,75,174,0.11226910352706909,0.21704071760177612,0.5704143643379211,0.8281881809234619,0.4082638621330261,,,,
36,hardest,0.0538,sweep,rotation,45.0,45.0,,0.7,75,174,0.1987398862838745,0.31065285205841064,0.7290866374969482,0.8383538722991943,0.5364294052124023,,,,
36,hardest,0.0538,ensemble,rotation,,10.0,10.0,0.7,75,174,,,,,,0.05312030017375946,0.13390108942985535,0.27285802364349365,0.3267759382724762
36,hardest,0.0538,ensemble,rotation,,20.0,20.0,0.7,75,174,,,,,,0.058872006833553314,0.17893294990062714,0.3739722669124603,0.45538103580474854
36,hardest,0.0538,ensemble,rotation,,30.0,30.0,0.7,75,174,,,,,,0.07751160115003586,0.2054685652256012,0.4253147840499878,0.5467050671577454
36,hardest,0.0538,sweep,translation,0.0,0.0,,0.7,75,174,9.5367431640625e-07,2.0265579223632812e-06,1.4218675232768874e-06,8.753318780918562e-08,1.4218675232768874e-06,,,,
36,hardest,0.0538,sweep,translation,1.0,1.0,,0.7,75,174,0.0731160044670105,0.1550126075744629,0.21904706954956055,0.3627545237541199,0.21366369724273682,,,,
36,hardest,0.0538,sweep,translation,2.0,2.0,,0.7,75,174,0.05279189348220825,0.14324402809143066,0.2900667190551758,0.43557482957839966,0.24756476283073425,,,,
36,hardest,0.0538,sweep,translation,4.0,4.0,,0.7,75,174,0.07065808773040771,0.17563331127166748,0.37472397089004517,0.5025211572647095,0.2946057915687561,,,,
36,hardest,0.0538,sweep,translation,6.0,6.0,,0.7,75,174,0.0714457631111145,0.17708730697631836,0.36841118335723877,0.551240086555481,0.26294106245040894,,,,
36,hardest,0.0538,sweep,translation,8.0,8.0,,0.7,75,174,0.08413839340209961,0.154835045337677,0.3944603502750397,0.5964751243591309,0.2994299530982971,,,,
36,hardest,0.0538,ensemble,translation,,2.0,2.0,0.7,75,174,,,,,,0.0834060087800026,0.12939108908176422,0.3730565011501312,0.4342480003833771
36,hardest,0.0538,ensemble,translation,,4.0,4.0,0.7,75,174,,,,,,0.07612535357475281,0.19076259434223175,0.475066602230072,0.6035948991775513
36,hardest,0.0538,ensemble,translation,,6.0,6.0,0.7,75,174,,,,,,0.07882307469844818,0.19494447112083435,0.5633255839347839,0.7322696447372437
36,hardest,0.0538,sweep,scaling,0.8,0.2231435513142097,,0.7,75,174,0.09404784440994263,0.14070069789886475,0.5146136283874512,0.5307844877243042,0.4457108676433563,,,,
36,hardest,0.0538,sweep,scaling,0.9,0.10536051565782628,,0.7,75,174,0.10549122095108032,0.13725078105926514,0.43001341819763184,0.368045449256897,0.41311386227607727,,,,
36,hardest,0.0538,sweep,scaling,1.0,0.0,,0.7,75,174,9.5367431640625e-07,2.0265579223632812e-06,1.4218675232768874e-06,8.753318780918562e-08,1.4218675232768874e-06,,,,
36,hardest,0.0538,sweep,scaling,1.1,0.09531017980432493,,0.7,75,174,0.10783135890960693,0.19104242324829102,0.39259275794029236,0.4125624895095825,0.36125195026397705,,,,
36,hardest,0.0538,sweep,scaling,1.25,0.22314355131420976,,0.7,75,174,0.0960930585861206,0.19814878702163696,0.5016306638717651,0.6228967308998108,0.386960506439209,,,,
36,hardest,0.0538,sweep,scaling,1.5,0.4054651081081644,,0.7,75,174,0.15874075889587402,0.34183192253112793,0.7390673160552979,0.9037236571311951,0.6143113374710083,,,,
36,hardest,0.0538,ensemble,scaling,,0.1,0.1,0.7,75,174,,,,,,0.05475322902202606,0.12349903583526611,0.22644704580307007,0.22954876720905304
36,hardest,0.0538,ensemble,scaling,,0.2,0.2,0.7,75,174,,,,,,0.06180085986852646,0.1233171597123146,0.3251158893108368,0.3596436083316803
36,hardest,0.0538,ensemble,scaling,,0.3,0.3,0.7,75,174,,,,,,0.05642951279878616,0.15236037969589233,0.37207821011543274,0.4458054006099701
36,hardest,0.0538,sweep,flip,0.0,0.0,,0.7,75,174,7.748603820800781e-07,2.8014183044433594e-06,1.990161763387732e-06,1.8135122559215233e-07,1.990161763387732e-06,,,,
36,hardest,0.0538,sweep,flip,1.0,1.0,,0.7,75,174,0.08486396074295044,0.14227253198623657,0.3584722876548767,0.5647627115249634,0.26118552684783936,,,,
36,hardest,0.0538,sweep,shear,0.0,0.0,,0.7,75,174,7.152557373046875e-07,1.0132789611816406e-06,1.168321205113898e-06,4.208089166013451e-08,1.168321205113898e-06,,,,
36,hardest,0.0538,sweep,shear,0.05,0.05,,0.7,75,174,0.05317413806915283,0.041048526763916016,0.17865200340747833,0.08710487931966782,0.18946263194084167,,,,
36,hardest,0.0538,sweep,shear,0.1,0.1,,0.7,75,174,0.06484442949295044,0.06585603952407837,0.22774381935596466,0.18540453910827637,0.22677336633205414,,,,
36,hardest,0.0538,sweep,shear,0.2,0.2,,0.7,75,174,0.09122586250305176,0.12579917907714844,0.2879495918750763,0.27492091059684753,0.2746882736682892,,,,
36,hardest,0.0538,sweep,shear,0.3,0.3,,0.7,75,174,0.09942317008972168,0.15611863136291504,0.3134976029396057,0.31087756156921387,0.300311803817749,,,,
36,hardest,0.0538,ensemble,shear,,0.1,0.1,0.7,75,174,,,,,,0.046906616538763046,0.06112940236926079,0.12694016098976135,0.09461747854948044
36,hardest,0.0538,ensemble,shear,,0.2,0.2,0.7,75,174,,,,,,0.06940768659114838,0.08753964304924011,0.16608184576034546,0.1577354371547699
36,hardest,0.0538,ensemble,shear,,0.3,0.3,0.7,75,174,,,,,,0.07969015836715698,0.09264746308326721,0.19999317824840546,0.20647628605365753
35,hardest,0.0537,sweep,rotation,0.0,0.0,,0.3,174,75,2.384185791015625e-07,8.344650268554688e-07,1.0085582289320882e-06,7.203610152828333e-08,1.0085582289320882e-06,,,,
35,hardest,0.0537,sweep,rotation,5.0,5.0,,0.3,174,75,0.012929201126098633,0.04690086841583252,0.12554389238357544,0.10670949518680573,0.20777525007724762,,,,
35,hardest,0.0537,sweep,rotation,10.0,10.0,,0.3,174,75,0.024787306785583496,0.09181356430053711,0.20158877968788147,0.18647423386573792,0.3319915533065796,,,,
35,hardest,0.0537,sweep,rotation,20.0,20.0,,0.3,174,75,0.05584526062011719,0.17643439769744873,0.3108181059360504,0.24660761654376984,0.4740562438964844,,,,
35,hardest,0.0537,sweep,rotation,30.0,30.0,,0.3,174,75,0.03585803508758545,0.27508294582366943,0.42990055680274963,0.45886361598968506,0.5476405024528503,,,,
35,hardest,0.0537,sweep,rotation,45.0,45.0,,0.3,174,75,0.03613090515136719,0.2508368492126465,0.42318254709243774,0.4968000054359436,0.5777222514152527,,,,
35,hardest,0.0537,ensemble,rotation,,10.0,10.0,0.3,174,75,,,,,,0.00743029173463583,0.0370858833193779,0.07443995773792267,0.058196522295475006
35,hardest,0.0537,ensemble,rotation,,20.0,20.0,0.3,174,75,,,,,,0.02088715322315693,0.11358600854873657,0.20636150240898132,0.19949646294116974
35,hardest,0.0537,ensemble,rotation,,30.0,30.0,0.3,174,75,,,,,,0.023729683831334114,0.1473124474287033,0.2618013322353363,0.27930396795272827
35,hardest,0.0537,sweep,translation,0.0,0.0,,0.3,174,75,2.384185791015625e-07,8.344650268554688e-07,1.0085582289320882e-06,7.203610152828333e-08,1.0085582289320882e-06,,,,
35,hardest,0.0537,sweep,translation,1.0,1.0,,0.3,174,75,0.012174010276794434,0.06382876634597778,0.12250366806983948,0.09178638458251953,0.17437207698822021,,,,
35,hardest,0.0537,sweep,translation,2.0,2.0,,0.3,174,75,0.018467605113983154,0.05362808704376221,0.12818624079227448,0.07374083995819092,0.2378043234348297,,,,
35,hardest,0.0537,sweep,translation,4.0,4.0,,0.3,174,75,0.013175129890441895,0.04758709669113159,0.10767946392297745,0.07968494296073914,0.3008005917072296,,,,
35,hardest,0.0537,sweep,translation,6.0,6.0,,0.3,174,75,0.03779822587966919,0.15784305334091187,0.2720254063606262,0.2400275468826294,0.40539976954460144,,,,
35,hardest,0.0537,sweep,translation,8.0,8.0,,0.3,174,75,0.04009675979614258,0.29041731357574463,0.43899500370025635,0.404581218957901,0.5099399089813232,,,,
35,hardest,0.0537,ensemble,translation,,2.0,2.0,0.3,174,75,,,,,,0.014853579923510551,0.0935988649725914,0.1949271559715271,0.18990609049797058
35,hardest,0.0537,ensemble,translation,,4.0,4.0,0.3,174,75,,,,,,0.017637824639678,0.1233609989285469,0.23432669043540955,0.23153342306613922
35,hardest,0.0537,ensemble,translation,,6.0,6.0,0.3,174,75,,,,,,0.03939115256071091,0.18365679681301117,0.2984235882759094,0.28844958543777466
35,hardest,0.0537,sweep,scaling,0.8,0.2231435513142097,,0.3,174,75,0.06924271583557129,0.1661003828048706,0.351691871881485,0.4479650557041168,0.47300320863723755,,,,
35,hardest,0.0537,sweep,scaling,0.9,0.10536051565782628,,0.3,174,75,0.029329419136047363,0.1705973744392395,0.28672483563423157,0.27746397256851196,0.35567787289619446,,,,
35,hardest,0.0537,sweep,scaling,1.0,0.0,,0.3,174,75,2.384185791015625e-07,8.344650268554688e-07,1.0085582289320882e-06,7.203610152828333e-08,1.0085582289320882e-06,,,,
35,hardest,0.0537,sweep,scaling,1.1,0.09531017980432493,,0.3,174,75,0.0073860883712768555,0.033322930335998535,0.1245618388056755,0.06779569387435913,0.24284008145332336,,,,
35,hardest,0.0537,sweep,scaling,1.25,0.22314355131420976,,0.3,174,75,0.02512180805206299,0.10598313808441162,0.295026034116745,0.25676602125167847,0.4241267740726471,,,,
35,hardest,0.0537,sweep,scaling,1.5,0.4054651081081644,,0.3,174,75,0.021083593368530273,0.1847538948059082,0.33598241209983826,0.3386647701263428,0.5343294739723206,,,,
35,hardest,0.0537,ensemble,scaling,,0.1,0.1,0.3,174,75,,,,,,0.015344478189945221,0.07005025446414948,0.1485127955675125,0.11606679856777191
35,hardest,0.0537,ensemble,scaling,,0.2,0.2,0.3,174,75,,,,,,0.03180008754134178,0.11981649696826935,0.2275639772415161,0.2389637976884842
35,hardest,0.0537,ensemble,scaling,,0.3,0.3,0.3,174,75,,,,,,0.031044866889715195,0.11627636849880219,0.23531478643417358,0.2601160407066345
35,hardest,0.0537,sweep,flip,0.0,0.0,,0.3,174,75,2.384185791015625e-07,8.940696716308594e-07,1.8446148715156596e-06,2.189143231134949e-07,1.8446148715156596e-06,,,,
35,hardest,0.0537,sweep,flip,1.0,1.0,,0.3,174,75,0.02286970615386963,0.16567707061767578,0.28330498933792114,0.305301696062088,0.4097559452056885,,,,
35,hardest,0.0537,sweep,shear,0.0,0.0,,0.3,174,75,3.5762786865234375e-07,9.5367431640625e-07,1.9486128621792886e-06,2.479623617546167e-07,1.9486128621792886e-06,,,,
35,hardest,0.0537,sweep,shear,0.05,0.05,,0.3,174,75,0.003356337547302246,0.01664566993713379,0.05224001035094261,0.02576012909412384,0.08012130856513977,,,,
35,hardest,0.0537,sweep,shear,0.1,0.1,,0.3,174,75,0.0038847923278808594,0.01938188076019287,0.06663653999567032,0.033254943788051605,0.11781559139490128,,,,
35,hardest,0.0537,sweep,shear,0.2,0.2,,0.3,174,75,0.0097886323928833,0.028408348560333252,0.12113526463508606,0.06111588329076767,0.19960440695285797,,,,
35,hardest,0.0537,sweep,shear,0.3,0.3,,0.3,174,75,0.0053133368492126465,0.026767969131469727,0.10896169394254684,0.05771197751164436,0.22414609789848328,,,,
35,hardest,0.0537,ensemble,shear,,0.1,0.1,0.3,174,75,,,,,,0.00271366978995502,0.021536802873015404,0.03842819482088089,0.021491950377821922
35,hardest,0.0537,ensemble,shear,,0.2,0.2,0.3,174,75,,,,,,0.013124930672347546,0.038929183036088943,0.08755422383546829,0.06342458724975586
35,hardest,0.0537,ensemble,shear,,0.3,0.3,0.3,174,75,,,,,,0.026040388271212578,0.07242697477340698,0.14002442359924316,0.12936460971832275
35,hardest,0.0537,sweep,rotation,0.0,0.0,,0.5,124,125,2.980232238769531e-07,1.1920928955078125e-06,1.6183475963771343e-06,1.0226116842204647e-07,1.6183475963771343e-06,,,,
35,hardest,0.0537,sweep,rotation,5.0,5.0,,0.5,124,125,0.0290834903717041,0.12276959419250488,0.18292954564094543,0.19551533460617065,0.2155720293521881,,,,
35,hardest,0.0537,sweep,rotation,10.0,10.0,,0.5,124,125,0.02873140573501587,0.20559293031692505,0.3202438950538635,0.3875645399093628,0.33180320262908936,,,,
35,hardest,0.0537,sweep,rotation,20.0,20.0,,0.5,124,125,0.048002004623413086,0.27526354789733887,0.38432565331459045,0.4223783612251282,0.38600093126296997,,,,
35,hardest,0.0537,sweep,rotation,30.0,30.0,,0.5,124,125,0.045064687728881836,0.23953694105148315,0.4553821086883545,0.49014484882354736,0.3795410990715027,,,,
35,hardest,0.0537,sweep,rotation,45.0,45.0,,0.5,124,125,0.06633555889129639,0.28683191537857056,0.5152910351753235,0.5825135707855225,0.45631057024002075,,,,
35,hardest,0.0537,ensemble,rotation,,10.0,10.0,0.5,124,125,,,,,,0.01812107488512993,0.12280727177858353,0.22679221630096436,0.24423862993717194
35,hardest,0.0537,ensemble,rotation,,20.0,20.0,0.5,124,125,,,,,,0.025883013382554054,0.19521747529506683,0.3104528784751892,0.3394172787666321
35,hardest,0.0537,ensemble,rotation,,30.0,30.0,0.5,124,125,,,,,,0.03428374603390694,0.20528346300125122,0.3860994875431061,0.43737494945526123
35,hardest,0.0537,sweep,translation,0.0,0.0,,0.5,124,125,2.980232238769531e-07,1.1920928955078125e-06,1.6183475963771343e-06,1.0226116842204647e-07,1.6183475963771343e-06,,,,
35,hardest,0.0537,sweep,translation,1.0,1.0,,0.5,124,125,0.018331587314605713,0.15886038541793823,0.20470060408115387,0.18193164467811584,0.22226455807685852,,,,
35,hardest,0.0537,sweep,translation,2.0,2.0,,0.5,124,125,0.025598645210266113,0.22927498817443848,0.24930842220783234,0.2511768937110901,0.29628682136535645,,,,
35,hardest,0.0537,sweep,translation,4.0,4.0,,0.5,124,125,0.037330031394958496,0.21983963251113892,0.2635997533798218,0.24364233016967773,0.3542402386665344,,,,
35,hardest,0.0537,sweep,translation,6.0,6.0,,0.5,124,125,0.027429819107055664,0.25175267457962036,0.2931036651134491,0.31421881914138794,0.3480225205421448,,,,
35,hardest,0.0537,sweep,translation,8.0,8.0,,0.5,124,125,0.03729432821273804,0.3034636974334717,0.3493540287017822,0.35594117641448975,0.4243656098842621,,,,
35,hardest,0.0537,ensemble,translation,,2.0,2.0,0.5,124,125,,,,,,0.03569338470697403,0.17249539494514465,0.29244551062583923,0.28534209728240967
35,hardest,0.0537,ensemble,translation,,4.0,4.0,0.5,124,125,,,,,,0.03245827555656433,0.1954449564218521,0.40634265542030334,0.42591288685798645
35,hardest,0.0537,ensemble,translation,,6.0,6.0,0.5,124,125,,,,,,0.04585776850581169,0.20612286031246185,0.4610673487186432,0.5258433222770691
35,hardest,0.0537,sweep,scaling,0.8,0.2231435513142097,,0.5,124,125,0.03591269254684448,0.22420835494995117,0.2913246750831604,0.2996225357055664,0.3850557804107666,,,,
35,hardest,0.0537,sweep,scaling,0.9,0.10536051565782628,,0.5,124,125,0.01940542459487915,0.15303349494934082,0.2198847234249115,0.1833093911409378,0.2953907251358032,,,,
35,hardest,0.0537,sweep,scaling,1.0,0.0,,0.5,124,125,2.980232238769531e-07,1.1920928955078125e-06,1.6183475963771343e-06,1.0226116842204647e-07,1.6183475963771343e-06,,,,
35,hardest,0.0537,sweep,scaling,1.1,0.09531017980432493,,0.5,124,125,0.026662349700927734,0.16814100742340088,0.28301185369491577,0.2667086720466614,0.268661767244339,,,,
35,hardest,0.0537,sweep,scaling,1.25,0.22314355131420976,,0.5,124,125,0.042879343032836914,0.21409040689468384,0.353882372379303,0.35296666622161865,0.3555861711502075,,,,
35,hardest,0.0537,sweep,scaling,1.5,0.4054651081081644,,0.5,124,125,0.04497230052947998,0.23057019710540771,0.4462597370147705,0.4860096573829651,0.46676701307296753,,,,
35,hardest,0.0537,ensemble,scaling,,0.1,0.1,0.5,124,125,,,,,,0.01646999828517437,0.12034536898136139,0.18228675425052643,0.15025408565998077
35,hardest,0.0537,ensemble,scaling,,0.2,0.2,0.5,124,125,,,,,,0.02456267550587654,0.15067410469055176,0.2618017792701721,0.24716587364673615
35,hardest,0.0537,ensemble,scaling,,0.3,0.3,0.5,124,125,,,,,,0.026255439966917038,0.1722434014081955,0.30239978432655334,0.30427709221839905
35,hardest,0.0537,sweep,flip,0.0,0.0,,0.5,124,125,1.7881393432617188e-07,2.1457672119140625e-06,3.7216534565231996e-06,2.2085053785758646e-07,3.7216534565231996e-06,,,,
35,hardest,0.0537,sweep,flip,1.0,1.0,,0.5,124,125,0.02536606788635254,0.21956360340118408,0.3271191716194153,0.37211689352989197,0.3091296851634979,,,,
35,hardest,0.0537,sweep,shear,0.0,0.0,,0.5,124,125,2.384185791015625e-07,2.682209014892578e-06,1.7641675640334142e-06,1.1809337507884266e-07,1.7641675640334142e-06,,,,
35,hardest,0.0537,sweep,shear,0.05,0.05,,0.5,124,125,0.013558745384216309,0.05754125118255615,0.13219286501407623,0.06763467192649841,0.14242736995220184,,,,
35,hardest,0.0537,sweep,shear,0.1,0.1,,0.5,124,125,0.013447463512420654,0.09203577041625977,0.16168808937072754,0.11961202323436737,0.18018889427185059,,,,
35,hardest,0.0537,sweep,shear,0.2,0.2,,0.5,124,125,0.020886123180389404,0.09652304649353027,0.1906883716583252,0.17692667245864868,0.22235816717147827,,,,
35,hardest,0.0537,sweep,shear,0.3,0.3,,0.5,124,125,0.028274238109588623,0.10357308387756348,0.2109895795583725,0.18509480357170105,0.26368242502212524,,,,
35,hardest,0.0537,ensemble,shear,,0.1,0.1,0.5,124,125,,,,,,0.006156789604574442,0.04487589746713638,0.07643614709377289,0.0562625378370285
35,hardest,0.0537,ensemble,shear,,0.2,0.2,0.5,124,125,,,,,,0.011507292278110981,0.07117154449224472,0.13165664672851562,0.1060422733426094
35,hardest,0.0537,ensemble,shear,,0.3,0.3,0.5,124,125,,,,,,0.016275692731142044,0.10129709541797638,0.15836593508720398,0.12760424613952637
35,hardest,0.0537,sweep,rotation,0.0,0.0,,0.7,75,174,3.5762786865234375e-07,8.344650268554688e-07,1.1698890602929168e-06,4.303312906017709e-08,1.1698890602929168e-06,,,,
35,hardest,0.0537,sweep,rotation,5.0,5.0,,0.7,75,174,0.04178142547607422,0.13536924123764038,0.33840835094451904,0.3355772793292999,0.302644282579422,,,,
35,hardest,0.0537,sweep,rotation,10.0,10.0,,0.7,75,174,0.029585421085357666,0.14164668321609497,0.371845006942749,0.44351083040237427,0.3007195293903351,,,,
35,hardest,0.0537,sweep,rotation,20.0,20.0,,0.7,75,174,0.03652775287628174,0.1625789999961853,0.46735090017318726,0.6139305830001831,0.3218613862991333,,,,
35,hardest,0.0537,sweep,rotation,30.0,30.0,,0.7,75,174,0.05929011106491089,0.19123423099517822,0.5531075596809387,0.7179912328720093,0.35074955224990845,,,,
35,hardest,0.0537,sweep,rotation,45.0,45.0,,0.7,75,174,0.0614469051361084,0.26859545707702637,0.6412261724472046,0.7948195338249207,0.4179207682609558,,,,
35,hardest,0.0537,ensemble,rotation,,10.0,10.0,0.7,75,174,,,,,,0.02204216457903385,0.10740414261817932,0.26168808341026306,0.2774503231048584
35,hardest,0.0537,ensemble,rotation,,20.0,20.0,0.7,75,174,,,,,,0.03268198296427727,0.13511742651462555,0.3676791489124298,0.4194077253341675
35,hardest,0.0537,ensemble,rotation,,30.0,30.0,0.7,75,174,,,,,,0.031147321686148643,0.1506277620792389,0.43091121315956116,0.5052319765090942
35,hardest,0.0537,sweep,translation,0.0,0.0,,0.7,75,174,3.5762786865234375e-07,8.344650268554688e-07,1.1698890602929168e-06,4.303312906017709e-08,1.1698890602929168e-06,,,,
35,hardest,0.0537,sweep,translation,1.0,1.0,,0.7,75,174,0.02343618869781494,0.15642386674880981,0.210015207529068,0.3302677273750305,0.20689640939235687,,,,
35,hardest,0.0537,sweep,translation,2.0,2.0,,0.7,75,174,0.02501094341278076,0.16510379314422607,0.2752392888069153,0.4050108790397644,0.25398775935173035,,,,
35,hardest,0.0537,sweep,translation,4.0,4.0,,0.7,75,174,0.0294991135597229,0.15333062410354614,0.3463018536567688,0.4984884262084961,0.3035537302494049,,,,
35,hardest,0.0537,sweep,translation,6.0,6.0,,0.7,75,174,0.030359923839569092,0.20949339866638184,0.36328908801078796,0.5120367407798767,0.32821834087371826,,,,
35,hardest,0.0537,sweep,translation,8.0,8.0,,0.7,75,174,0.02426469326019287,0.1634507179260254,0.39686256647109985,0.526192307472229,0.33811068534851074,,,,
35,hardest,0.0537,ensemble,translation,,2.0,2.0,0.7,75,174,,,,,,0.0343526266515255,0.1716535985469818,0.3728276193141937,0.3839392364025116
35,hardest,0.0537,ensemble,translation,,4.0,4.0,0.7,75,174,,,,,,0.027196433395147324,0.16273224353790283,0.4719098210334778,0.5352875590324402
35,hardest,0.0537,ensemble,translation,,6.0,6.0,0.7,75,174,,,,,,0.04608817771077156,0.20020470023155212,0.5448024272918701,0.6484703421592712
35,hardest,0.0537,sweep,scaling,0.8,0.2231435513142097,,0.7,75,174,0.0399165153503418,0.21654564142227173,0.4197871685028076,0.4919049143791199,0.3736777603626251,,,,
35,hardest,0.0537,sweep,scaling,0.9,0.10536051565782628,,0.7,75,174,0.031917452812194824,0.17869359254837036,0.3584406077861786,0.3299412727355957,0.3377751111984253,,,,
35,hardest,0.0537,sweep,scaling,1.0,0.0,,0.7,75,174,3.5762786865234375e-07,8.344650268554688e-07,1.1698890602929168e-06,4.303312906017709e-08,1.1698890602929168e-06,,,,
35,hardest,0.0537,sweep,scaling,1.1,0.09531017980432493,,0.7,75,174,0.02854001522064209,0.11634016036987305,0.297252357006073,0.2989709973335266,0.2848612070083618,,,,
35,hardest,0.0537,sweep,scaling,1.25,0.22314355131420976,,0.7,75,174,0.039541006088256836,0.1722656488418579,0.44783815741539,0.5045878887176514,0.38321083784103394,,,,
35,hardest,0.0537,sweep,scaling,1.5,0.4054651081081644,,0.7,75,174,0.07216978073120117,0.29131019115448,0.5826287269592285,0.7832391262054443,0.4440426528453827,,,,
35,hardest,0.0537,ensemble,scaling,,0.1,0.1,0.7,75,174,,,,,,0.016167577356100082,0.09425663203001022,0.20485980808734894,0.18637794256210327
35,hardest,0.0537,ensemble,scaling,,0.2,0.2,0.7,75,174,,,,,,0.022710220888257027,0.1319112628698349,0.29706430435180664,0.3162491023540497
35,hardest,0.0537,ensemble,scaling,,0.3,0.3,0.7,75,174,,,,,,0.03640297055244446,0.15532350540161133,0.3802623450756073,0.4074972867965698
35,hardest,0.0537,sweep,flip,0.0,0.0,,0.7,75,174,1.1920928955078125e-07,6.556510925292969e-07,1.054306835612806e-06,3.2540878436293497e-08,1.054306835612806e-06,,,,
35,hardest,0.0537,sweep,flip,1.0,1.0,,0.7,75,174,0.01942145824432373,0.1729506254196167,0.3782006502151489,0.6084957122802734,0.272794634103775,,,,
35,hardest,0.0537,sweep,shear,0.0,0.0,,0.7,75,174,1.1920928955078125e-07,5.364418029785156e-07,1.0139349342352943e-06,3.533455128490459e-08,1.0139349342352943e-06,,,,
35,hardest,0.0537,sweep,shear,0.05,0.05,,0.7,75,174,0.01846534013748169,0.0603487491607666,0.1906728595495224,0.10362529009580612,0.18839621543884277,,,,
35,hardest,0.0537,sweep,shear,0.1,0.1,,0.7,75,174,0.020194590091705322,0.0886947512626648,0.2072727233171463,0.19227667152881622,0.2032482624053955,,,,
35,hardest,0.0537,sweep,shear,0.2,0.2,,0.7,75,174,0.027933478355407715,0.08294999599456787,0.23616887629032135,0.27264538407325745,0.24612870812416077,,,,
35,hardest,0.0537,sweep,shear,0.3,0.3,,0.7,75,174,0.025315821170806885,0.11072129011154175,0.27317458391189575,0.3058090806007385,0.2767098844051361,,,,
35,hardest,0.0537,ensemble,shear,,0.1,0.1,0.7,75,174,,,,,,0.009610367938876152,0.04468926414847374,0.10812253504991531,0.09263816475868225
35,hardest,0.0537,ensemble,shear,,0.2,0.2,0.7,75,174,,,,,,0.015063648112118244,0.07299491763114929,0.16786037385463715,0.1689419150352478
35,hardest,0.0537,ensemble,shear,,0.3,0.3,0.7,75,174,,,,,,0.01735607534646988,0.08812534064054489,0.21475104987621307,0.21126781404018402
67,hardest,0.0534,sweep,rotation,0.0,0.0,,0.3,174,75,5.364418029785156e-07,4.887580871582031e-06,1.627930032555014e-05,1.8961468413181137e-06,1.627930032555014e-05,,,,
67,hardest,0.0534,sweep,rotation,5.0,5.0,,0.3,174,75,0.05302929878234863,0.12954413890838623,0.2000785917043686,0.13841155171394348,0.27814000844955444,,,,
67,hardest,0.0534,sweep,rotation,10.0,10.0,,0.3,174,75,0.02393472194671631,0.06890487670898438,0.1256147176027298,0.1049109473824501,0.32687506079673767,,,,
67,hardest,0.0534,sweep,rotation,20.0,20.0,,0.3,174,75,0.061650216579437256,0.22007715702056885,0.3797694742679596,0.36054810881614685,0.445980966091156,,,,
67,hardest,0.0534,sweep,rotation,30.0,30.0,,0.3,174,75,0.13008368015289307,0.2621138095855713,0.34299030900001526,0.30017513036727905,0.517379641532898,,,,
67,hardest,0.0534,sweep,rotation,45.0,45.0,,0.3,174,75,0.06874614953994751,0.17929446697235107,0.40454739332199097,0.4014170169830322,0.5440776944160461,,,,
67,hardest,0.0534,ensemble,rotation,,10.0,10.0,0.3,174,75,,,,,,0.042786385864019394,0.09510413557291031,0.20368154346942902,0.1474476456642151
67,hardest,0.0534,ensemble,rotation,,20.0,20.0,0.3,174,75,,,,,,0.0676117017865181,0.16627304255962372,0.2738705575466156,0.24244093894958496
67,hardest,0.0534,ensemble,rotation,,30.0,30.0,0.3,174,75,,,,,,0.07963690906763077,0.21681050956249237,0.3032817840576172,0.2857493758201599
67,hardest,0.0534,sweep,translation,0.0,0.0,,0.3,174,75,5.364418029785156e-07,4.887580871582031e-06,1.627930032555014e-05,1.8961468413181137e-06,1.627930032555014e-05,,,,
67,hardest,0.0534,sweep,translation,1.0,1.0,,0.3,174,75,0.03579515218734741,0.11379659175872803,0.30634933710098267,0.2424204796552658,0.33547112345695496,,,,
67,hardest,0.0534,sweep,translation,2.0,2.0,,0.3,174,75,0.0343928337097168,0.12978744506835938,0.2603232264518738,0.28359290957450867,0.3072817623615265,,,,
67,hardest,0.0534,sweep,translation,4.0,4.0,,0.3,174,75,0.10660463571548462,0.38362598419189453,0.3737844228744507,0.345224529504776,0.4388994574546814,,,,
67,hardest,0.0534,sweep,translation,6.0,6.0,,0.3,174,75,0.14254051446914673,0.3383157253265381,0.3767566382884979,0.3461988866329193,0.45246922969818115,,,,
67,hardest,0.0534,sweep,translation,8.0,8.0,,0.3,174,75,0.06091439723968506,0.28040778636932373,0.36120516061782837,0.3192880153656006,0.45867910981178284,,,,
67,hardest,0.0534,ensemble,translation,,2.0,2.0,0.3,174,75,,,,,,0.059815842658281326,0.13410745561122894,0.27548152208328247,0.22265668213367462
67,hardest,0.0534,ensemble,translation,,4.0,4.0,0.3,174,75,,,,,,0.11957009881734848,0.2443915158510208,0.35702332854270935,0.3522492051124573
67,hardest,0.0534,ensemble,translation,,6.0,6.0,0.3,174,75,,,,,,0.09975273907184601,0.22936679422855377,0.422539085149765,0.4228433668613434
67,hardest,0.0534,sweep,scaling,0.8,0.2231435513142097,,0.3,174,75,0.08376234769821167,0.15464580059051514,0.2786462903022766,0.2244245707988739,0.40849870443344116,,,,
67,hardest,0.0534,sweep,scaling,0.9,0.10536051565782628,,0.3,174,75,0.06817042827606201,0.29855167865753174,0.36025920510292053,0.29607927799224854,0.446759432554245,,,,
67,hardest,0.0534,sweep,scaling,1.0,0.0,,0.3,174,75,5.364418029785156e-07,4.887580871582031e-06,1.627930032555014e-05,1.8961468413181137e-06,1.627930032555014e-05,,,,
67,hardest,0.0534,sweep,scaling,1.1,0.09531017980432493,,0.3,174,75,0.03963124752044678,0.1846480369567871,0.3911888003349304,0.35901451110839844,0.4149601459503174,,,,
67,hardest,0.0534,sweep,scaling,1.25,0.22314355131420976,,0.3,174,75,0.02389967441558838,0.13336420059204102,0.256561815738678,0.25202676653862,0.425670862197876,,,,
67,hardest,0.0534,sweep,scaling,1.5,0.4054651081081644,,0.3,174,75,0.15163451433181763,0.357765793800354,0.3825123608112335,0.35649532079696655,0.5545401573181152,,,,
67,hardest,0.0534,ensemble,scaling,,0.1,0.1,0.3,174,75,,,,,,0.0622246116399765,0.22835972905158997,0.2779481112957001,0.25081005692481995
67,hardest,0.0534,ensemble,scaling,,0.2,0.2,0.3,174,75,,,,,,0.06245629861950874,0.23692408204078674,0.30931106209754944,0.28796377778053284
67,hardest,0.0534,ensemble,scaling,,0.3,0.3,0.3,174,75,,,,,,0.07242152094841003,0.23576194047927856,0.33868879079818726,0.30789315700531006
67,hardest,0.0534,sweep,flip,0.0,0.0,,0.3,174,75,6.556510925292969e-07,3.3974647521972656e-06,7.909394298621919e-06,9.172161412607238e-07,7.909394298621919e-06,,,,
67,hardest,0.0534,sweep,flip,1.0,1.0,,0.3,174,75,0.021300673484802246,0.14990997314453125,0.380227655172348,0.3479308485984802,0.4747311770915985,,,,
67,hardest,0.0534,sweep,shear,0.0,0.0,,0.3,174,75,5.364418029785156e-07,4.291534423828125e-06,1.4876926798024215e-05,1.4589279544452438e-06,1.4876926798024215e-05,,,,
67,hardest,0.0534,sweep,shear,0.05,0.05,,0.3,174,75,0.07049643993377686,0.06831467151641846,0.14462962746620178,0.06869466602802277,0.16402597725391388,,,,
67,hardest,0.0534,sweep,shear,0.1,0.1,,0.3,174,75,0.025498807430267334,0.05144757032394409,0.12637640535831451,0.08579061925411224,0.1733335554599762,,,,
67,hardest,0.0534,sweep,shear,0.2,0.2,,0.3,174,75,0.020488381385803223,0.08755719661712646,0.17338070273399353,0.14545363187789917,0.2404770702123642,,,,
67,hardest,0.0534,sweep,shear,0.3,0.3,,0.3,174,75,0.060034215450286865,0.24831527471542358,0.3159640431404114,0.262687087059021,0.3558402359485626,,,,
67,hardest,0.0534,ensemble,shear,,0.1,0.1,0.3,174,75,,,,,,0.02792380377650261,0.06214797496795654,0.11735221743583679,0.06457362323999405
67,hardest,0.0534,ensemble,shear,,0.2,0.2,0.3,174,75,,,,,,0.05271001532673836,0.10239493101835251,0.21437223255634308,0.16260044276714325
67,hardest,0.0534,ensemble,shear,,0.3,0.3,0.3,174,75,,,,,,0.07216453552246094,0.14329910278320312,0.28882282972335815,0.26105231046676636
67,hardest,0.0534,sweep,rotation,0.0,0.0,,0.5,124,125,2.205371856689453e-06,6.318092346191406e-06,2.821765883709304e-05,1.6650815268803854e-06,2.821765883709304e-05,,,,
67,hardest,0.0534,sweep,rotation,5.0,5.0,,0.5,124,125,0.20886904001235962,0.6491940021514893,0.8436574935913086,0.47249817848205566,0.8532578945159912,,,,
67,hardest,0.0534,sweep,rotation,10.0,10.0,,0.5,124,125,0.1631622314453125,0.4678111672401428,0.7956729531288147,0.45813271403312683,0.8144177198410034,,,,
67,hardest,0.0534,sweep,rotation,20.0,20.0,,0.5,124,125,0.22659951448440552,0.6831371188163757,0.975045382976532,0.5099637508392334,0.9891841411590576,,,,
67,hardest,0.0534,sweep,rotation,30.0,30.0,,0.5,124,125,0.1197652816772461,0.3951823115348816,0.8470678925514221,0.48388195037841797,0.8709360361099243,,,,
67,hardest,0.0534,sweep,rotation,45.0,45.0,,0.5,124,125,0.1362648606300354,0.45433759689331055,0.8537383079528809,0.5299297571182251,0.8939155340194702,,,,
67,hardest,0.0534,ensemble,rotation,,10.0,10.0,0.5,124,125,,,,,,0.07252515852451324,0.26396432518959045,0.4042310118675232,0.19858404994010925
67,hardest,0.0534,ensemble,rotation,,20.0,20.0,0.5,124,125,,,,,,0.07821229100227356,0.2992958426475525,0.4695969223976135,0.22565323114395142
67,hardest,0.0534,ensemble,rotation,,30.0,30.0,0.5,124,125,,,,,,0.06618821620941162,0.20790530741214752,0.43956273794174194,0.23211875557899475
67,hardest,0.0534,sweep,translation,0.0,0.0,,0.5,124,125,2.205371856689453e-06,6.318092346191406e-06,2.821765883709304e-05,1.6650815268803854e-06,2.821765883709304e-05,,,,
67,hardest,0.0534,sweep,translation,1.0,1.0,,0.5,124,125,0.030134975910186768,0.14438331127166748,0.28151756525039673,0.2952948212623596,0.31215864419937134,,,,
67,hardest,0.0534,sweep,translation,2.0,2.0,,0.5,124,125,0.05190253257751465,0.16495323181152344,0.35364386439323425,0.353365957736969,0.38651108741760254,,,,
67,hardest,0.0534,sweep,translation,4.0,4.0,,0.5,124,125,0.027722537517547607,0.1187695860862732,0.2977006733417511,0.27202486991882324,0.3749874532222748,,,,
67,hardest,0.0534,sweep,translation,6.0,6.0,,0.5,124,125,0.06518882513046265,0.22724628448486328,0.4159284830093384,0.41400182247161865,0.46047911047935486,,,,
67,hardest,0.0534,sweep,translation,8.0,8.0,,0.5,124,125,0.11054742336273193,0.314075231552124,0.4587571918964386,0.5070495009422302,0.49770408868789673,,,,
67,hardest,0.0534,ensemble,translation,,2.0,2.0,0.5,124,125,,,,,,0.1051773726940155,0.311212956905365,0.48451998829841614,0.24075525999069214
67,hardest,0.0534,ensemble,translation,,4.0,4.0,0.5,124,125,,,,,,0.07778407633304596,0.24501587450504303,0.4469234347343445,0.24094347655773163
67,hardest,0.0534,ensemble,translation,,6.0,6.0,0.5,124,125,,,,,,0.09322592616081238,0.24314476549625397,0.5333587527275085,0.2949637472629547
67,hardest,0.0534,sweep,scaling,0.8,0.2231435513142097,,0.5,124,125,0.17031222581863403,0.5595882534980774,0.8341162204742432,0.46835845708847046,0.8263028860092163,,,,
67,hardest,0.0534,sweep,scaling,0.9,0.10536051565782628,,0.5,124,125,0.19956046342849731,0.5429171323776245,0.8250826597213745,0.4406410753726959,0.8187084197998047,,,,
67,hardest,0.0534,sweep,scaling,1.0,0.0,,0.5,124,125,2.205371856689453e-06,6.318092346191406e-06,2.821765883709304e-05,1.6650815268803854e-06,2.821765883709304e-05,,,,
67,hardest,0.0534,sweep,scaling,1.1,0.09531017980432493,,0.5,124,125,0.16896456480026245,0.49212324619293213,0.8255037665367126,0.4556126594543457,0.841701090335846,,,,
67,hardest,0.0534,sweep,scaling,1.25,0.22314355131420976,,0.5,124,125,0.25314754247665405,0.7205498814582825,0.8943575024604797,0.5105095505714417,0.9281947612762451,,,,
67,hardest,0.0534,sweep,scaling,1.5,0.4054651081081644,,0.5,124,125,0.22138017416000366,0.6804269552230835,0.9083396792411804,0.5182381868362427,0.9705590009689331,,,,
67,hardest,0.0534,ensemble,scaling,,0.1,0.1,0.5,124,125,,,,,,0.03688575699925423,0.12078902870416641,0.2441694140434265,0.11081209033727646
67,hardest,0.0534,ensemble,scaling,,0.2,0.2,0.5,124,125,,,,,,0.04917361959815025,0.17068490386009216,0.3056586980819702,0.16175620257854462
67,hardest,0.0534,ensemble,scaling,,0.3,0.3,0.5,124,125,,,,,,0.07035975903272629,0.30253177881240845,0.44059979915618896,0.20458927750587463
67,hardest,0.0534,sweep,flip,0.0,0.0,,0.5,124,125,8.344650268554688e-06,3.0159950256347656e-05,0.00011149603960802779,6.119565568951657e-06,0.00011149603960802779,,,,
67,hardest,0.0534,sweep,flip,1.0,1.0,,0.5,124,125,0.030447840690612793,0.17089712619781494,0.2993701100349426,0.3798287808895111,0.38039401173591614,,,,
67,hardest,0.0534,sweep,shear,0.0,0.0,,0.5,124,125,5.364418029785156e-07,1.5497207641601562e-06,7.027670108072925e-06,4.0199259387918573e-07,7.027670108072925e-06,,,,
67,hardest,0.0534,sweep,shear,0.05,0.05,,0.5,124,125,0.2012939453125,0.5472894310951233,0.8358889818191528,0.48868894577026367,0.8266434669494629,,,,
67,hardest,0.0534,sweep,shear,0.1,0.1,,0.5,124,125,0.178489089012146,0.5449537038803101,0.8690304160118103,0.4987023174762726,0.8613736629486084,,,,
67,hardest,0.0534,sweep,shear,0.2,0.2,,0.5,124,125,0.1954571008682251,0.537220299243927,0.8506006598472595,0.4876624345779419,0.8449649214744568,,,,
67,hardest,0.0534,sweep,shear,0.3,0.3,,0.5,124,125,0.21860259771347046,0.5610213279724121,0.8962239027023315,0.4869585633277893,0.8828584551811218,,,,
67,hardest,0.0534,ensemble,shear,,0.1,0.1,0.5,124,125,,,,,,0.12925158441066742,0.3207223117351532,0.4965120553970337,0.25860634446144104
67,hardest,0.0534,ensemble,shear,,0.2,0.2,0.5,124,125,,,,,,0.15198785066604614,0.3645584285259247,0.5510764718055725,0.2806127667427063
67,hardest,0.0534,ensemble,shear,,0.3,0.3,0.5,124,125,,,,,,0.17153587937355042,0.34460458159446716,0.524128258228302,0.26620233058929443
67,hardest,0.0534,sweep,rotation,0.0,0.0,,0.7,75,174,5.960464477539062e-07,1.0728836059570312e-06,2.4562104954384267e-06,1.4640939127730235e-07,2.4562104954384267e-06,,,,
67,hardest,0.0534,sweep,rotation,5.0,5.0,,0.7,75,174,0.2384045124053955,0.556987464427948,0.9047207832336426,0.4334421157836914,0.902363121509552,,,,
67,hardest,0.0534,sweep,rotation,10.0,10.0,,0.7,75,174,0.22411465644836426,0.6786152124404907,0.8575390577316284,0.4602400064468384,0.8603019714355469,,,,
67,hardest,0.0534,sweep,rotation,20.0,20.0,,0.7,75,174,0.26693809032440186,0.5376986861228943,0.8604663610458374,0.48126494884490967,0.8593977689743042,,,,
67,hardest,0.0534,sweep,rotation,30.0,30.0,,0.7,75,174,0.22367322444915771,0.6136739253997803,0.9116709232330322,0.5081384181976318,0.9173256158828735,,,,
67,hardest,0.0534,sweep,rotation,45.0,45.0,,0.7,75,174,0.3421250581741333,0.9106432199478149,0.9510115385055542,0.5488869547843933,0.9557542204856873,,,,
67,hardest,0.0534,ensemble,rotation,,10.0,10.0,0.7,75,174,,,,,,0.20400363206863403,0.4800279438495636,0.36914095282554626,0.16388706862926483
67,hardest,0.0534,ensemble,rotation,,20.0,20.0,0.7,75,174,,,,,,0.22227832674980164,0.5788981914520264,0.42890653014183044,0.20391272008419037
67,hardest,0.0534,ensemble,rotation,,30.0,30.0,0.7,75,174,,,,,,0.20331867039203644,0.5587402582168579,0.4861889183521271,0.22448262572288513
67,hardest,0.0534,sweep,translation,0.0,0.0,,0.7,75,174,5.960464477539062e-07,1.0728836059570312e-06,2.4562104954384267e-06,1.4640939127730235e-07,2.4562104954384267e-06,,,,
67,hardest,0.0534,sweep,translation,1.0,1.0,,0.7,75,174,0.03925275802612305,0.10103601217269897,0.32925036549568176,0.5491099953651428,0.3202645778656006,,,,
67,hardest,0.0534,sweep,translation,2.0,2.0,,0.7,75,174,0.03424036502838135,0.11955094337463379,0.3518373370170593,0.5768285393714905,0.34587687253952026,,,,
67,hardest,0.0534,sweep,translation,4.0,4.0,,0.7,75,174,0.03871619701385498,0.1770605444908142,0.38978713750839233,0.6122696399688721,0.3704864978790283,,,,
67,hardest,0.0534,sweep,translation,6.0,6.0,,0.7,75,174,0.03446376323699951,0.20183861255645752,0.3729642629623413,0.5618868470191956,0.3616330325603485,,,,
67,hardest,0.0534,sweep,translation,8.0,8.0,,0.7,75,174,0.04120492935180664,0.14001178741455078,0.4070678651332855,0.5687248706817627,0.39049506187438965,,,,
67,hardest,0.0534,ensemble,translation,,2.0,2.0,0.7,75,174,,,,,,0.24465462565422058,0.5634893178939819,0.6003100872039795,0.2919575273990631
67,hardest,0.0534,ensemble,translation,,4.0,4.0,0.7,75,174,,,,,,0.2750275731086731,0.5704407691955566,0.5612395405769348,0.28062742948532104
67,hardest,0.0534,ensemble,translation,,6.0,6.0,0.7,75,174,,,,,,0.2436027228832245,0.5532754063606262,0.618027925491333,0.3389209806919098
67,hardest,0.0534,sweep,scaling,0.8,0.2231435513142097,,0.7,75,174,0.20819199085235596,0.7473440766334534,0.8514833450317383,0.4765973687171936,0.8297942280769348,,,,
67,hardest,0.0534,sweep,scaling,0.9,0.10536051565782628,,0.7,75,174,0.2014368772506714,0.8190631866455078,0.91656094789505,0.4752163887023926,0.9004484415054321,,,,
67,hardest,0.0534,sweep,scaling,1.0,0.0,,0.7,75,174,5.960464477539062e-07,1.0728836059570312e-06,2.4562104954384267e-06,1.4640939127730235e-07,2.4562104954384267e-06,,,,
67,hardest,0.0534,sweep,scaling,1.1,0.09531017980432493,,0.7,75,174,0.4389641284942627,0.8930367827415466,0.9244521856307983,0.45299190282821655,0.9421578645706177,,,,
67,hardest,0.0534,sweep,scaling,1.25,0.22314355131420976,,0.7,75,174,0.3068126440048218,0.9193220734596252,0.9634514451026917,0.48135051131248474,0.9987236261367798,,,,
67,hardest,0.0534,sweep,scaling,1.5,0.4054651081081644,,0.7,75,174,0.17954468727111816,0.7392005920410156,0.970474898815155,0.5565869212150574,1.0193183422088623,,,,
67,hardest,0.0534,ensemble,scaling,,0.1,0.1,0.7,75,174,,,,,,0.23985883593559265,0.5045811533927917,0.5437294244766235,0.2243688702583313
67,hardest,0.0534,ensemble,scaling,,0.2,0.2,0.7,75,174,,,,,,0.2241695076227188,0.5764164328575134,0.4379059374332428,0.1839500516653061
67,hardest,0.0534,ensemble,scaling,,0.3,0.3,0.7,75,174,,,,,,0.27999672293663025,0.5347293019294739,0.4067360758781433,0.19130073487758636
67,hardest,0.0534,sweep,flip,0.0,0.0,,0.7,75,174,9.5367431640625e-07,2.4437904357910156e-06,5.139098448125878e-06,4.531044055511302e-07,5.139098448125878e-06,,,,
67,hardest,0.0534,sweep,flip,1.0,1.0,,0.7,75,174,0.03741663694381714,0.1300157904624939,0.4276001751422882,0.6090183258056641,0.35089486837387085,,,,
67,hardest,0.0534,sweep,shear,0.0,0.0,,0.7,75,174,4.172325134277344e-07,1.9073486328125e-06,2.870035132218618e-06,1.371989242215932e-07,2.870035132218618e-06,,,,
67,hardest,0.0534,sweep,shear,0.05,0.05,,0.7,75,174,0.07132494449615479,0.2283560037612915,0.5654723048210144,0.35991185903549194,0.5707573890686035,,,,
67,hardest,0.0534,sweep,shear,0.1,0.1,,0.7,75,174,0.0729750394821167,0.23777514696121216,0.49114519357681274,0.4437899589538574,0.48802459239959717,,,,
67,hardest,0.0534,sweep,shear,0.2,0.2,,0.7,75,174,0.08626008033752441,0.2198631763458252,0.4723772704601288,0.5162976980209351,0.4615488648414612,,,,
67,hardest,0.0534,sweep,shear,0.3,0.3,,0.7,75,174,0.06302273273468018,0.2384052276611328,0.4768703579902649,0.5160275101661682,0.47200798988342285,,,,
67,hardest,0.0534,ensemble,shear,,0.1,0.1,0.7,75,174,,,,,,0.07594849169254303,0.1763114631175995,0.36604198813438416,0.2391088306903839
67,hardest,0.0534,ensemble,shear,,0.2,0.2,0.7,75,174,,,,,,0.08600041270256042,0.19747672975063324,0.4097944498062134,0.29803094267845154
67,hardest,0.0534,ensemble,shear,,0.3,0.3,0.7,75,174,,,,,,0.10109830647706985,0.24375835061073303,0.4523029625415802,0.3221748471260071
29,hardest,0.0527,sweep,rotation,0.0,0.0,,0.3,174,75,4.76837158203125e-07,1.0132789611816406e-06,2.0163377030257834e-06,4.80694325233344e-07,2.0163377030257834e-06,,,,
29,hardest,0.0527,sweep,rotation,5.0,5.0,,0.3,174,75,0.06932473182678223,0.19828104972839355,0.4807876646518707,0.5959065556526184,0.49157994985580444,,,,
29,hardest,0.0527,sweep,rotation,10.0,10.0,,0.3,174,75,0.059414565563201904,0.2166239619255066,0.46831730008125305,0.5844355821609497,0.5056264996528625,,,,
29,hardest,0.0527,sweep,rotation,20.0,20.0,,0.3,174,75,0.034870028495788574,0.10566926002502441,0.3394547402858734,0.5111231803894043,0.4616703391075134,,,,
29,hardest,0.0527,sweep,rotation,30.0,30.0,,0.3,174,75,0.08073258399963379,0.17997419834136963,0.5027792453765869,0.8397767543792725,0.5845583081245422,,,,
29,hardest,0.0527,sweep,rotation,45.0,45.0,,0.3,174,75,0.05312085151672363,0.17189186811447144,0.603939414024353,1.1379716396331787,0.6294825077056885,,,,
29,hardest,0.0527,ensemble,rotation,,10.0,10.0,0.3,174,75,,,,,,0.0462375245988369,0.11772610992193222,0.34370511770248413,0.4155283272266388
29,hardest,0.0527,ensemble,rotation,,20.0,20.0,0.3,174,75,,,,,,0.06939709186553955,0.1415872573852539,0.41401511430740356,0.5368093848228455
29,hardest,0.0527,ensemble,rotation,,30.0,30.0,0.3,174,75,,,,,,0.07840989530086517,0.16942451894283295,0.4551990330219269,0.6803032755851746
29,hardest,0.0527,sweep,translation,0.0,0.0,,0.3,174,75,4.76837158203125e-07,1.0132789611816406e-06,2.0163377030257834e-06,4.80694325233344e-07,2.0163377030257834e-06,,,,
29,hardest,0.0527,sweep,translation,1.0,1.0,,0.3,174,75,0.02815091609954834,0.03930163383483887,0.20320269465446472,0.21151448786258698,0.24285468459129333,,,,
29,hardest,0.0527,sweep,translation,2.0,2.0,,0.3,174,75,0.04033714532852173,0.05766129493713379,0.24061648547649384,0.22390227019786835,0.33447176218032837,,,,
29,hardest,0.0527,sweep,translation,4.0,4.0,,0.3,174,75,0.07016164064407349,0.2734488248825073,0.5224539041519165,0.8364050388336182,0.5650250911712646,,,,
29,hardest,0.0527,sweep,translation,6.0,6.0,,0.3,174,75,0.09337496757507324,0.2540352940559387,0.5486727952957153,0.9026111364364624,0.5856873393058777,,,,
29,hardest,0.0527,sweep,translation,8.0,8.0,,0.3,174,75,0.0931473970413208,0.291917622089386,0.568172037601471,0.9672308564186096,0.6365453004837036,,,,
29,hardest,0.0527,ensemble,translation,,2.0,2.0,0.3,174,75,,,,,,0.056498825550079346,0.17081283032894135,0.3759396970272064,0.4673658311367035
29,hardest,0.0527,ensemble,translation,,4.0,4.0,0.3,174,75,,,,,,0.07920756191015244,0.17898006737232208,0.4816845655441284,0.7067782282829285
29,hardest,0.0527,ensemble,translation,,6.0,6.0,0.3,174,75,,,,,,0.07393272966146469,0.1579628735780716,0.5450712442398071,0.9915854930877686
29,hardest,0.0527,sweep,scaling,0.8,0.2231435513142097,,0.3,174,75,0.05460703372955322,0.17462241649627686,0.4437813460826874,0.5605382919311523,0.5018174648284912,,,,
29,hardest,0.0527,sweep,scaling,0.9,0.10536051565782628,,0.3,174,75,0.06530237197875977,0.17023801803588867,0.48651590943336487,0.6684078574180603,0.49710696935653687,,,,
29,hardest,0.0527,sweep,scaling,1.0,0.0,,0.3,174,75,4.76837158203125e-07,1.0132789611816406e-06,2.0163377030257834e-06,4.80694325233344e-07,2.0163377030257834e-06,,,,
29,hardest,0.0527,sweep,scaling,1.1,0.09531017980432493,,0.3,174,75,0.06376528739929199,0.12829220294952393,0.36740630865097046,0.4677368998527527,0.38153162598609924,,,,
29,hardest,0.0527,sweep,scaling,1.25,0.22314355131420976,,0.3,174,75,0.0791006088256836,0.12506848573684692,0.38316231966018677,0.5427476167678833,0.45507699251174927,,,,
29,hardest,0.0527,sweep,scaling,1.5,0.4054651081081644,,0.3,174,75,0.19012677669525146,0.23134875297546387,0.6660517454147339,1.1587841510772705,0.6617149114608765,,,,
29,hardest,0.0527,ensemble,scaling,,0.1,0.1,0.3,174,75,,,,,,0.06253581494092941,0.14561180770397186,0.391291081905365,0.5398126840591431
29,hardest,0.0527,ensemble,scaling,,0.2,0.2,0.3,174,75,,,,,,0.08721857517957687,0.16556377708911896,0.47753050923347473,0.6812480092048645
29,hardest,0.0527,ensemble,scaling,,0.3,0.3,0.3,174,75,,,,,,0.10792519152164459,0.1592150777578354,0.49340111017227173,0.7269604802131653
29,hardest,0.0527,sweep,flip,0.0,0.0,,0.3,174,75,5.960464477539062e-07,1.0728836059570312e-06,4.855387942370726e-06,1.3144459671821096e-06,4.855387942370726e-06,,,,
29,hardest,0.0527,sweep,flip,1.0,1.0,,0.3,174,75,0.07678192853927612,0.2698894739151001,0.4553951025009155,0.5769987106323242,0.5749602317810059,,,,
29,hardest,0.0527,sweep,shear,0.0,0.0,,0.3,174,75,1.0728836059570312e-06,1.1920928955078125e-06,5.743822839576751e-06,1.6606365988991456e-06,5.743822839576751e-06,,,,
29,hardest,0.0527,sweep,shear,0.05,0.05,,0.3,174,75,0.025121450424194336,0.026922881603240967,0.15708418190479279,0.16572299599647522,0.17478595674037933,,,,
29,hardest,0.0527,sweep,shear,0.1,0.1,,0.3,174,75,0.02200394868850708,0.025894641876220703,0.1616453379392624,0.17198242247104645,0.19909463822841644,,,,
29,hardest,0.0527,sweep,shear,0.2,0.2,,0.3,174,75,0.025012612342834473,0.025527477264404297,0.2110367715358734,0.2600977122783661,0.2757386863231659,,,,
29,hardest,0.0527,sweep,shear,0.3,0.3,,0.3,174,75,0.028673529624938965,0.03492099046707153,0.22800464928150177,0.28262242674827576,0.3262263536453247,,,,
29,hardest,0.0527,ensemble,shear,,0.1,0.1,0.3,174,75,,,,,,0.019892914220690727,0.02828248031437397,0.16132208704948425,0.16621477901935577
29,hardest,0.0527,ensemble,shear,,0.2,0.2,0.3,174,75,,,,,,0.03235162794589996,0.08967367559671402,0.25972115993499756,0.3110126852989197
29,hardest,0.0527,ensemble,shear,,0.3,0.3,0.3,174,75,,,,,,0.03643665835261345,0.09669807553291321,0.2781502306461334,0.3359348475933075
29,hardest,0.0527,sweep,rotation,0.0,0.0,,0.5,124,125,7.271766662597656e-06,2.205371856689453e-06,6.4407504396513104e-06,1.8748121419775998e-06,6.4407504396513104e-06,,,,
29,hardest,0.0527,sweep,rotation,5.0,5.0,,0.5,124,125,0.08268880844116211,0.05109691619873047,0.2524144649505615,0.3097931444644928,0.2754451632499695,,,,
29,hardest,0.0527,sweep,rotation,10.0,10.0,,0.5,124,125,0.08480066061019897,0.07644933462142944,0.36123719811439514,0.5640776753425598,0.3475715219974518,,,,
29,hardest,0.0527,sweep,rotation,20.0,20.0,,0.5,124,125,0.09868556261062622,0.11520230770111084,0.5004934072494507,0.7586615085601807,0.48010897636413574,,,,
29,hardest,0.0527,sweep,rotation,30.0,30.0,,0.5,124,125,0.13832437992095947,0.10611557960510254,0.5055652856826782,0.828408420085907,0.5215744972229004,,,,
29,hardest,0.0527,sweep,rotation,45.0,45.0,,0.5,124,125,0.1398320198059082,0.12524664402008057,0.550959587097168,0.8589228391647339,0.5677927732467651,,,,
29,hardest,0.0527,ensemble,rotation,,10.0,10.0,0.5,124,125,,,,,,0.02586444467306137,0.03813132271170616,0.27133163809776306,0.3652423620223999
29,hardest,0.0527,ensemble,rotation,,20.0,20.0,0.5,124,125,,,,,,0.04866965487599373,0.06608293950557709,0.36908772587776184,0.5753955841064453
29,hardest,0.0527,ensemble,rotation,,30.0,30.0,0.5,124,125,,,,,,0.05230150371789932,0.06598826497793198,0.42233794927597046,0.723212480545044
29,hardest,0.0527,sweep,translation,0.0,0.0,,0.5,124,125,7.271766662597656e-06,2.205371856689453e-06,6.4407504396513104e-06,1.8748121419775998e-06,6.4407504396513104e-06,,,,
29,hardest,0.0527,sweep,translation,1.0,1.0,,0.5,124,125,0.03751695156097412,0.03948402404785156,0.21810320019721985,0.3192606270313263,0.22426143288612366,,,,
29,hardest,0.0527,sweep,translation,2.0,2.0,,0.5,124,125,0.05825620889663696,0.06219339370727539,0.30500587821006775,0.494448184967041,0.3163062632083893,,,,
29,hardest,0.0527,sweep,translation,4.0,4.0,,0.5,124,125,0.07511001825332642,0.0763540267944336,0.4451137185096741,0.6970667243003845,0.36730286478996277,,,,
29,hardest,0.0527,sweep,translation,6.0,6.0,,0.5,124,125,0.08894819021224976,0.08936917781829834,0.5010016560554504,0.7982999086380005,0.4054794907569885,,,,
29,hardest,0.0527,sweep,translation,8.0,8.0,,0.5,124,125,0.11009037494659424,0.14833873510360718,0.5525933504104614,0.9858118295669556,0.46326324343681335,,,,
29,hardest,0.0527,ensemble,translation,,2.0,2.0,0.5,124,125,,,,,,0.06361757218837738,0.05839093402028084,0.3952113091945648,0.6485719680786133
29,hardest,0.0527,ensemble,translation,,4.0,4.0,0.5,124,125,,,,,,0.05677786469459534,0.07604558765888214,0.5275551080703735,1.000032901763916
29,hardest,0.0527,ensemble,translation,,6.0,6.0,0.5,124,125,,,,,,0.06687229126691818,0.0957426056265831,0.5593452453613281,1.1418375968933105
29,hardest,0.0527,sweep,scaling,0.8,0.2231435513142097,,0.5,124,125,0.07102763652801514,0.0920795202255249,0.42039570212364197,0.8458431363105774,0.40385082364082336,,,,
29,hardest,0.0527,sweep,scaling,0.9,0.10536051565782628,,0.5,124,125,0.09126311540603638,0.0741804838180542,0.33545851707458496,0.45883235335350037,0.3348940908908844,,,,
29,hardest,0.0527,sweep,scaling,1.0,0.0,,0.5,124,125,7.271766662597656e-06,2.205371856689453e-06,6.4407504396513104e-06,1.8748121419775998e-06,6.4407504396513104e-06,,,,
29,hardest,0.0527,sweep,scaling,1.1,0.09531017980432493,,0.5,124,125,0.07541912794113159,0.06139659881591797,0.3241926431655884,0.5008148550987244,0.2809675931930542,,,,
29,hardest,0.0527,sweep,scaling,1.25,0.22314355131420976,,0.5,124,125,0.09898042678833008,0.06376969814300537,0.4935147166252136,0.9003332853317261,0.33478885889053345,,,,
29,hardest,0.0527,sweep,scaling,1.5,0.4054651081081644,,0.5,124,125,0.10264581441879272,0.09603947401046753,0.5843464136123657,1.1065123081207275,0.37989503145217896,,,,
29,hardest,0.0527,ensemble,scaling,,0.1,0.1,0.5,124,125,,,,,,0.038952916860580444,0.04151897504925728,0.235552579164505,0.3011186718940735
29,hardest,0.0527,ensemble,scaling,,0.2,0.2,0.5,124,125,,,,,,0.05398762598633766,0.05818589776754379,0.3748323321342468,0.599929928779602
29,hardest,0.0527,ensemble,scaling,,0.3,0.3,0.5,124,125,,,,,,0.06464507430791855,0.07497658580541611,0.4613185524940491,0.7708855271339417
29,hardest,0.0527,sweep,flip,0.0,0.0,,0.5,124,125,2.8014183044433594e-06,1.1920928955078125e-06,3.3647506825218443e-06,9.888981367112137e-07,3.3647506825218443e-06,,,,
29,hardest,0.0527,sweep,flip,1.0,1.0,,0.5,124,125,0.06871223449707031,0.09491187334060669,0.46822136640548706,0.8114369511604309,0.36137855052948,,,,
29,hardest,0.0527,sweep,shear,0.0,0.0,,0.5,124,125,6.4373016357421875e-06,2.7418136596679688e-06,9.195974598696921e-06,2.5539256967022084e-06,9.195974598696921e-06,,,,
29,hardest,0.0527,sweep,shear,0.05,0.05,,0.5,124,125,0.04119515419006348,0.03150177001953125,0.1634274274110794,0.17019644379615784,0.16615237295627594,,,,
29,hardest,0.0527,sweep,shear,0.1,0.1,,0.5,124,125,0.048965513706207275,0.0395350456237793,0.2095528393983841,0.30891287326812744,0.21188484132289886,,,,
29,hardest,0.0527,sweep,shear,0.2,0.2,,0.5,124,125,0.07575738430023193,0.07825720310211182,0.3649929463863373,0.525135338306427,0.3518156111240387,,,,
29,hardest,0.0527,sweep,shear,0.3,0.3,,0.5,124,125,0.06520050764083862,0.08275115489959717,0.38510045409202576,0.5834351181983948,0.3936271667480469,,,,
29,hardest,0.0527,ensemble,shear,,0.1,0.1,0.5,124,125,,,,,,0.049479175359010696,0.034640636295080185,0.17038029432296753,0.2150891125202179
29,hardest,0.0527,ensemble,shear,,0.2,0.2,0.5,124,125,,,,,,0.06126567721366882,0.0480969063937664,0.26307129859924316,0.35775601863861084
29,hardest,0.0527,ensemble,shear,,0.3,0.3,0.5,124,125,,,,,,0.06751483678817749,0.05011700838804245,0.31140151619911194,0.4346866011619568
29,hardest,0.0527,sweep,rotation,0.0,0.0,,0.7,75,174,1.430511474609375e-06,5.960464477539062e-07,6.377020440595516e-07,4.91610663289066e-08,6.377020440595516e-07,,,,
29,hardest,0.0527,sweep,rotation,5.0,5.0,,0.7,75,174,0.07279926538467407,0.05834883451461792,0.30621233582496643,0.4722421169281006,0.27716338634490967,,,,
29,hardest,0.0527,sweep,rotation,10.0,10.0,,0.7,75,174,0.1040986180305481,0.05451393127441406,0.38895317912101746,0.6810524463653564,0.2654164731502533,,,,
29,hardest,0.0527,sweep,rotation,20.0,20.0,,0.7,75,174,0.1120915412902832,0.06622475385665894,0.5123822093009949,0.9050918817520142,0.3169242739677429,,,,
29,hardest,0.0527,sweep,rotation,30.0,30.0,,0.7,75,174,0.09026849269866943,0.07327008247375488,0.5562626719474792,0.9700552225112915,0.33907726407051086,,,,
29,hardest,0.0527,sweep,rotation,45.0,45.0,,0.7,75,174,0.12937021255493164,0.10384440422058105,0.6023448705673218,1.081882357597351,0.38488852977752686,,,,
29,hardest,0.0527,ensemble,rotation,,10.0,10.0,0.7,75,174,,,,,,0.052305273711681366,0.04270398989319801,0.29473304748535156,0.4697535037994385
29,hardest,0.0527,ensemble,rotation,,20.0,20.0,0.7,75,174,,,,,,0.0695861205458641,0.047703731805086136,0.39769771695137024,0.6753823161125183
29,hardest,0.0527,ensemble,rotation,,30.0,30.0,0.7,75,174,,,,,,0.05228017270565033,0.05729934945702553,0.45239323377609253,0.7996982932090759
29,hardest,0.0527,sweep,translation,0.0,0.0,,0.7,75,174,1.430511474609375e-06,5.960464477539062e-07,6.377020440595516e-07,4.91610663289066e-08,6.377020440595516e-07,,,,
29,hardest,0.0527,sweep,translation,1.0,1.0,,0.7,75,174,0.06530296802520752,0.03649008274078369,0.22672593593597412,0.5068144798278809,0.16184447705745697,,,,
29,hardest,0.0527,sweep,translation,2.0,2.0,,0.7,75,174,0.0644000768661499,0.04509592056274414,0.3364989757537842,0.678981602191925,0.18766124546527863,,,,
29,hardest,0.0527,sweep,translation,4.0,4.0,,0.7,75,174,0.08565938472747803,0.06082749366760254,0.5139206647872925,0.9875963926315308,0.26436665654182434,,,,
29,hardest,0.0527,sweep,translation,6.0,6.0,,0.7,75,174,0.09471166133880615,0.0683830976486206,0.5482366681098938,1.1397039890289307,0.2643822431564331,,,,
29,hardest,0.0527,sweep,translation,8.0,8.0,,0.7,75,174,0.05306077003479004,0.0638277530670166,0.5598191618919373,1.219038724899292,0.24587103724479675,,,,
29,hardest,0.0527,ensemble,translation,,2.0,2.0,0.7,75,174,,,,,,0.06836622208356857,0.04160376638174057,0.40139296650886536,0.7408314347267151
29,hardest,0.0527,ensemble,translation,,4.0,4.0,0.7,75,174,,,,,,0.0936879962682724,0.05915503948926926,0.5373379588127136,1.0919328927993774
29,hardest,0.0527,ensemble,translation,,6.0,6.0,0.7,75,174,,,,,,0.0915469154715538,0.06991617381572723,0.5902377367019653,1.2851598262786865
29,hardest,0.0527,sweep,scaling,0.8,0.2231435513142097,,0.7,75,174,0.09987032413482666,0.06953954696655273,0.4554254412651062,0.919560432434082,0.3168724775314331,,,,
29,hardest,0.0527,sweep,scaling,0.9,0.10536051565782628,,0.7,75,174,0.09552603960037231,0.058230817317962646,0.32456639409065247,0.5323302745819092,0.2830266058444977,,,,
29,hardest,0.0527,sweep,scaling,1.0,0.0,,0.7,75,174,1.430511474609375e-06,5.960464477539062e-07,6.377020440595516e-07,4.91610663289066e-08,6.377020440595516e-07,,,,
29,hardest,0.0527,sweep,scaling,1.1,0.09531017980432493,,0.7,75,174,0.12875103950500488,0.052706360816955566,0.3197455108165741,0.6066391468048096,0.244639590382576,,,,
29,hardest,0.0527,sweep,scaling,1.25,0.22314355131420976,,0.7,75,174,0.09587597846984863,0.05176067352294922,0.5063819885253906,1.053919792175293,0.257689893245697,,,,
29,hardest,0.0527,sweep,scaling,1.5,0.4054651081081644,,0.7,75,174,0.18922066688537598,0.11584091186523438,0.6370118856430054,1.3785622119903564,0.3275953531265259,,,,
29,hardest,0.0527,ensemble,scaling,,0.1,0.1,0.7,75,174,,,,,,0.0761886015534401,0.035514410585165024,0.2252049595117569,0.3392621576786041
29,hardest,0.0527,ensemble,scaling,,0.2,0.2,0.7,75,174,,,,,,0.07981472462415695,0.047757040709257126,0.356587290763855,0.6146396398544312
29,hardest,0.0527,ensemble,scaling,,0.3,0.3,0.7,75,174,,,,,,0.08406596630811691,0.057097479701042175,0.43847957253456116,0.787455141544342
29,hardest,0.0527,sweep,flip,0.0,0.0,,0.7,75,174,1.0728836059570312e-06,5.960464477539062e-07,7.580202918688883e-07,9.332345030088618e-08,7.580202918688883e-07,,,,
29,hardest,0.0527,sweep,flip,1.0,1.0,,0.7,75,174,0.08040094375610352,0.07548141479492188,0.4889499843120575,0.9644638299942017,0.2250608205795288,,,,
29,hardest,0.0527,sweep,shear,0.0,0.0,,0.7,75,174,2.7418136596679688e-06,4.76837158203125e-07,6.553091225214303e-07,6.226903792594385e-08,6.553091225214303e-07,,,,
29,hardest,0.0527,sweep,shear,0.05,0.05,,0.7,75,174,0.040894508361816406,0.01919722557067871,0.1179242953658104,0.18104247748851776,0.11915049701929092,,,,
29,hardest,0.0527,sweep,shear,0.1,0.1,,0.7,75,174,0.0872344970703125,0.025250792503356934,0.18045994639396667,0.3341670036315918,0.16312146186828613,,,,
29,hardest,0.0527,sweep,shear,0.2,0.2,,0.7,75,174,0.05519986152648926,0.031696319580078125,0.25190043449401855,0.5110117197036743,0.17520396411418915,,,,
29,hardest,0.0527,sweep,shear,0.3,0.3,,0.7,75,174,0.0502549409866333,0.039440274238586426,0.33475083112716675,0.6539507508277893,0.21637877821922302,,,,
29,hardest,0.0527,ensemble,shear,,0.1,0.1,0.7,75,174,,,,,,0.04353449493646622,0.020360644906759262,0.12844641506671906,0.21035641431808472
29,hardest,0.0527,ensemble,shear,,0.2,0.2,0.7,75,174,,,,,,0.05225510895252228,0.02900092676281929,0.19253019988536835,0.35144880414009094
29,hardest,0.0527,ensemble,shear,,0.3,0.3,0.7,75,174,,,,,,0.0596282072365284,0.03552468866109848,0.24693071842193604,0.4502413868904114
65,hardest,0.0522,sweep,rotation,0.0,0.0,,0.3,174,75,8.940696716308594e-07,1.9073486328125e-06,3.8221426734708075e-07,1.0461673127792892e-07,3.8221426734708075e-07,,,,
65,hardest,0.0522,sweep,rotation,5.0,5.0,,0.3,174,75,0.0288238525390625,0.11132186651229858,0.058970220386981964,0.04358690232038498,0.06461842358112335,,,,
65,hardest,0.0522,sweep,rotation,10.0,10.0,,0.3,174,75,0.006319165229797363,0.044518232345581055,0.022503264248371124,0.02341083437204361,0.11174222826957703,,,,
65,hardest,0.0522,sweep,rotation,20.0,20.0,,0.3,174,75,0.03518730401992798,0.1571151614189148,0.050713229924440384,0.041051317006349564,0.17607060074806213,,,,
65,hardest,0.0522,sweep,rotation,30.0,30.0,,0.3,174,75,0.06581169366836548,0.3083677291870117,0.29488468170166016,0.11627428233623505,0.28000009059906006,,,,
65,hardest,0.0522,sweep,rotation,45.0,45.0,,0.3,174,75,0.0692211389541626,0.46925097703933716,0.31122317910194397,0.13367794454097748,0.2909248173236847,,,,
65,hardest,0.0522,ensemble,rotation,,10.0,10.0,0.3,174,75,,,,,,0.028286874294281006,0.09354796260595322,0.03632195666432381,0.029557358473539352
65,hardest,0.0522,ensemble,rotation,,20.0,20.0,0.3,174,75,,,,,,0.050461556762456894,0.18773896992206573,0.06564032286405563,0.04490676149725914
65,hardest,0.0522,ensemble,rotation,,30.0,30.0,0.3,174,75,,,,,,0.05850987508893013,0.21009640395641327,0.11545436084270477,0.059397779405117035
65,hardest,0.0522,sweep,translation,0.0,0.0,,0.3,174,75,8.940696716308594e-07,1.9073486328125e-06,3.8221426734708075e-07,1.0461673127792892e-07,3.8221426734708075e-07,,,,
65,hardest,0.0522,sweep,translation,1.0,1.0,,0.3,174,75,0.027594566345214844,0.13285422325134277,0.06270142644643784,0.05167233571410179,0.07662322372198105,,,,
65,hardest,0.0522,sweep,translation,2.0,2.0,,0.3,174,75,0.024815380573272705,0.12610268592834473,0.023417990654706955,0.021143518388271332,0.05809463560581207,,,,
65,hardest,0.0522,sweep,translation,4.0,4.0,,0.3,174,75,0.007743716239929199,0.031117677688598633,0.017529556527733803,0.02020968124270439,0.09355936199426651,,,,
65,hardest,0.0522,sweep,translation,6.0,6.0,,0.3,174,75,0.07827484607696533,0.4881781339645386,0.293809175491333,0.16055753827095032,0.29477718472480774,,,,
65,hardest,0.0522,sweep,translation,8.0,8.0,,0.3,174,75,0.08111917972564697,0.5099872946739197,0.29604387283325195,0.15904700756072998,0.30141305923461914,,,,
65,hardest,0.0522,ensemble,translation,,2.0,2.0,0.3,174,75,,,,,,0.023820970207452774,0.12284662574529648,0.04225791245698929,0.03921886160969734
65,hardest,0.0522,ensemble,translation,,4.0,4.0,0.3,174,75,,,,,,0.036300428211688995,0.2114955484867096,0.10957364737987518,0.06991495937108994
65,hardest,0.0522,ensemble,translation,,6.0,6.0,0.3,174,75,,,,,,0.05642816424369812,0.2780914306640625,0.21846593916416168,0.11396464705467224
65,hardest,0.0522,sweep,scaling,0.8,0.2231435513142097,,0.3,174,75,0.013612926006317139,0.07171648740768433,0.013558333739638329,0.008468838408589363,0.057460635900497437,,,,
65,hardest,0.0522,sweep,scaling,0.9,0.10536051565782628,,0.3,174,75,0.01836252212524414,0.11884522438049316,0.020573966205120087,0.013112633489072323,0.034243322908878326,,,,
65,hardest,0.0522,sweep,scaling,1.0,0.0,,0.3,174,75,8.940696716308594e-07,1.9073486328125e-06,3.8221426734708075e-07,1.0461673127792892e-07,3.8221426734708075e-07,,,,
65,hardest,0.0522,sweep,scaling,1.1,0.09531017980432493,,0.3,174,75,0.0072820186614990234,0.012723386287689209,0.00399976409971714,0.008385454304516315,0.015259689651429653,,,,
65,hardest,0.0522,sweep,scaling,1.25,0.22314355131420976,,0.3,174,75,0.040258944034576416,0.09430831670761108,0.051660604774951935,0.043461889028549194,0.06164238601922989,,,,
65,hardest,0.0522,sweep,scaling,1.5,0.4054651081081644,,0.3,174,75,0.05794042348861694,0.4340062737464905,0.28624263405799866,0.13447074592113495,0.3068086504936218,,,,
65,hardest,0.0522,ensemble,scaling,,0.1,0.1,0.3,174,75,,,,,,0.02029573544859886,0.08578268438577652,0.02825694903731346,0.02476271241903305
65,hardest,0.0522,ensemble,scaling,,0.2,0.2,0.3,174,75,,,,,,0.017064079642295837,0.07189536094665527,0.023083554580807686,0.02060915157198906
65,hardest,0.0522,ensemble,scaling,,0.3,0.3,0.3,174,75,,,,,,0.02916521206498146,0.15187130868434906,0.08890140801668167,0.05081376060843468
65,hardest,0.0522,sweep,flip,0.0,0.0,,0.3,174,75,5.364418029785156e-07,1.9073486328125e-06,4.80566484384326e-07,9.976256620802815e-08,4.80566484384326e-07,,,,
65,hardest,0.0522,sweep,flip,1.0,1.0,,0.3,174,75,0.0020884275436401367,0.008348584175109863,0.003293294459581375,0.002253119368106127,0.1487741768360138,,,,
65,hardest,0.0522,sweep,shear,0.0,0.0,,0.3,174,75,1.6093254089355469e-06,2.682209014892578e-06,4.888607918474008e-07,2.503907694517693e-07,4.888607918474008e-07,,,,
65,hardest,0.0522,sweep,shear,0.05,0.05,,0.3,174,75,0.002988457679748535,0.0017631053924560547,0.0025316369719803333,0.002278280444443226,0.004254987463355064,,,,
65,hardest,0.0522,sweep,shear,0.1,0.1,,0.3,174,75,0.0024868249893188477,0.010954797267913818,0.009764733724296093,0.008379647508263588,0.01341751404106617,,,,
65,hardest,0.0522,sweep,shear,0.2,0.2,,0.3,174,75,0.04680061340332031,0.11511552333831787,0.06299681961536407,0.049420133233070374,0.06692516803741455,,,,
65,hardest,0.0522,sweep,shear,0.3,0.3,,0.3,174,75,0.02919590473175049,0.09860068559646606,0.06400728225708008,0.053965602070093155,0.07507653534412384,,,,
65,hardest,0.0522,ensemble,shear,,0.1,0.1,0.3,174,75,,,,,,0.012097702361643314,0.059419311583042145,0.009625522419810295,0.006451728753745556
65,hardest,0.0522,ensemble,shear,,0.2,0.2,0.3,174,75,,,,,,0.019196538254618645,0.06792253255844116,0.022935230284929276,0.01732049696147442
65,hardest,0.0522,ensemble,shear,,0.3,0.3,0.3,174,75,,,,,,0.01671086810529232,0.07260854542255402,0.026214981451630592,0.020650595426559448
65,hardest,0.0522,sweep,rotation,0.0,0.0,,0.5,124,125,7.62939453125e-06,3.337860107421875e-06,7.474431527043635e-07,4.334355594437511e-07,7.474431527043635e-07,,,,
65,hardest,0.0522,sweep,rotation,5.0,5.0,,0.5,124,125,0.059915363788604736,0.10805511474609375,0.0967787504196167,0.06540866196155548,0.09383358061313629,,,,
65,hardest,0.0522,sweep,rotation,10.0,10.0,,0.5,124,125,0.05745899677276611,0.09207653999328613,0.12359784543514252,0.08288399875164032,0.11591912060976028,,,,
65,hardest,0.0522,sweep,rotation,20.0,20.0,,0.5,124,125,0.08300387859344482,0.1276998519897461,0.2462945282459259,0.12059131264686584,0.23374733328819275,,,,
65,hardest,0.0522,sweep,rotation,30.0,30.0,,0.5,124,125,0.15103745460510254,0.4270784854888916,0.31632131338119507,0.12010061740875244,0.30186885595321655,,,,
65,hardest,0.0522,sweep,rotation,45.0,45.0,,0.5,124,125,0.12789618968963623,0.1487973928451538,0.24425049126148224,0.1159137636423111,0.23417137563228607,,,,
65,hardest,0.0522,ensemble,rotation,,10.0,10.0,0.5,124,125,,,,,,0.0730084702372551,0.20174524188041687,0.13024000823497772,0.058941297233104706
65,hardest,0.0522,ensemble,rotation,,20.0,20.0,0.5,124,125,,,,,,0.07354126870632172,0.22947779297828674,0.18110603094100952,0.07658916711807251
65,hardest,0.0522,ensemble,rotation,,30.0,30.0,0.5,124,125,,,,,,0.08144743740558624,0.2333516776561737,0.19834934175014496,0.08419623225927353
65,hardest,0.0522,sweep,translation,0.0,0.0,,0.5,124,125,7.62939453125e-06,3.337860107421875e-06,7.474431527043635e-07,4.334355594437511e-07,7.474431527043635e-07,,,,
65,hardest,0.0522,sweep,translation,1.0,1.0,,0.5,124,125,0.07820785045623779,0.13459324836730957,0.23520272970199585,0.12155264616012573,0.23900696635246277,,,,
65,hardest,0.0522,sweep,translation,2.0,2.0,,0.5,124,125,0.0690147876739502,0.11720824241638184,0.275442898273468,0.11968989670276642,0.29538217186927795,,,,
65,hardest,0.0522,sweep,translation,4.0,4.0,,0.5,124,125,0.17229700088500977,0.17710423469543457,0.3388536870479584,0.17327985167503357,0.36263328790664673,,,,
65,hardest,0.0522,sweep,translation,6.0,6.0,,0.5,124,125,0.07608568668365479,0.1031651496887207,0.30966365337371826,0.17917442321777344,0.2892494201660156,,,,
65,hardest,0.0522,sweep,translation,8.0,8.0,,0.5,124,125,0.22041213512420654,0.28166401386260986,0.34013521671295166,0.17681846022605896,0.39480823278427124,,,,
65,hardest,0.0522,ensemble,translation,,2.0,2.0,0.5,124,125,,,,,,0.06003490090370178,0.16876906156539917,0.1636163741350174,0.08475133776664734
65,hardest,0.0522,ensemble,translation,,4.0,4.0,0.5,124,125,,,,,,0.06791077554225922,0.20592637360095978,0.19890424609184265,0.09169452637434006
65,hardest,0.0522,ensemble,translation,,6.0,6.0,0.5,124,125,,,,,,0.0769093781709671,0.1946946233510971,0.2000068724155426,0.09977148473262787
65,hardest,0.0522,sweep,scaling,0.8,0.2231435513142097,,0.5,124,125,0.09772473573684692,0.42134416103363037,0.31363794207572937,0.11682191491127014,0.3227425217628479,,,,
65,hardest,0.0522,sweep,scaling,0.9,0.10536051565782628,,0.5,124,125,0.05389845371246338,0.09044831991195679,0.12790164351463318,0.06148438900709152,0.13767364621162415,,,,
65,hardest,0.0522,sweep,scaling,1.0,0.0,,0.5,124,125,7.62939453125e-06,3.337860107421875e-06,7.474431527043635e-07,4.334355594437511e-07,7.474431527043635e-07,,,,
65,hardest,0.0522,sweep,scaling,1.1,0.09531017980432493,,0.5,124,125,0.07156717777252197,0.10576850175857544,0.08936947584152222,0.05823150649666786,0.09077256917953491,,,,
65,hardest,0.0522,sweep,scaling,1.25,0.22314355131420976,,0.5,124,125,0.09852218627929688,0.16115570068359375,0.12079020589590073,0.09351609647274017,0.12379245460033417,,,,
65,hardest,0.0522,sweep,scaling,1.5,0.4054651081081644,,0.5,124,125,0.06864315271377563,0.10124361515045166,0.1325923204421997,0.12750425934791565,0.15230783820152283,,,,
65,hardest,0.0522,ensemble,scaling,,0.1,0.1,0.5,124,125,,,,,,0.037564970552921295,0.061903029680252075,0.04247738793492317,0.027074849233031273
65,hardest,0.0522,ensemble,scaling,,0.2,0.2,0.5,124,125,,,,,,0.049313984811306,0.15342378616333008,0.1101425364613533,0.05184852331876755
65,hardest,0.0522,ensemble,scaling,,0.3,0.3,0.5,124,125,,,,,,0.057088714092969894,0.20409615337848663,0.15640977025032043,0.07197129726409912
65,hardest,0.0522,sweep,flip,0.0,0.0,,0.5,124,125,2.682209014892578e-06,1.3113021850585938e-06,4.023674193831539e-07,1.0015249785055858e-07,4.023674193831539e-07,,,,
65,hardest,0.0522,sweep,flip,1.0,1.0,,0.5,124,125,0.09947681427001953,0.08684039115905762,0.26050475239753723,0.12743797898292542,0.20673972368240356,,,,
65,hardest,0.0522,sweep,shear,0.0,0.0,,0.5,124,125,1.8596649169921875e-05,1.0132789611816406e-06,3.5439450130070327e-07,5.144354275898877e-08,3.5439450130070327e-07,,,,
65,hardest,0.0522,sweep,shear,0.05,0.05,,0.5,124,125,0.11205804347991943,0.38383620977401733,0.271729052066803,0.09463074803352356,0.2696473300457001,,,,
65,hardest,0.0522,sweep,shear,0.1,0.1,,0.5,124,125,0.11302649974822998,0.38251882791519165,0.27160272002220154,0.09532450884580612,0.27209773659706116,,,,
65,hardest,0.0522,sweep,shear,0.2,0.2,,0.5,124,125,0.07311594486236572,0.1723119020462036,0.2650384306907654,0.11305578052997589,0.27860790491104126,,,,
65,hardest,0.0522,sweep,shear,0.3,0.3,,0.5,124,125,0.08467549085617065,0.4310862421989441,0.29683220386505127,0.12740597128868103,0.2915028929710388,,,,
65,hardest,0.0522,ensemble,shear,,0.1,0.1,0.5,124,125,,,,,,0.056332364678382874,0.13156984746456146,0.09049978852272034,0.0379435196518898
65,hardest,0.0522,ensemble,shear,,0.2,0.2,0.5,124,125,,,,,,0.07721349596977234,0.235383078455925,0.164687380194664,0.06550855934619904
65,hardest,0.0522,ensemble,shear,,0.3,0.3,0.5,124,125,,,,,,0.06647904962301254,0.2368321567773819,0.18364351987838745,0.06319960951805115
65,hardest,0.0522,sweep,rotation,0.0,0.0,,0.7,75,174,2.9802322387695312e-06,1.3709068298339844e-06,3.4355238653915876e-07,3.565529382854038e-08,3.4355238653915876e-07,,,,
65,hardest,0.0522,sweep,rotation,5.0,5.0,,0.7,75,174,0.019122719764709473,0.0867776870727539,0.08891301602125168,0.0578707717359066,0.08772046118974686,,,,
65,hardest,0.0522,sweep,rotation,10.0,10.0,,0.7,75,174,0.041346192359924316,0.096629798412323,0.1082964688539505,0.0790645182132721,0.09278438240289688,,,,
65,hardest,0.0522,sweep,rotation,20.0,20.0,,0.7,75,174,0.05264937877655029,0.13945823907852173,0.14195220172405243,0.09334117919206619,0.08822888880968094,,,,
65,hardest,0.0522,sweep,rotation,30.0,30.0,,0.7,75,174,0.036522626876831055,0.11425900459289551,0.20987077057361603,0.10948323458433151,0.08618748188018799,,,,
65,hardest,0.0522,sweep,rotation,45.0,45.0,,0.7,75,174,0.03210091590881348,0.1477859616279602,0.23444662988185883,0.12629833817481995,0.08998657017946243,,,,
65,hardest,0.0522,ensemble,rotation,,10.0,10.0,0.7,75,174,,,,,,0.03872247412800789,0.08590216934680939,0.06598354876041412,0.03565530478954315
65,hardest,0.0522,ensemble,rotation,,20.0,20.0,0.7,75,174,,,,,,0.040479082614183426,0.1558130979537964,0.10336431860923767,0.05408742278814316
65,hardest,0.0522,ensemble,rotation,,30.0,30.0,0.7,75,174,,,,,,0.049224819988012314,0.1819019764661789,0.14878304302692413,0.07625024765729904
65,hardest,0.0522,sweep,translation,0.0,0.0,,0.7,75,174,2.9802322387695312e-06,1.3709068298339844e-06,3.4355238653915876e-07,3.565529382854038e-08,3.4355238653915876e-07,,,,
65,hardest,0.0522,sweep,translation,1.0,1.0,,0.7,75,174,0.02888357639312744,0.09574425220489502,0.09486803412437439,0.10159365832805634,0.05586294084787369,,,,
65,hardest,0.0522,sweep,translation,2.0,2.0,,0.7,75,174,0.027986645698547363,0.08043134212493896,0.13247069716453552,0.10222980380058289,0.05655388534069061,,,,
65,hardest,0.0522,sweep,translation,4.0,4.0,,0.7,75,174,0.06515038013458252,0.1213884949684143,0.2287192940711975,0.13246887922286987,0.0889999270439148,,,,
65,hardest,0.0522,sweep,translation,6.0,6.0,,0.7,75,174,0.04495680332183838,0.12575101852416992,0.2845620810985565,0.1066310852766037,0.08749216794967651,,,,
65,hardest,0.0522,sweep,translation,8.0,8.0,,0.7,75,174,0.03396183252334595,0.09787976741790771,0.32352912425994873,0.11111287772655487,0.08184923231601715,,,,
65,hardest,0.0522,ensemble,translation,,2.0,2.0,0.7,75,174,,,,,,0.04910551756620407,0.08664298802614212,0.11607600003480911,0.08561614900827408
65,hardest,0.0522,ensemble,translation,,4.0,4.0,0.7,75,174,,,,,,0.06329551339149475,0.14133627712726593,0.18194876611232758,0.10952004790306091
65,hardest,0.0522,ensemble,translation,,6.0,6.0,0.7,75,174,,,,,,0.05911285802721977,0.12324792891740799,0.21969354152679443,0.12531808018684387
65,hardest,0.0522,sweep,scaling,0.8,0.2231435513142097,,0.7,75,174,0.047570228576660156,0.08550292253494263,0.10517069697380066,0.09086815267801285,0.08192023634910583,,,,
65,hardest,0.0522,sweep,scaling,0.9,0.10536051565782628,,0.7,75,174,0.05669248104095459,0.07073569297790527,0.051089975982904434,0.062184903770685196,0.0473223477602005,,,,
65,hardest,0.0522,sweep,scaling,1.0,0.0,,0.7,75,174,2.9802322387695312e-06,1.3709068298339844e-06,3.4355238653915876e-07,3.565529382854038e-08,3.4355238653915876e-07,,,,
65,hardest,0.0522,sweep,scaling,1.1,0.09531017980432493,,0.7,75,174,0.016977548599243164,0.0712924599647522,0.05560113117098808,0.04323161393404007,0.04853072389960289,,,,
65,hardest,0.0522,sweep,scaling,1.25,0.22314355131420976,,0.7,75,174,0.03028327226638794,0.0959174633026123,0.08633491396903992,0.06850482523441315,0.059342894703149796,,,,
65,hardest,0.0522,sweep,scaling,1.5,0.4054651081081644,,0.7,75,174,0.056688904762268066,0.13294941186904907,0.12886078655719757,0.10130825638771057,0.06915117800235748,,,,
65,hardest,0.0522,ensemble,scaling,,0.1,0.1,0.7,75,174,,,,,,0.03595910966396332,0.06326275318861008,0.05270706117153168,0.03178439289331436
65,hardest,0.0522,ensemble,scaling,,0.2,0.2,0.7,75,174,,,,,,0.03313478082418442,0.06925159692764282,0.06249956786632538,0.05089644342660904
65,hardest,0.0522,ensemble,scaling,,0.3,0.3,0.7,75,174,,,,,,0.053513750433921814,0.12659572064876556,0.09180379658937454,0.07132658362388611
65,hardest,0.0522,sweep,flip,0.0,0.0,,0.7,75,174,1.6689300537109375e-06,1.1920928955078125e-06,3.225366924652917e-07,3.6756873100785015e-08,3.225366924652917e-07,,,,
65,hardest,0.0522,sweep,flip,1.0,1.0,,0.7,75,174,0.09895747900009155,0.20415419340133667,0.21542032063007355,0.10319623351097107,0.1091080754995346,,,,
65,hardest,0.0522,sweep,shear,0.0,0.0,,0.7,75,174,5.7220458984375e-06,1.2516975402832031e-06,3.0567338171749725e-07,3.561865824508459e-08,3.0567338171749725e-07,,,,
65,hardest,0.0522,sweep,shear,0.05,0.05,,0.7,75,174,0.013619422912597656,0.11867320537567139,0.048028260469436646,0.024344485253095627,0.05020114406943321,,,,
65,hardest,0.0522,sweep,shear,0.1,0.1,,0.7,75,174,0.022760510444641113,0.12173020839691162,0.06779958307743073,0.04299027472734451,0.05424105376005173,,,,
65,hardest,0.0522,sweep,shear,0.2,0.2,,0.7,75,174,0.045790791511535645,0.13656991720199585,0.110316701233387,0.09304362535476685,0.07380310446023941,,,,
65,hardest,0.0522,sweep,shear,0.3,0.3,,0.7,75,174,0.0469822883605957,0.37755686044692993,0.13522513210773468,0.09963852912187576,0.09445547312498093,,,,
65,hardest,0.0522,ensemble,shear,,0.1,0.1,0.7,75,174,,,,,,0.018851561471819878,0.06850282847881317,0.03583621233701706,0.022666549310088158
65,hardest,0.0522,ensemble,shear,,0.2,0.2,0.7,75,174,,,,,,0.040974702686071396,0.10335437953472137,0.07746104151010513,0.054270774126052856
65,hardest,0.0522,ensemble,shear,,0.3,0.3,0.7,75,174,,,,,,0.05326291546225548,0.16759879887104034,0.1078232079744339,0.07124744355678558
10,medium,0.0312,sweep,rotation,0.0,0.0,,0.3,174,75,4.172325134277344e-06,3.2782554626464844e-05,2.8189871954964474e-05,5.937466994510032e-06,2.8189871954964474e-05,,,,
10,medium,0.0312,sweep,rotation,5.0,5.0,,0.3,174,75,0.057327330112457275,0.21153753995895386,0.32517606019973755,0.39578908681869507,0.34432098269462585,,,,
10,medium,0.0312,sweep,rotation,10.0,10.0,,0.3,174,75,0.11513811349868774,0.32694005966186523,0.5297749638557434,0.6526618003845215,0.5506091713905334,,,,
10,medium,0.0312,sweep,rotation,20.0,20.0,,0.3,174,75,0.06965214014053345,0.24627697467803955,0.4344920217990875,0.6026099920272827,0.5386300683021545,,,,
10,medium,0.0312,sweep,rotation,30.0,30.0,,0.3,174,75,0.07418125867843628,0.22489184141159058,0.3970039486885071,0.5347392559051514,0.574626088142395,,,,
10,medium,0.0312,sweep,rotation,45.0,45.0,,0.3,174,75,0.06760966777801514,0.191381573677063,0.484968900680542,0.6038730144500732,0.6387660503387451,,,,
10,medium,0.0312,ensemble,rotation,,10.0,10.0,0.3,174,75,,,,,,0.09186895936727524,0.24709324538707733,0.459123432636261,0.5783849954605103
10,medium,0.0312,ensemble,rotation,,20.0,20.0,0.3,174,75,,,,,,0.10205982625484467,0.2416781187057495,0.5078092813491821,0.7325228452682495
10,medium,0.0312,ensemble,rotation,,30.0,30.0,0.3,174,75,,,,,,0.10859011113643646,0.27184927463531494,0.5737713575363159,0.8098384141921997
10,medium,0.0312,sweep,translation,0.0,0.0,,0.3,174,75,4.172325134277344e-06,3.2782554626464844e-05,2.8189871954964474e-05,5.937466994510032e-06,2.8189871954964474e-05,,,,
10,medium,0.0312,sweep,translation,1.0,1.0,,0.3,174,75,0.15573370456695557,0.3441317081451416,0.607119083404541,0.7847784757614136,0.6234347820281982,,,,
10,medium,0.0312,sweep,translation,2.0,2.0,,0.3,174,75,0.0753626823425293,0.18831324577331543,0.3348986506462097,0.460357129573822,0.4262511730194092,,,,
10,medium,0.0312,sweep,translation,4.0,4.0,,0.3,174,75,0.08013981580734253,0.22766178846359253,0.46093273162841797,0.580189049243927,0.5458788871765137,,,,
10,medium,0.0312,sweep,translation,6.0,6.0,,0.3,174,75,0.14618074893951416,0.41913318634033203,0.6211416721343994,1.0099040269851685,0.6599035859107971,,,,
10,medium,0.0312,sweep,translation,8.0,8.0,,0.3,174,75,0.057986557483673096,0.16178417205810547,0.5020031332969666,0.6656924486160278,0.6391699314117432,,,,
10,medium,0.0312,ensemble,translation,,2.0,2.0,0.3,174,75,,,,,,0.12755027413368225,0.27972412109375,0.5677580237388611,0.6907097101211548
10,medium,0.0312,ensemble,translation,,4.0,4.0,0.3,174,75,,,,,,0.12624216079711914,0.31265899538993835,0.5908665657043457,0.8663243055343628
10,medium,0.0312,ensemble,translation,,6.0,6.0,0.3,174,75,,,,,,0.12653176486492157,0.31287842988967896,0.5627739429473877,0.8135940432548523
10,medium,0.0312,sweep,scaling,0.8,0.2231435513142097,,0.3,174,75,0.06427133083343506,0.12102806568145752,0.33510613441467285,0.4593702554702759,0.4777682423591614,,,,
10,medium,0.0312,sweep,scaling,0.9,0.10536051565782628,,0.3,174,75,0.06367999315261841,0.20282244682312012,0.3234069049358368,0.3798533082008362,0.37603411078453064,,,,
10,medium,0.0312,sweep,scaling,1.0,0.0,,0.3,174,75,4.172325134277344e-06,3.2782554626464844e-05,2.8189871954964474e-05,5.937466994510032e-06,2.8189871954964474e-05,,,,
10,medium,0.0312,sweep,scaling,1.1,0.09531017980432493,,0.3,174,75,0.17593848705291748,0.532020628452301,0.6772724390029907,0.9084323644638062,0.7140894532203674,,,,
10,medium,0.0312,sweep,scaling,1.25,0.22314355131420976,,0.3,174,75,0.11119043827056885,0.30781233310699463,0.5647367238998413,0.6268284320831299,0.6432504653930664,,,,
10,medium,0.0312,sweep,scaling,1.5,0.4054651081081644,,0.3,174,75,0.13268136978149414,0.39205795526504517,0.6320709586143494,1.0080573558807373,0.7036184072494507,,,,
10,medium,0.0312,ensemble,scaling,,0.1,0.1,0.3,174,75,,,,,,0.09931941330432892,0.2457760125398636,0.4547908306121826,0.5776342153549194
10,medium,0.0312,ensemble,scaling,,0.2,0.2,0.3,174,75,,,,,,0.1262969672679901,0.3125447630882263,0.5140383243560791,0.6360083818435669
10,medium,0.0312,ensemble,scaling,,0.3,0.3,0.3,174,75,,,,,,0.1272408664226532,0.34340915083885193,0.5811872482299805,0.7421509027481079
10,medium,0.0312,sweep,flip,0.0,0.0,,0.3,174,75,1.1563301086425781e-05,6.508827209472656e-05,6.307992589427158e-05,1.094261824619025e-05,6.307992589427158e-05,,,,
10,medium,0.0312,sweep,flip,1.0,1.0,,0.3,174,75,0.13872182369232178,0.3529542088508606,0.678133487701416,0.8457013368606567,0.6634262204170227,,,,
10,medium,0.0312,sweep,shear,0.0,0.0,,0.3,174,75,2.7418136596679688e-06,1.3589859008789062e-05,1.3942988516646437e-05,3.0324367799039464e-06,1.3942988516646437e-05,,,,
10,medium,0.0312,sweep,shear,0.05,0.05,,0.3,174,75,0.049266815185546875,0.1864476203918457,0.29517433047294617,0.3439227044582367,0.3083427846431732,,,,
10,medium,0.0312,sweep,shear,0.1,0.1,,0.3,174,75,0.049884676933288574,0.17528283596038818,0.31533485651016235,0.360763818025589,0.3358120322227478,,,,
10,medium,0.0312,sweep,shear,0.2,0.2,,0.3,174,75,0.12195873260498047,0.445809543132782,0.4185570776462555,0.49007201194763184,0.4721405506134033,,,,
10,medium,0.0312,sweep,shear,0.3,0.3,,0.3,174,75,0.16411030292510986,0.39327460527420044,0.573645830154419,0.7737236618995667,0.6098311543464661,,,,
10,medium,0.0312,ensemble,shear,,0.1,0.1,0.3,174,75,,,,,,0.06760904937982559,0.16714783012866974,0.33926692605018616,0.4320291578769684
10,medium,0.0312,ensemble,shear,,0.2,0.2,0.3,174,75,,,,,,0.07521598786115646,0.21456900238990784,0.44072428345680237,0.5678778886795044
10,medium,0.0312,ensemble,shear,,0.3,0.3,0.3,174,75,,,,,,0.09159041196107864,0.21088846027851105,0.4825064241886139,0.6620630621910095
10,medium,0.0312,sweep,rotation,0.0,0.0,,0.5,124,125,1.5854835510253906e-05,2.1219253540039062e-05,1.5706053090980276e-05,2.7949829473072896e-06,1.5706053090980276e-05,,,,
10,medium,0.0312,sweep,rotation,5.0,5.0,,0.5,124,125,0.058655619621276855,0.18784844875335693,0.28200796246528625,0.16873699426651,0.32596030831336975,,,,
10,medium,0.0312,sweep,rotation,10.0,10.0,,0.5,124,125,0.061824679374694824,0.25094926357269287,0.3097858428955078,0.21513649821281433,0.37397247552871704,,,,
10,medium,0.0312,sweep,rotation,20.0,20.0,,0.5,124,125,0.07787644863128662,0.2543732523918152,0.4207584857940674,0.33632946014404297,0.4308539628982544,,,,
10,medium,0.0312,sweep,rotation,30.0,30.0,,0.5,124,125,0.09423065185546875,0.27966058254241943,0.4355655908584595,0.32682833075523376,0.48509150743484497,,,,
10,medium,0.0312,sweep,rotation,45.0,45.0,,0.5,124,125,0.09048354625701904,0.4002024531364441,0.4691283106803894,0.3547993302345276,0.5162794589996338,,,,
10,medium,0.0312,ensemble,rotation,,10.0,10.0,0.5,124,125,,,,,,0.037355706095695496,0.15599747002124786,0.16745862364768982,0.15927784144878387
10,medium,0.0312,ensemble,rotation,,20.0,20.0,0.5,124,125,,,,,,0.06060520559549332,0.20870406925678253,0.2444930225610733,0.24950604140758514
10,medium,0.0312,ensemble,rotation,,30.0,30.0,0.5,124,125,,,,,,0.07961026579141617,0.22926467657089233,0.2749084234237671,0.26705440878868103
10,medium,0.0312,sweep,translation,0.0,0.0,,0.5,124,125,1.5854835510253906e-05,2.1219253540039062e-05,1.5706053090980276e-05,2.7949829473072896e-06,1.5706053090980276e-05,,,,
10,medium,0.0312,sweep,translation,1.0,1.0,,0.5,124,125,0.06525737047195435,0.17248111963272095,0.3057495951652527,0.27021968364715576,0.3151053488254547,,,,
10,medium,0.0312,sweep,translation,2.0,2.0,,0.5,124,125,0.042644500732421875,0.130693256855011,0.3213624060153961,0.3049755096435547,0.32183921337127686,,,,
10,medium,0.0312,sweep,translation,4.0,4.0,,0.5,124,125,0.08232855796813965,0.14675647020339966,0.3756280839443207,0.35371825098991394,0.34561586380004883,,,,
10,medium,0.0312,sweep,translation,6.0,6.0,,0.5,124,125,0.05322229862213135,0.1345232129096985,0.4315534234046936,0.4198542833328247,0.36823341250419617,,,,
10,medium,0.0312,sweep,translation,8.0,8.0,,0.5,124,125,0.05527377128601074,0.15174269676208496,0.44908761978149414,0.4220672845840454,0.40880268812179565,,,,
10,medium,0.0312,ensemble,translation,,2.0,2.0,0.5,124,125,,,,,,0.04894738271832466,0.2004503756761551,0.3406602740287781,0.2960222363471985
10,medium,0.0312,ensemble,translation,,4.0,4.0,0.5,124,125,,,,,,0.077494777739048,0.22916404902935028,0.43025481700897217,0.39490729570388794
10,medium,0.0312,ensemble,translation,,6.0,6.0,0.5,124,125,,,,,,0.07974708080291748,0.2202078402042389,0.47026342153549194,0.4181562066078186
10,medium,0.0312,sweep,scaling,0.8,0.2231435513142097,,0.5,124,125,0.10205858945846558,0.26017045974731445,0.4079819619655609,0.30166512727737427,0.4421611726284027,,,,
10,medium,0.0312,sweep,scaling,0.9,0.10536051565782628,,0.5,124,125,0.05843162536621094,0.18861794471740723,0.3088497817516327,0.21710926294326782,0.3496611714363098,,,,
10,medium,0.0312,sweep,scaling,1.0,0.0,,0.5,124,125,1.5854835510253906e-05,2.1219253540039062e-05,1.5706053090980276e-05,2.7949829473072896e-06,1.5706053090980276e-05,,,,
10,medium,0.0312,sweep,scaling,1.1,0.09531017980432493,,0.5,124,125,0.07478594779968262,0.21364295482635498,0.38204461336135864,0.24418634176254272,0.39763015508651733,,,,
10,medium,0.0312,sweep,scaling,1.25,0.22314355131420976,,0.5,124,125,0.08989143371582031,0.196791410446167,0.47447991371154785,0.3618262708187103,0.457542359828949,,,,
10,medium,0.0312,sweep,scaling,1.5,0.4054651081081644,,0.5,124,125,0.1150161623954773,0.2520182728767395,0.5182729959487915,0.5239039063453674,0.5213890075683594,,,,
10,medium,0.0312,ensemble,scaling,,0.1,0.1,0.5,124,125,,,,,,0.05296989902853966,0.13677620887756348,0.25520700216293335,0.19175764918327332
10,medium,0.0312,ensemble,scaling,,0.2,0.2,0.5,124,125,,,,,,0.052939608693122864,0.17664703726768494,0.2750151753425598,0.22673611342906952
10,medium,0.0312,ensemble,scaling,,0.3,0.3,0.5,124,125,,,,,,0.05817032232880592,0.21693414449691772,0.3279489278793335,0.27934104204177856
10,medium,0.0312,sweep,flip,0.0,0.0,,0.5,124,125,3.7550926208496094e-06,1.7702579498291016e-05,1.057315239449963e-05,2.4041669348662253e-06,1.057315239449963e-05,,,,
10,medium,0.0312,sweep,flip,1.0,1.0,,0.5,124,125,0.07258307933807373,0.33290213346481323,0.4499184191226959,0.39799603819847107,0.42042306065559387,,,,
10,medium,0.0312,sweep,shear,0.0,0.0,,0.5,124,125,7.68899917602539e-06,1.1026859283447266e-05,6.435376235458534e-06,1.2729112768283812e-06,6.435376235458534e-06,,,,
10,medium,0.0312,sweep,shear,0.05,0.05,,0.5,124,125,0.06257665157318115,0.2307504415512085,0.2739870548248291,0.1963912844657898,0.2780504524707794,,,,
10,medium,0.0312,sweep,shear,0.1,0.1,,0.5,124,125,0.07054579257965088,0.20377957820892334,0.26077800989151,0.16032493114471436,0.27013108134269714,,,,
10,medium,0.0312,sweep,shear,0.2,0.2,,0.5,124,125,0.07226163148880005,0.19603198766708374,0.24943436682224274,0.2110951542854309,0.2730582356452942,,,,
10,medium,0.0312,sweep,shear,0.3,0.3,,0.5,124,125,0.07384181022644043,0.2828845977783203,0.2895967960357666,0.2594224512577057,0.3014931380748749,,,,
10,medium,0.0312,ensemble,shear,,0.1,0.1,0.5,124,125,,,,,,0.035102035850286484,0.12257804721593857,0.12443743646144867,0.08992771059274673
10,medium,0.0312,ensemble,shear,,0.2,0.2,0.5,124,125,,,,,,0.04537951201200485,0.16122375428676605,0.19370442628860474,0.14677463471889496
10,medium,0.0312,ensemble,shear,,0.3,0.3,0.5,124,125,,,,,,0.0520034059882164,0.16422134637832642,0.21735994517803192,0.1835389882326126
10,medium,0.0312,sweep,rotation,0.0,0.0,,0.7,75,174,1.0728836059570312e-06,1.3709068298339844e-06,6.695061074424302e-07,3.369088119598018e-08,6.695061074424302e-07,,,,
10,medium,0.0312,sweep,rotation,5.0,5.0,,0.7,75,174,0.031029164791107178,0.08884906768798828,0.2910397946834564,0.22118622064590454,0.2764873802661896,,,,
10,medium,0.0312,sweep,rotation,10.0,10.0,,0.7,75,174,0.03714942932128906,0.12226098775863647,0.3499399423599243,0.2834317982196808,0.3129620850086212,,,,
10,medium,0.0312,sweep,rotation,20.0,20.0,,0.7,75,174,0.048273324966430664,0.1946781873703003,0.4323793053627014,0.36669331789016724,0.3106025159358978,,,,
10,medium,0.0312,sweep,rotation,30.0,30.0,,0.7,75,174,0.08286535739898682,0.2116079330444336,0.4880114495754242,0.45110023021698,0.33231616020202637,,,,
10,medium,0.0312,sweep,rotation,45.0,45.0,,0.7,75,174,0.179376482963562,0.30123209953308105,0.5407180190086365,0.4758472144603729,0.3548490107059479,,,,
10,medium,0.0312,ensemble,rotation,,10.0,10.0,0.7,75,174,,,,,,0.040976569056510925,0.12205757945775986,0.19551482796669006,0.19695596396923065
10,medium,0.0312,ensemble,rotation,,20.0,20.0,0.7,75,174,,,,,,0.03952766954898834,0.165292888879776,0.28066882491111755,0.27965742349624634
10,medium,0.0312,ensemble,rotation,,30.0,30.0,0.7,75,174,,,,,,0.0720689594745636,0.19727851450443268,0.33933764696121216,0.3420071005821228
10,medium,0.0312,sweep,translation,0.0,0.0,,0.7,75,174,1.0728836059570312e-06,1.3709068298339844e-06,6.695061074424302e-07,3.369088119598018e-08,6.695061074424302e-07,,,,
10,medium,0.0312,sweep,translation,1.0,1.0,,0.7,75,174,0.0224531888961792,0.15775662660598755,0.21674250066280365,0.2608751058578491,0.19370725750923157,,,,
10,medium,0.0312,sweep,translation,2.0,2.0,,0.7,75,174,0.04599541425704956,0.13329637050628662,0.2850680649280548,0.28484800457954407,0.25031936168670654,,,,
10,medium,0.0312,sweep,translation,4.0,4.0,,0.7,75,174,0.05302625894546509,0.19410908222198486,0.36791497468948364,0.341457724571228,0.24839021265506744,,,,
10,medium,0.0312,sweep,translation,6.0,6.0,,0.7,75,174,0.05577385425567627,0.1523951292037964,0.40537229180336,0.3663131296634674,0.21068371832370758,,,,
10,medium,0.0312,sweep,translation,8.0,8.0,,0.7,75,174,0.04811441898345947,0.24026453495025635,0.44181156158447266,0.3792427182197571,0.26275426149368286,,,,
10,medium,0.0312,ensemble,translation,,2.0,2.0,0.7,75,174,,,,,,0.04646100476384163,0.17615264654159546,0.29781538248062134,0.302420049905777
10,medium,0.0312,ensemble,translation,,4.0,4.0,0.7,75,174,,,,,,0.05759066715836525,0.18081219494342804,0.3719392716884613,0.38600248098373413
10,medium,0.0312,ensemble,translation,,6.0,6.0,0.7,75,174,,,,,,0.06947363913059235,0.20530501008033752,0.4394873380661011,0.4299697279930115
10,medium,0.0312,sweep,scaling,0.8,0.2231435513142097,,0.7,75,174,0.06702315807342529,0.22450828552246094,0.33063164353370667,0.21746240556240082,0.3257982134819031,,,,
10,medium,0.0312,sweep,scaling,0.9,0.10536051565782628,,0.7,75,174,0.05021935701370239,0.09226667881011963,0.2620144188404083,0.18729029595851898,0.26564455032348633,,,,
10,medium,0.0312,sweep,scaling,1.0,0.0,,0.7,75,174,1.0728836059570312e-06,1.3709068298339844e-06,6.695061074424302e-07,3.369088119598018e-08,6.695061074424302e-07,,,,
10,medium,0.0312,sweep,scaling,1.1,0.09531017980432493,,0.7,75,174,0.04623305797576904,0.1464993953704834,0.25708916783332825,0.21638061106204987,0.24316634237766266,,,,
10,medium,0.0312,sweep,scaling,1.25,0.22314355131420976,,0.7,75,174,0.07257461547851562,0.13638556003570557,0.32980409264564514,0.2653887867927551,0.2783048748970032,,,,
10,medium,0.0312,sweep,scaling,1.5,0.4054651081081644,,0.7,75,174,0.07956242561340332,0.2235652208328247,0.44275981187820435,0.35663002729415894,0.31977367401123047,,,,
10,medium,0.0312,ensemble,scaling,,0.1,0.1,0.7,75,174,,,,,,0.030662285163998604,0.08671841770410538,0.1377790868282318,0.1036703810095787
10,medium,0.0312,ensemble,scaling,,0.2,0.2,0.7,75,174,,,,,,0.043712008744478226,0.16828671097755432,0.1785888373851776,0.16392619907855988
10,medium,0.0312,ensemble,scaling,,0.3,0.3,0.7,75,174,,,,,,0.05692468583583832,0.19234596192836761,0.22880923748016357,0.2031663954257965
10,medium,0.0312,sweep,flip,0.0,0.0,,0.7,75,174,3.5762786865234375e-07,9.5367431640625e-07,6.209604634932475e-07,2.523086628514193e-08,6.209604634932475e-07,,,,
10,medium,0.0312,sweep,flip,1.0,1.0,,0.7,75,174,0.033811092376708984,0.15320956707000732,0.46363067626953125,0.4746290445327759,0.2699753940105438,,,,
10,medium,0.0312,sweep,shear,0.0,0.0,,0.7,75,174,4.76837158203125e-07,1.6689300537109375e-06,5.943772976024775e-07,2.6554641152642944e-08,5.943772976024775e-07,,,,
10,medium,0.0312,sweep,shear,0.05,0.05,,0.7,75,174,0.02416408061981201,0.049609243869781494,0.1691584438085556,0.06406940519809723,0.17343777418136597,,,,
10,medium,0.0312,sweep,shear,0.1,0.1,,0.7,75,174,0.02905571460723877,0.08324456214904785,0.2094605267047882,0.12298000603914261,0.20918411016464233,,,,
10,medium,0.0312,sweep,shear,0.2,0.2,,0.7,75,174,0.03040146827697754,0.08033788204193115,0.24265773594379425,0.21120528876781464,0.23325860500335693,,,,
10,medium,0.0312,sweep,shear,0.3,0.3,,0.7,75,174,0.036571502685546875,0.1326349973678589,0.2947990596294403,0.24489547312259674,0.28504306077957153,,,,
10,medium,0.0312,ensemble,shear,,0.1,0.1,0.7,75,174,,,,,,0.017823822796344757,0.04879964515566826,0.12260124832391739,0.05939249321818352
10,medium,0.0312,ensemble,shear,,0.2,0.2,0.7,75,174,,,,,,0.023944517597556114,0.0742049440741539,0.1738867461681366,0.12329286336898804
10,medium,0.0312,ensemble,shear,,0.3,0.3,0.7,75,174,,,,,,0.028999019414186478,0.09898357838392258,0.2107846885919571,0.15967527031898499
9,medium,0.0308,sweep,rotation,0.0,0.0,,0.3,174,75,2.0265579223632812e-06,2.682209014892578e-06,3.521942971929093e-06,8.95988819138438e-07,3.521942971929093e-06,,,,
9,medium,0.0308,sweep,rotation,5.0,5.0,,0.3,174,75,0.016299962997436523,0.04712057113647461,0.0905153825879097,0.08649872243404388,0.19802148640155792,,,,
9,medium,0.0308,sweep,rotation,10.0,10.0,,0.3,174,75,0.023608148097991943,0.050095200538635254,0.11390062421560287,0.10008068382740021,0.2986041009426117,,,,
9,medium,0.0308,sweep,rotation,20.0,20.0,,0.3,174,75,0.02532827854156494,0.0425875186920166,0.13762006163597107,0.15049132704734802,0.45226168632507324,,,,
9,medium,0.0308,sweep,rotation,30.0,30.0,,0.3,174,75,0.11023515462875366,0.09465169906616211,0.17674380540847778,0.22298142313957214,0.5418001413345337,,,,
9,medium,0.0308,sweep,rotation,45.0,45.0,,0.3,174,75,0.033527910709381104,0.0856204628944397,0.2010902762413025,0.25167304277420044,0.6064997911453247,,,,
9,medium,0.0308,ensemble,rotation,,10.0,10.0,0.3,174,75,,,,,,0.03620724752545357,0.11360768228769302,0.2611916959285736,0.2969387173652649
9,medium,0.0308,ensemble,rotation,,20.0,20.0,0.3,174,75,,,,,,0.049547091126441956,0.11563287675380707,0.3106485605239868,0.37611445784568787
9,medium,0.0308,ensemble,rotation,,30.0,30.0,0.3,174,75,,,,,,0.09929262101650238,0.12616276741027832,0.3519531786441803,0.45367974042892456
9,medium,0.0308,sweep,translation,0.0,0.0,,0.3,174,75,2.0265579223632812e-06,2.682209014892578e-06,3.521942971929093e-06,8.95988819138438e-07,3.521942971929093e-06,,,,
9,medium,0.0308,sweep,translation,1.0,1.0,,0.3,174,75,0.012780368328094482,0.03881257772445679,0.10306922346353531,0.07494285702705383,0.15374402701854706,,,,
9,medium,0.0308,sweep,translation,2.0,2.0,,0.3,174,75,0.02761054039001465,0.07075321674346924,0.19599922001361847,0.19827817380428314,0.2527824640274048,,,,
9,medium,0.0308,sweep,translation,4.0,4.0,,0.3,174,75,0.026286602020263672,0.07039308547973633,0.19559209048748016,0.2711600065231323,0.32312771677970886,,,,
9,medium,0.0308,sweep,translation,6.0,6.0,,0.3,174,75,0.08960318565368652,0.1739087700843811,0.49953964352607727,0.8715943098068237,0.5846530199050903,,,,
9,medium,0.0308,sweep,translation,8.0,8.0,,0.3,174,75,0.07913398742675781,0.25923848152160645,0.431165874004364,0.4501408338546753,0.5154837965965271,,,,
9,medium,0.0308,ensemble,translation,,2.0,2.0,0.3,174,75,,,,,,0.11573658883571625,0.18377624452114105,0.437333881855011,0.5833967924118042
9,medium,0.0308,ensemble,translation,,4.0,4.0,0.3,174,75,,,,,,0.15077094733715057,0.18522940576076508,0.4669119119644165,0.6428191661834717
9,medium,0.0308,ensemble,translation,,6.0,6.0,0.3,174,75,,,,,,0.16056714951992035,0.3701907694339752,0.5449337959289551,0.7860152721405029
9,medium,0.0308,sweep,scaling,0.8,0.2231435513142097,,0.3,174,75,0.02569127082824707,0.07275182008743286,0.14828436076641083,0.1811199188232422,0.24955657124519348,,,,
9,medium,0.0308,sweep,scaling,0.9,0.10536051565782628,,0.3,174,75,0.03711211681365967,0.16981738805770874,0.2483026683330536,0.3085634112358093,0.31079089641571045,,,,
9,medium,0.0308,sweep,scaling,1.0,0.0,,0.3,174,75,2.0265579223632812e-06,2.682209014892578e-06,3.521942971929093e-06,8.95988819138438e-07,3.521942971929093e-06,,,,
9,medium,0.0308,sweep,scaling,1.1,0.09531017980432493,,0.3,174,75,0.04081141948699951,0.08755290508270264,0.33649325370788574,0.38853973150253296,0.40328168869018555,,,,
9,medium,0.0308,sweep,scaling,1.25,0.22314355131420976,,0.3,174,75,0.05388283729553223,0.0931020975112915,0.36172473430633545,0.42654916644096375,0.5183994174003601,,,,
9,medium,0.0308,sweep,scaling,1.5,0.4054651081081644,,0.3,174,75,0.07128047943115234,0.1432020664215088,0.4541362524032593,0.6084078550338745,0.6283395886421204,,,,
9,medium,0.0308,ensemble,scaling,,0.1,0.1,0.3,174,75,,,,,,0.04034992679953575,0.0916830524802208,0.23187759518623352,0.2716113030910492
9,medium,0.0308,ensemble,scaling,,0.2,0.2,0.3,174,75,,,,,,0.05606631562113762,0.1527286022901535,0.3062017560005188,0.36177560687065125
9,medium,0.0308,ensemble,scaling,,0.3,0.3,0.3,174,75,,,,,,0.057296596467494965,0.14233963191509247,0.37240535020828247,0.4969205856323242
9,medium,0.0308,sweep,flip,0.0,0.0,,0.3,174,75,2.384185791015625e-07,1.0132789611816406e-06,1.2902701200800948e-06,6.744167535543966e-08,1.2902701200800948e-06,,,,
9,medium,0.0308,sweep,flip,1.0,1.0,,0.3,174,75,0.056129395961761475,0.12062233686447144,0.5982816815376282,1.2839674949645996,0.44766008853912354,,,,
9,medium,0.0308,sweep,shear,0.0,0.0,,0.3,174,75,1.0132789611816406e-06,1.6689300537109375e-06,2.268898015245213e-06,3.854658530144661e-07,2.268898015245213e-06,,,,
9,medium,0.0308,sweep,shear,0.05,0.05,,0.3,174,75,0.02166295051574707,0.028805255889892578,0.07109849900007248,0.04105737432837486,0.1154070794582367,,,,
9,medium,0.0308,sweep,shear,0.1,0.1,,0.3,174,75,0.01993417739868164,0.033705711364746094,0.07376524060964584,0.04522193223237991,0.1471988409757614,,,,
9,medium,0.0308,sweep,shear,0.2,0.2,,0.3,174,75,0.03696376085281372,0.07903575897216797,0.26092708110809326,0.24598421156406403,0.3629293143749237,,,,
9,medium,0.0308,sweep,shear,0.3,0.3,,0.3,174,75,0.07098478078842163,0.08733916282653809,0.3464279770851135,0.3418275713920593,0.4604347050189972,,,,
9,medium,0.0308,ensemble,shear,,0.1,0.1,0.3,174,75,,,,,,0.01289146114140749,0.024031365290284157,0.0448286198079586,0.04601764306426048
9,medium,0.0308,ensemble,shear,,0.2,0.2,0.3,174,75,,,,,,0.02495388314127922,0.06069249287247658,0.14444418251514435,0.1575344055891037
9,medium,0.0308,ensemble,shear,,0.3,0.3,0.3,174,75,,,,,,0.03562312573194504,0.05832543969154358,0.19298489391803741,0.2016526609659195
9,medium,0.0308,sweep,rotation,0.0,0.0,,0.5,124,125,1.3113021850585938e-06,8.344650268554688e-07,1.3301747685545706e-06,5.144436698856225e-08,1.3301747685545706e-06,,,,
9,medium,0.0308,sweep,rotation,5.0,5.0,,0.5,124,125,0.03226715326309204,0.05641043186187744,0.17036496102809906,0.18527212738990784,0.19348673522472382,,,,
9,medium,0.0308,sweep,rotation,10.0,10.0,,0.5,124,125,0.059123218059539795,0.10726034641265869,0.3980637192726135,0.5161731243133545,0.34716570377349854,,,,
9,medium,0.0308,sweep,rotation,20.0,20.0,,0.5,124,125,0.06767284870147705,0.11265414953231812,0.5380903482437134,0.6998602151870728,0.49166715145111084,,,,
9,medium,0.0308,sweep,rotation,30.0,30.0,,0.5,124,125,0.036926865577697754,0.11889362335205078,0.49083614349365234,0.8199366331100464,0.4191172420978546,,,,
9,medium,0.0308,sweep,rotation,45.0,45.0,,0.5,124,125,0.051867008209228516,0.18461006879806519,0.5692799091339111,1.0661067962646484,0.5627641081809998,,,,
9,medium,0.0308,ensemble,rotation,,10.0,10.0,0.5,124,125,,,,,,0.039051901549100876,0.08630415797233582,0.28310540318489075,0.34061843156814575
9,medium,0.0308,ensemble,rotation,,20.0,20.0,0.5,124,125,,,,,,0.05149028077721596,0.09881529957056046,0.38696998357772827,0.5089102983474731
9,medium,0.0308,ensemble,rotation,,30.0,30.0,0.5,124,125,,,,,,0.053760748356580734,0.1169537752866745,0.43530139327049255,0.6683675646781921
9,medium,0.0308,sweep,translation,0.0,0.0,,0.5,124,125,1.3113021850585938e-06,8.344650268554688e-07,1.3301747685545706e-06,5.144436698856225e-08,1.3301747685545706e-06,,,,
9,medium,0.0308,sweep,translation,1.0,1.0,,0.5,124,125,0.014624416828155518,0.050521135330200195,0.13104020059108734,0.20582914352416992,0.12783682346343994,,,,
9,medium,0.0308,sweep,translation,2.0,2.0,,0.5,124,125,0.03976649045944214,0.10754555463790894,0.27849411964416504,0.39433151483535767,0.24258950352668762,,,,
9,medium,0.0308,sweep,translation,4.0,4.0,,0.5,124,125,0.0720369815826416,0.10490334033966064,0.33653828501701355,0.5162570476531982,0.2229040116071701,,,,
9,medium,0.0308,sweep,translation,6.0,6.0,,0.5,124,125,0.10525178909301758,0.11139988899230957,0.4091220498085022,0.6730674505233765,0.28598713874816895,,,,
9,medium,0.0308,sweep,translation,8.0,8.0,,0.5,124,125,0.07699722051620483,0.17175531387329102,0.4890362620353699,0.7638343572616577,0.3376252353191376,,,,
9,medium,0.0308,ensemble,translation,,2.0,2.0,0.5,124,125,,,,,,0.0745474323630333,0.09132285416126251,0.359130322933197,0.4698517322540283
9,medium,0.0308,ensemble,translation,,4.0,4.0,0.5,124,125,,,,,,0.0817326083779335,0.12830856442451477,0.4834107458591461,0.6664720773696899
9,medium,0.0308,ensemble,translation,,6.0,6.0,0.5,124,125,,,,,,0.10381119698286057,0.14649896323680878,0.5487281084060669,0.8486281633377075
9,medium,0.0308,sweep,scaling,0.8,0.2231435513142097,,0.5,124,125,0.05660909414291382,0.0831061601638794,0.20559990406036377,0.2827177345752716,0.2838396430015564,,,,
9,medium,0.0308,sweep,scaling,0.9,0.10536051565782628,,0.5,124,125,0.13009893894195557,0.0713379979133606,0.1582280546426773,0.16851677000522614,0.18995137512683868,,,,
9,medium,0.0308,sweep,scaling,1.0,0.0,,0.5,124,125,1.3113021850585938e-06,8.344650268554688e-07,1.3301747685545706e-06,5.144436698856225e-08,1.3301747685545706e-06,,,,
9,medium,0.0308,sweep,scaling,1.1,0.09531017980432493,,0.5,124,125,0.05255305767059326,0.1489492654800415,0.3375627100467682,0.3297453224658966,0.35037103295326233,,,,
9,medium,0.0308,sweep,scaling,1.25,0.22314355131420976,,0.5,124,125,0.06556648015975952,0.14713740348815918,0.47562721371650696,0.5234500169754028,0.4501698315143585,,,,
9,medium,0.0308,sweep,scaling,1.5,0.4054651081081644,,0.5,124,125,0.09812796115875244,0.16994386911392212,0.4983784258365631,0.762991189956665,0.4637560248374939,,,,
9,medium,0.0308,ensemble,scaling,,0.1,0.1,0.5,124,125,,,,,,0.06239326670765877,0.08366736769676208,0.18433190882205963,0.17384132742881775
9,medium,0.0308,ensemble,scaling,,0.2,0.2,0.5,124,125,,,,,,0.08104537427425385,0.1068565621972084,0.2683252692222595,0.3031257390975952
9,medium,0.0308,ensemble,scaling,,0.3,0.3,0.5,124,125,,,,,,0.07577399164438248,0.12089598923921585,0.32209619879722595,0.37102606892585754
9,medium,0.0308,sweep,flip,0.0,0.0,,0.5,124,125,2.384185791015625e-07,7.152557373046875e-07,1.4781085155846085e-06,7.65098491228855e-08,1.4781085155846085e-06,,,,
9,medium,0.0308,sweep,flip,1.0,1.0,,0.5,124,125,0.07372009754180908,0.12945348024368286,0.6883797645568848,1.606128454208374,0.4202890992164612,,,,
9,medium,0.0308,sweep,shear,0.0,0.0,,0.5,124,125,1.9073486328125e-06,7.152557373046875e-07,1.5191560578386998e-06,5.3538222744009545e-08,1.5191560578386998e-06,,,,
9,medium,0.0308,sweep,shear,0.05,0.05,,0.5,124,125,0.039392709732055664,0.08830177783966064,0.27148887515068054,0.18767651915550232,0.28703367710113525,,,,
9,medium,0.0308,sweep,shear,0.1,0.1,,0.5,124,125,0.045796990394592285,0.10061979293823242,0.31523966789245605,0.26855769753456116,0.31145963072776794,,,,
9,medium,0.0308,sweep,shear,0.2,0.2,,0.5,124,125,0.04946303367614746,0.09349042177200317,0.34742558002471924,0.3752802014350891,0.3349665701389313,,,,
9,medium,0.0308,sweep,shear,0.3,0.3,,0.5,124,125,0.05472308397293091,0.1292654275894165,0.36181125044822693,0.4018060564994812,0.34259188175201416,,,,
9,medium,0.0308,ensemble,shear,,0.1,0.1,0.5,124,125,,,,,,0.03823792189359665,0.06250646710395813,0.18349982798099518,0.14160089194774628
9,medium,0.0308,ensemble,shear,,0.2,0.2,0.5,124,125,,,,,,0.03789162635803223,0.0768992230296135,0.24081285297870636,0.22839656472206116
9,medium,0.0308,ensemble,shear,,0.3,0.3,0.5,124,125,,,,,,0.04232998564839363,0.0826929435133934,0.27416855096817017,0.279548704624176
9,medium,0.0308,sweep,rotation,0.0,0.0,,0.7,75,174,8.940696716308594e-07,1.0132789611816406e-06,1.1029147799490602e-06,2.8499140825033464e-08,1.1029147799490602e-06,,,,
9,medium,0.0308,sweep,rotation,5.0,5.0,,0.7,75,174,0.0529521107673645,0.061179399490356445,0.18697208166122437,0.2504833936691284,0.16645748913288116,,,,
9,medium,0.0308,sweep,rotation,10.0,10.0,,0.7,75,174,0.04186809062957764,0.06382107734680176,0.2894880771636963,0.415706992149353,0.23743921518325806,,,,
9,medium,0.0308,sweep,rotation,20.0,20.0,,0.7,75,174,0.06270360946655273,0.17164462804794312,0.4772907793521881,0.6656502485275269,0.35586678981781006,,,,
9,medium,0.0308,sweep,rotation,30.0,30.0,,0.7,75,174,0.09698712825775146,0.13819396495819092,0.5302618741989136,0.8955832123756409,0.35213738679885864,,,,
9,medium,0.0308,sweep,rotation,45.0,45.0,,0.7,75,174,0.17857158184051514,0.2829587459564209,0.6524510979652405,1.1922541856765747,0.3999747335910797,,,,
9,medium,0.0308,ensemble,rotation,,10.0,10.0,0.7,75,174,,,,,,0.03843645006418228,0.07777243107557297,0.23667222261428833,0.315032422542572
9,medium,0.0308,ensemble,rotation,,20.0,20.0,0.7,75,174,,,,,,0.06357690691947937,0.1124546229839325,0.36686089634895325,0.5308924913406372
9,medium,0.0308,ensemble,rotation,,30.0,30.0,0.7,75,174,,,,,,0.0697043314576149,0.1309017539024353,0.4279853403568268,0.7106193900108337
9,medium,0.0308,sweep,translation,0.0,0.0,,0.7,75,174,8.940696716308594e-07,1.0132789611816406e-06,1.1029147799490602e-06,2.8499140825033464e-08,1.1029147799490602e-06,,,,
9,medium,0.0308,sweep,translation,1.0,1.0,,0.7,75,174,0.028752446174621582,0.05270493030548096,0.1491626650094986,0.2900261878967285,0.11261489987373352,,,,
9,medium,0.0308,sweep,translation,2.0,2.0,,0.7,75,174,0.03348720073699951,0.05501759052276611,0.25422045588493347,0.47804129123687744,0.12092450261116028,,,,
9,medium,0.0308,sweep,translation,4.0,4.0,,0.7,75,174,0.11311745643615723,0.11729532480239868,0.35414671897888184,0.5905621647834778,0.15840595960617065,,,,
9,medium,0.0308,sweep,translation,6.0,6.0,,0.7,75,174,0.05143725872039795,0.08229053020477295,0.4103785753250122,0.7171947956085205,0.20433326065540314,,,,
9,medium,0.0308,sweep,translation,8.0,8.0,,0.7,75,174,0.05037158727645874,0.10941123962402344,0.4364795684814453,0.807200014591217,0.2019796222448349,,,,
9,medium,0.0308,ensemble,translation,,2.0,2.0,0.7,75,174,,,,,,0.03773730993270874,0.10224569588899612,0.31469929218292236,0.493600457906723
9,medium,0.0308,ensemble,translation,,4.0,4.0,0.7,75,174,,,,,,0.05005061998963356,0.1150565892457962,0.4413805902004242,0.7480719685554504
9,medium,0.0308,ensemble,translation,,6.0,6.0,0.7,75,174,,,,,,0.05890888348221779,0.12984023988246918,0.5041438341140747,0.9555574655532837
9,medium,0.0308,sweep,scaling,0.8,0.2231435513142097,,0.7,75,174,0.03290092945098877,0.0803225040435791,0.27274495363235474,0.35738295316696167,0.2220873385667801,,,,
9,medium,0.0308,sweep,scaling,0.9,0.10536051565782628,,0.7,75,174,0.02988290786743164,0.08764898777008057,0.1771998107433319,0.2094964236021042,0.1764262616634369,,,,
9,medium,0.0308,sweep,scaling,1.0,0.0,,0.7,75,174,8.940696716308594e-07,1.0132789611816406e-06,1.1029147799490602e-06,2.8499140825033464e-08,1.1029147799490602e-06,,,,
9,medium,0.0308,sweep,scaling,1.1,0.09531017980432493,,0.7,75,174,0.06406497955322266,0.10526645183563232,0.2285023182630539,0.23893389105796814,0.2148008644580841,,,,
9,medium,0.0308,sweep,scaling,1.25,0.22314355131420976,,0.7,75,174,0.1100693941116333,0.15089744329452515,0.38355520367622375,0.4685465395450592,0.31991204619407654,,,,
9,medium,0.0308,sweep,scaling,1.5,0.4054651081081644,,0.7,75,174,0.1334763765335083,0.157265305519104,0.4473596215248108,0.6432431936264038,0.3248521089553833,,,,
9,medium,0.0308,ensemble,scaling,,0.1,0.1,0.7,75,174,,,,,,0.030752018094062805,0.0748259648680687,0.1546606719493866,0.14344273507595062
9,medium,0.0308,ensemble,scaling,,0.2,0.2,0.7,75,174,,,,,,0.0331621915102005,0.08807287365198135,0.21646875143051147,0.26003551483154297
9,medium,0.0308,ensemble,scaling,,0.3,0.3,0.7,75,174,,,,,,0.047324541956186295,0.10404559224843979,0.2757778763771057,0.3413693606853485
9,medium,0.0308,sweep,flip,0.0,0.0,,0.7,75,174,3.5762786865234375e-07,1.0728836059570312e-06,1.1809065654233564e-06,2.973044388454582e-08,1.1809065654233564e-06,,,,
9,medium,0.0308,sweep,flip,1.0,1.0,,0.7,75,174,0.03484982252120972,0.12466239929199219,0.6131119132041931,1.6583877801895142,0.2371789515018463,,,,
9,medium,0.0308,sweep,shear,0.0,0.0,,0.7,75,174,3.0994415283203125e-06,7.748603820800781e-07,1.132262354985869e-06,3.3638180241268856e-08,1.132262354985869e-06,,,,
9,medium,0.0308,sweep,shear,0.05,0.05,,0.7,75,174,0.020761847496032715,0.043954670429229736,0.11933791637420654,0.09390287101268768,0.12267470359802246,,,,
9,medium,0.0308,sweep,shear,0.1,0.1,,0.7,75,174,0.022343456745147705,0.03700530529022217,0.14572404325008392,0.15780861675739288,0.1276703178882599,,,,
9,medium,0.0308,sweep,shear,0.2,0.2,,0.7,75,174,0.019246041774749756,0.06292581558227539,0.2078222930431366,0.2805600166320801,0.14177650213241577,,,,
9,medium,0.0308,sweep,shear,0.3,0.3,,0.7,75,174,0.02137976884841919,0.11794650554656982,0.2592572867870331,0.3243827223777771,0.16204966604709625,,,,
9,medium,0.0308,ensemble,shear,,0.1,0.1,0.7,75,174,,,,,,0.01256392989307642,0.03593158721923828,0.08815909177064896,0.09297197312116623
9,medium,0.0308,ensemble,shear,,0.2,0.2,0.7,75,174,,,,,,0.02123955450952053,0.050647880882024765,0.14877507090568542,0.1708264797925949
9,medium,0.0308,ensemble,shear,,0.3,0.3,0.7,75,174,,,,,,0.02622031234204769,0.07110100239515305,0.17926056683063507,0.211415097117424
91,medium,0.0305,sweep,rotation,0.0,0.0,,0.3,174,75,3.814697265625e-06,3.6954879760742188e-06,1.0866366210393608e-05,3.4445392884663306e-06,1.0866366210393608e-05,,,,
91,medium,0.0305,sweep,rotation,5.0,5.0,,0.3,174,75,0.03778940439224243,0.08078479766845703,0.20637670159339905,0.3862336277961731,0.26860034465789795,,,,
91,medium,0.0305,sweep,rotation,10.0,10.0,,0.3,174,75,0.09423840045928955,0.1280421018600464,0.3490765690803528,0.5960895419120789,0.43259450793266296,,,,
91,medium,0.0305,sweep,rotation,20.0,20.0,,0.3,174,75,0.158139169216156,0.2098327875137329,0.6031752824783325,0.7931260466575623,0.6228988170623779,,,,
91,medium,0.0305,sweep,rotation,30.0,30.0,,0.3,174,75,0.12858808040618896,0.16492831707000732,0.5819446444511414,0.8158023357391357,0.6710734963417053,,,,
91,medium,0.0305,sweep,rotation,45.0,45.0,,0.3,174,75,0.11224925518035889,0.1408069133758545,0.5706400275230408,0.7704192399978638,0.6872924566268921,,,,
91,medium,0.0305,ensemble,rotation,,10.0,10.0,0.3,174,75,,,,,,0.0705973356962204,0.10535124689340591,0.27368539571762085,0.39294156432151794
91,medium,0.0305,ensemble,rotation,,20.0,20.0,0.3,174,75,,,,,,0.10729056596755981,0.2013574093580246,0.44938498735427856,0.7241318225860596
91,medium,0.0305,ensemble,rotation,,30.0,30.0,0.3,174,75,,,,,,0.14062826335430145,0.24529029428958893,0.5335952639579773,0.8986611366271973
91,medium,0.0305,sweep,translation,0.0,0.0,,0.3,174,75,3.814697265625e-06,3.6954879760742188e-06,1.0866366210393608e-05,3.4445392884663306e-06,1.0866366210393608e-05,,,,
91,medium,0.0305,sweep,translation,1.0,1.0,,0.3,174,75,0.12769991159439087,0.22669464349746704,0.6141863465309143,0.7851170301437378,0.619343638420105,,,,
91,medium,0.0305,sweep,translation,2.0,2.0,,0.3,174,75,0.13572323322296143,0.2086648941040039,0.5584107637405396,0.8671711683273315,0.5679073333740234,,,,
91,medium,0.0305,sweep,translation,4.0,4.0,,0.3,174,75,0.10625660419464111,0.2601170539855957,0.609613835811615,0.990397572517395,0.6672062277793884,,,,
91,medium,0.0305,sweep,translation,6.0,6.0,,0.3,174,75,0.11813557147979736,0.28541553020477295,0.6794019937515259,1.2029120922088623,0.7770389318466187,,,,
91,medium,0.0305,sweep,translation,8.0,8.0,,0.3,174,75,0.08710610866546631,0.25173741579055786,0.6337653994560242,1.0671403408050537,0.7682915329933167,,,,
91,medium,0.0305,ensemble,translation,,2.0,2.0,0.3,174,75,,,,,,0.09981142729520798,0.17151400446891785,0.5450983047485352,0.6927277445793152
91,medium,0.0305,ensemble,translation,,4.0,4.0,0.3,174,75,,,,,,0.10494919866323471,0.1850937157869339,0.6099785566329956,0.9093783497810364
91,medium,0.0305,ensemble,translation,,6.0,6.0,0.3,174,75,,,,,,0.09910981357097626,0.17053207755088806,0.5947889089584351,1.0319932699203491
91,medium,0.0305,sweep,scaling,0.8,0.2231435513142097,,0.3,174,75,0.0568007230758667,0.09772300720214844,0.2807813584804535,0.32903069257736206,0.3001507520675659,,,,
91,medium,0.0305,sweep,scaling,0.9,0.10536051565782628,,0.3,174,75,0.0643686056137085,0.10991156101226807,0.32564568519592285,0.350097119808197,0.3339470624923706,,,,
91,medium,0.0305,sweep,scaling,1.0,0.0,,0.3,174,75,3.814697265625e-06,3.6954879760742188e-06,1.0866366210393608e-05,3.4445392884663306e-06,1.0866366210393608e-05,,,,
91,medium,0.0305,sweep,scaling,1.1,0.09531017980432493,,0.3,174,75,0.08855056762695312,0.18079900741577148,0.5285952687263489,0.7671364545822144,0.53584223985672,,,,
91,medium,0.0305,sweep,scaling,1.25,0.22314355131420976,,0.3,174,75,0.11157816648483276,0.27293527126312256,0.6343327760696411,0.9544773697853088,0.6596987247467041,,,,
91,medium,0.0305,sweep,scaling,1.5,0.4054651081081644,,0.3,174,75,0.10726183652877808,0.33230388164520264,0.6300613880157471,1.1626863479614258,0.6897820234298706,,,,
91,medium,0.0305,ensemble,scaling,,0.1,0.1,0.3,174,75,,,,,,0.05420209839940071,0.10586205869913101,0.29635968804359436,0.3915577530860901
91,medium,0.0305,ensemble,scaling,,0.2,0.2,0.3,174,75,,,,,,0.06696843355894089,0.14942598342895508,0.4125043451786041,0.5391095280647278
91,medium,0.0305,ensemble,scaling,,0.3,0.3,0.3,174,75,,,,,,0.09750969707965851,0.18606656789779663,0.49301743507385254,0.7182196378707886
91,medium,0.0305,sweep,flip,0.0,0.0,,0.3,174,75,1.0907649993896484e-05,6.9141387939453125e-06,2.3867967684054747e-05,7.681024726480246e-06,2.3867967684054747e-05,,,,
91,medium,0.0305,sweep,flip,1.0,1.0,,0.3,174,75,0.1455116868019104,0.3992464542388916,0.6786518692970276,1.2148618698120117,0.6030763387680054,,,,
91,medium,0.0305,sweep,shear,0.0,0.0,,0.3,174,75,3.814697265625e-06,7.152557373046875e-06,1.2226159014971927e-05,3.867613031616202e-06,1.2226159014971927e-05,,,,
91,medium,0.0305,sweep,shear,0.05,0.05,,0.3,174,75,0.02421283721923828,0.04661053419113159,0.11340659856796265,0.14878201484680176,0.11996543407440186,,,,
91,medium,0.0305,sweep,shear,0.1,0.1,,0.3,174,75,0.04139137268066406,0.07981598377227783,0.18942943215370178,0.25768181681632996,0.19414734840393066,,,,
91,medium,0.0305,sweep,shear,0.2,0.2,,0.3,174,75,0.080166757106781,0.17075800895690918,0.5537294149398804,0.855811595916748,0.5849906206130981,,,,
91,medium,0.0305,sweep,shear,0.3,0.3,,0.3,174,75,0.09277862310409546,0.24802345037460327,0.5744489431381226,0.8973684310913086,0.6189414858818054,,,,
91,medium,0.0305,ensemble,shear,,0.1,0.1,0.3,174,75,,,,,,0.03610585257411003,0.06655527651309967,0.16969481110572815,0.2667810022830963
91,medium,0.0305,ensemble,shear,,0.2,0.2,0.3,174,75,,,,,,0.06666624546051025,0.12327753007411957,0.37269651889801025,0.5340129733085632
91,medium,0.0305,ensemble,shear,,0.3,0.3,0.3,174,75,,,,,,0.09329000860452652,0.15786536037921906,0.5166231393814087,0.7137115597724915
91,medium,0.0305,sweep,rotation,0.0,0.0,,0.5,124,125,1.0132789611816406e-06,2.0265579223632812e-06,2.029212964771432e-06,4.2057422433572356e-07,2.029212964771432e-06,,,,
91,medium,0.0305,sweep,rotation,5.0,5.0,,0.5,124,125,0.02105545997619629,0.05380892753601074,0.1683732122182846,0.32686787843704224,0.1527218520641327,,,,
91,medium,0.0305,sweep,rotation,10.0,10.0,,0.5,124,125,0.04159557819366455,0.0803229808807373,0.2699008584022522,0.537921667098999,0.22037114202976227,,,,
91,medium,0.0305,sweep,rotation,20.0,20.0,,0.5,124,125,0.04169952869415283,0.07775074243545532,0.42475831508636475,0.8089143633842468,0.26928985118865967,,,,
91,medium,0.0305,sweep,rotation,30.0,30.0,,0.5,124,125,0.08535391092300415,0.13235461711883545,0.49312713742256165,1.0478549003601074,0.3281634449958801,,,,
91,medium,0.0305,sweep,rotation,45.0,45.0,,0.5,124,125,0.10317671298980713,0.1856290102005005,0.5873796343803406,1.1787681579589844,0.36536383628845215,,,,
91,medium,0.0305,ensemble,rotation,,10.0,10.0,0.5,124,125,,,,,,0.028592050075531006,0.06866803765296936,0.18596841394901276,0.34734782576560974
91,medium,0.0305,ensemble,rotation,,20.0,20.0,0.5,124,125,,,,,,0.0374886691570282,0.09001485258340836,0.3203434348106384,0.6163756251335144
91,medium,0.0305,ensemble,rotation,,30.0,30.0,0.5,124,125,,,,,,0.05440642684698105,0.12126860022544861,0.4061419665813446,0.8035518527030945
91,medium,0.0305,sweep,translation,0.0,0.0,,0.5,124,125,1.0132789611816406e-06,2.0265579223632812e-06,2.029212964771432e-06,4.2057422433572356e-07,2.029212964771432e-06,,,,
91,medium,0.0305,sweep,translation,1.0,1.0,,0.5,124,125,0.02635866403579712,0.08224344253540039,0.16103360056877136,0.3061581254005432,0.12944811582565308,,,,
91,medium,0.0305,sweep,translation,2.0,2.0,,0.5,124,125,0.0324629545211792,0.06005454063415527,0.24297064542770386,0.4417612850666046,0.1813136786222458,,,,
91,medium,0.0305,sweep,translation,4.0,4.0,,0.5,124,125,0.052606165409088135,0.08115053176879883,0.3285074234008789,0.6200364828109741,0.20404741168022156,,,,
91,medium,0.0305,sweep,translation,6.0,6.0,,0.5,124,125,0.054498374462127686,0.09574496746063232,0.3772304058074951,0.6869685649871826,0.24419091641902924,,,,
91,medium,0.0305,sweep,translation,8.0,8.0,,0.5,124,125,0.06396341323852539,0.10101509094238281,0.3932119905948639,0.7277756929397583,0.2737751305103302,,,,
91,medium,0.0305,ensemble,translation,,2.0,2.0,0.5,124,125,,,,,,0.038995224982500076,0.07263948768377304,0.21153460443019867,0.40499621629714966
91,medium,0.0305,ensemble,translation,,4.0,4.0,0.5,124,125,,,,,,0.05165422707796097,0.10166035592556,0.33474501967430115,0.6626141667366028
91,medium,0.0305,ensemble,translation,,6.0,6.0,0.5,124,125,,,,,,0.06620638072490692,0.12583747506141663,0.46790772676467896,0.8664953112602234
91,medium,0.0305,sweep,scaling,0.8,0.2231435513142097,,0.5,124,125,0.06268477439880371,0.09058523178100586,0.2832638919353485,0.563636302947998,0.2709336280822754,,,,
91,medium,0.0305,sweep,scaling,0.9,0.10536051565782628,,0.5,124,125,0.027066349983215332,0.04433542490005493,0.13353285193443298,0.25050318241119385,0.16990157961845398,,,,
91,medium,0.0305,sweep,scaling,1.0,0.0,,0.5,124,125,1.0132789611816406e-06,2.0265579223632812e-06,2.029212964771432e-06,4.2057422433572356e-07,2.029212964771432e-06,,,,
91,medium,0.0305,sweep,scaling,1.1,0.09531017980432493,,0.5,124,125,0.031689584255218506,0.08056199550628662,0.16446132957935333,0.3474598526954651,0.16640931367874146,,,,
91,medium,0.0305,sweep,scaling,1.25,0.22314355131420976,,0.5,124,125,0.05546557903289795,0.08705854415893555,0.2753652334213257,0.5846242904663086,0.28740379214286804,,,,
91,medium,0.0305,sweep,scaling,1.5,0.4054651081081644,,0.5,124,125,0.055680930614471436,0.1481616497039795,0.40826842188835144,0.9435300230979919,0.40159204602241516,,,,
91,medium,0.0305,ensemble,scaling,,0.1,0.1,0.5,124,125,,,,,,0.027318188920617104,0.061152324080467224,0.12134848535060883,0.2082786113023758
91,medium,0.0305,ensemble,scaling,,0.2,0.2,0.5,124,125,,,,,,0.040195029228925705,0.07856694608926773,0.20390217006206512,0.38982945680618286
91,medium,0.0305,ensemble,scaling,,0.3,0.3,0.5,124,125,,,,,,0.05136340111494064,0.10018625855445862,0.25867581367492676,0.5007164478302002
91,medium,0.0305,sweep,flip,0.0,0.0,,0.5,124,125,2.384185791015625e-07,4.172325134277344e-07,7.81917265157972e-07,6.369579352849541e-08,7.81917265157972e-07,,,,
91,medium,0.0305,sweep,flip,1.0,1.0,,0.5,124,125,0.045857787132263184,0.1136292815208435,0.538481593132019,1.0530953407287598,0.22995498776435852,,,,
91,medium,0.0305,sweep,shear,0.0,0.0,,0.5,124,125,9.5367431640625e-07,1.9073486328125e-06,2.0608513295883313e-06,4.0776967580313794e-07,2.0608513295883313e-06,,,,
91,medium,0.0305,sweep,shear,0.05,0.05,,0.5,124,125,0.009010791778564453,0.020838260650634766,0.045171234756708145,0.0642218291759491,0.04897557199001312,,,,
91,medium,0.0305,sweep,shear,0.1,0.1,,0.5,124,125,0.014368414878845215,0.028501152992248535,0.07044848054647446,0.12027883529663086,0.07471038401126862,,,,
91,medium,0.0305,sweep,shear,0.2,0.2,,0.5,124,125,0.021442830562591553,0.0384179949760437,0.12277568876743317,0.24182526767253876,0.12330171465873718,,,,
91,medium,0.0305,sweep,shear,0.3,0.3,,0.5,124,125,0.023771584033966064,0.04416078329086304,0.16347327828407288,0.3223382830619812,0.16009920835494995,,,,
91,medium,0.0305,ensemble,shear,,0.1,0.1,0.5,124,125,,,,,,0.01732972264289856,0.039338815957307816,0.06647234410047531,0.10592172294855118
91,medium,0.0305,ensemble,shear,,0.2,0.2,0.5,124,125,,,,,,0.0224453117698431,0.04832512512803078,0.09711234271526337,0.17224618792533875
91,medium,0.0305,ensemble,shear,,0.3,0.3,0.5,124,125,,,,,,0.024368740618228912,0.051567040383815765,0.13337743282318115,0.23745644092559814
91,medium,0.0305,sweep,rotation,0.0,0.0,,0.7,75,174,1.0132789611816406e-06,5.960464477539062e-07,7.944158824102487e-07,2.6403352393344903e-08,7.944158824102487e-07,,,,
91,medium,0.0305,sweep,rotation,5.0,5.0,,0.7,75,174,0.08550012111663818,0.08158999681472778,0.2903381288051605,0.3853594660758972,0.25266897678375244,,,,
91,medium,0.0305,sweep,rotation,10.0,10.0,,0.7,75,174,0.09930771589279175,0.12698090076446533,0.38728785514831543,0.580156147480011,0.29033055901527405,,,,
91,medium,0.0305,sweep,rotation,20.0,20.0,,0.7,75,174,0.10787063837051392,0.15714460611343384,0.5286291837692261,0.8502029776573181,0.3348199725151062,,,,
91,medium,0.0305,sweep,rotation,30.0,30.0,,0.7,75,174,0.1174856424331665,0.19500988721847534,0.6113364696502686,0.9781823754310608,0.35265570878982544,,,,
91,medium,0.0305,sweep,rotation,45.0,45.0,,0.7,75,174,0.1528557538986206,0.258159875869751,0.6667962074279785,1.1518369913101196,0.37990036606788635,,,,
91,medium,0.0305,ensemble,rotation,,10.0,10.0,0.7,75,174,,,,,,0.0315292552113533,0.07301315665245056,0.23928983509540558,0.3899883031845093
91,medium,0.0305,ensemble,rotation,,20.0,20.0,0.7,75,174,,,,,,0.045105524361133575,0.09186790138483047,0.3579913079738617,0.5948137640953064
91,medium,0.0305,ensemble,rotation,,30.0,30.0,0.7,75,174,,,,,,0.05559608340263367,0.12549839913845062,0.43919637799263,0.7250691056251526
91,medium,0.0305,sweep,translation,0.0,0.0,,0.7,75,174,1.0132789611816406e-06,5.960464477539062e-07,7.944158824102487e-07,2.6403352393344903e-08,7.944158824102487e-07,,,,
91,medium,0.0305,sweep,translation,1.0,1.0,,0.7,75,174,0.05084604024887085,0.07360291481018066,0.1658255010843277,0.3728923797607422,0.14017397165298462,,,,
91,medium,0.0305,sweep,translation,2.0,2.0,,0.7,75,174,0.05472064018249512,0.09589731693267822,0.24866899847984314,0.46124693751335144,0.18566331267356873,,,,
91,medium,0.0305,sweep,translation,4.0,4.0,,0.7,75,174,0.0666540265083313,0.13866913318634033,0.3724963963031769,0.6292498111724854,0.2242565155029297,,,,
91,medium,0.0305,sweep,translation,6.0,6.0,,0.7,75,174,0.17400509119033813,0.16489571332931519,0.419459730386734,0.6952403783798218,0.24712857604026794,,,,
91,medium,0.0305,sweep,translation,8.0,8.0,,0.7,75,174,0.12521463632583618,0.1824495792388916,0.4827479124069214,0.8100466728210449,0.2872241139411926,,,,
91,medium,0.0305,ensemble,translation,,2.0,2.0,0.7,75,174,,,,,,0.05389561131596565,0.0674670934677124,0.27714455127716064,0.47436726093292236
91,medium,0.0305,ensemble,translation,,4.0,4.0,0.7,75,174,,,,,,0.048293936997652054,0.0955715999007225,0.3920581042766571,0.6738647818565369
91,medium,0.0305,ensemble,translation,,6.0,6.0,0.7,75,174,,,,,,0.06203112751245499,0.10311747342348099,0.47810596227645874,0.804762601852417
91,medium,0.0305,sweep,scaling,0.8,0.2231435513142097,,0.7,75,174,0.08642750978469849,0.07120782136917114,0.4334871172904968,0.6124288439750671,0.4030200242996216,,,,
91,medium,0.0305,sweep,scaling,0.9,0.10536051565782628,,0.7,75,174,0.059940874576568604,0.057414710521698,0.330268532037735,0.41779232025146484,0.31531769037246704,,,,
91,medium,0.0305,sweep,scaling,1.0,0.0,,0.7,75,174,1.0132789611816406e-06,5.960464477539062e-07,7.944158824102487e-07,2.6403352393344903e-08,7.944158824102487e-07,,,,
91,medium,0.0305,sweep,scaling,1.1,0.09531017980432493,,0.7,75,174,0.07882893085479736,0.09039461612701416,0.23117965459823608,0.40118926763534546,0.20320016145706177,,,,
91,medium,0.0305,sweep,scaling,1.25,0.22314355131420976,,0.7,75,174,0.0697171688079834,0.11181366443634033,0.34929531812667847,0.706561803817749,0.24786843359470367,,,,
91,medium,0.0305,sweep,scaling,1.5,0.4054651081081644,,0.7,75,174,0.1144455075263977,0.15074217319488525,0.5108819007873535,0.9502934217453003,0.3695926070213318,,,,
91,medium,0.0305,ensemble,scaling,,0.1,0.1,0.7,75,174,,,,,,0.03615443781018257,0.0529707707464695,0.16671249270439148,0.22702720761299133
91,medium,0.0305,ensemble,scaling,,0.2,0.2,0.7,75,174,,,,,,0.04727395251393318,0.07109102606773376,0.258585661649704,0.40153756737709045
91,medium,0.0305,ensemble,scaling,,0.3,0.3,0.7,75,174,,,,,,0.049464140087366104,0.08143855631351471,0.31118932366371155,0.5180596113204956
91,medium,0.0305,sweep,flip,0.0,0.0,,0.7,75,174,2.384185791015625e-07,6.556510925292969e-07,8.428602882304403e-07,2.871077420252277e-08,8.428602882304403e-07,,,,
91,medium,0.0305,sweep,flip,1.0,1.0,,0.7,75,174,0.04398143291473389,0.10040199756622314,0.5985350608825684,1.0703094005584717,0.2361638844013214,,,,
91,medium,0.0305,sweep,shear,0.0,0.0,,0.7,75,174,2.384185791015625e-07,4.76837158203125e-07,8.717933042134973e-07,2.704779333839724e-08,8.717933042134973e-07,,,,
91,medium,0.0305,sweep,shear,0.05,0.05,,0.7,75,174,0.02497941255569458,0.02491891384124756,0.0953887477517128,0.07730428129434586,0.10313478112220764,,,,
91,medium,0.0305,sweep,shear,0.1,0.1,,0.7,75,174,0.032179832458496094,0.03995025157928467,0.13451258838176727,0.19661945104599,0.13385578989982605,,,,
91,medium,0.0305,sweep,shear,0.2,0.2,,0.7,75,174,0.037618160247802734,0.07415270805358887,0.19822447001934052,0.3371662199497223,0.17933596670627594,,,,
91,medium,0.0305,sweep,shear,0.3,0.3,,0.7,75,174,0.037249088287353516,0.07587993144989014,0.23552611470222473,0.42854833602905273,0.1902807205915451,,,,
91,medium,0.0305,ensemble,shear,,0.1,0.1,0.7,75,174,,,,,,0.019089603796601295,0.027358755469322205,0.06402741372585297,0.09916258603334427
91,medium,0.0305,ensemble,shear,,0.2,0.2,0.7,75,174,,,,,,0.030779562890529633,0.04789568856358528,0.11893514543771744,0.20332522690296173
91,medium,0.0305,ensemble,shear,,0.3,0.3,0.7,75,174,,,,,,0.036804746836423874,0.05655764415860176,0.1616242527961731,0.27322861552238464
71,medium,0.0301,sweep,rotation,0.0,0.0,,0.3,174,75,1.2516975402832031e-05,2.8431415557861328e-05,2.8248634407646023e-05,6.5210169850615785e-06,2.8248634407646023e-05,,,,
71,medium,0.0301,sweep,rotation,5.0,5.0,,0.3,174,75,0.1388912796974182,0.24955451488494873,0.4839988350868225,0.7496875524520874,0.479775995016098,,,,
71,medium,0.0301,sweep,rotation,10.0,10.0,,0.3,174,75,0.14836609363555908,0.2964708209037781,0.4892078638076782,0.6996702551841736,0.4742119312286377,,,,
71,medium,0.0301,sweep,rotation,20.0,20.0,,0.3,174,75,0.0884658694267273,0.07581526041030884,0.3479692041873932,0.6003395318984985,0.4649200439453125,,,,
71,medium,0.0301,sweep,rotation,30.0,30.0,,0.3,174,75,0.1117318868637085,0.11769670248031616,0.3694591522216797,0.6546741724014282,0.455341100692749,,,,
71,medium,0.0301,sweep,rotation,45.0,45.0,,0.3,174,75,0.128775954246521,0.17446684837341309,0.4706443250179291,0.8006545305252075,0.5066633820533752,,,,
71,medium,0.0301,ensemble,rotation,,10.0,10.0,0.3,174,75,,,,,,0.10126892477273941,0.20746871829032898,0.4148143529891968,0.6978012323379517
71,medium,0.0301,ensemble,rotation,,20.0,20.0,0.3,174,75,,,,,,0.1057608500123024,0.22382161021232605,0.4202961325645447,0.7858651280403137
71,medium,0.0301,ensemble,rotation,,30.0,30.0,0.3,174,75,,,,,,0.08858007937669754,0.22117093205451965,0.4249080419540405,0.8059645295143127
71,medium,0.0301,sweep,translation,0.0,0.0,,0.3,174,75,1.2516975402832031e-05,2.8431415557861328e-05,2.8248634407646023e-05,6.5210169850615785e-06,2.8248634407646023e-05,,,,
71,medium,0.0301,sweep,translation,1.0,1.0,,0.3,174,75,0.07997208833694458,0.07448947429656982,0.26721206307411194,0.4789687693119049,0.27272897958755493,,,,
71,medium,0.0301,sweep,translation,2.0,2.0,,0.3,174,75,0.09225749969482422,0.07420623302459717,0.3102468252182007,0.5325092673301697,0.37877994775772095,,,,
71,medium,0.0301,sweep,translation,4.0,4.0,,0.3,174,75,0.106403648853302,0.11755836009979248,0.3768528699874878,0.6985937356948853,0.430442750453949,,,,
71,medium,0.0301,sweep,translation,6.0,6.0,,0.3,174,75,0.13215452432632446,0.1256328821182251,0.5078900456428528,0.8531219959259033,0.5064388513565063,,,,
71,medium,0.0301,sweep,translation,8.0,8.0,,0.3,174,75,0.1071479320526123,0.10870611667633057,0.4714159071445465,0.7766603231430054,0.4661688208580017,,,,
71,medium,0.0301,ensemble,translation,,2.0,2.0,0.3,174,75,,,,,,0.08362739533185959,0.11997213214635849,0.37868931889533997,0.7093265056610107
71,medium,0.0301,ensemble,translation,,4.0,4.0,0.3,174,75,,,,,,0.1276644766330719,0.170978382229805,0.4424067437648773,0.8921128511428833
71,medium,0.0301,ensemble,translation,,6.0,6.0,0.3,174,75,,,,,,0.09918542206287384,0.1670122891664505,0.43902426958084106,0.860761284828186
71,medium,0.0301,sweep,scaling,0.8,0.2231435513142097,,0.3,174,75,0.1078597903251648,0.1263669729232788,0.45652517676353455,0.8144407272338867,0.49769851565361023,,,,
71,medium,0.0301,sweep,scaling,0.9,0.10536051565782628,,0.3,174,75,0.1251201033592224,0.10521930456161499,0.4920082688331604,0.9480137228965759,0.5074720978736877,,,,
71,medium,0.0301,sweep,scaling,1.0,0.0,,0.3,174,75,1.2516975402832031e-05,2.8431415557861328e-05,2.8248634407646023e-05,6.5210169850615785e-06,2.8248634407646023e-05,,,,
71,medium,0.0301,sweep,scaling,1.1,0.09531017980432493,,0.3,174,75,0.13368189334869385,0.2185957431793213,0.4920082688331604,0.7742106914520264,0.4943351745605469,,,,
71,medium,0.0301,sweep,scaling,1.25,0.22314355131420976,,0.3,174,75,0.14151078462600708,0.11243820190429688,0.4363049268722534,0.917222261428833,0.45827290415763855,,,,
71,medium,0.0301,sweep,scaling,1.5,0.4054651081081644,,0.3,174,75,0.17260843515396118,0.25349241495132446,0.4716649353504181,0.7741860747337341,0.5042493939399719,,,,
71,medium,0.0301,ensemble,scaling,,0.1,0.1,0.3,174,75,,,,,,0.11803458631038666,0.16772277653217316,0.36901694536209106,0.5889380574226379
71,medium,0.0301,ensemble,scaling,,0.2,0.2,0.3,174,75,,,,,,0.09444613754749298,0.1866494119167328,0.39569181203842163,0.6555563807487488
71,medium,0.0301,ensemble,scaling,,0.3,0.3,0.3,174,75,,,,,,0.09890087693929672,0.1869615763425827,0.39468127489089966,0.7319470047950745
71,medium,0.0301,sweep,flip,0.0,0.0,,0.3,174,75,8.58306884765625e-06,3.337860107421875e-05,4.3100633774884045e-05,1.6371128367609344e-05,4.3100633774884045e-05,,,,
71,medium,0.0301,sweep,flip,1.0,1.0,,0.3,174,75,0.11884558200836182,0.11963969469070435,0.5220837593078613,0.9652705192565918,0.4994860291481018,,,,
71,medium,0.0301,sweep,shear,0.0,0.0,,0.3,174,75,1.0311603546142578e-05,6.198883056640625e-06,5.982682978356024e-06,2.394055627519265e-06,5.982682978356024e-06,,,,
71,medium,0.0301,sweep,shear,0.05,0.05,,0.3,174,75,0.06022489070892334,0.0780555009841919,0.13722315430641174,0.1866549551486969,0.1519356667995453,,,,
71,medium,0.0301,sweep,shear,0.1,0.1,,0.3,174,75,0.08134192228317261,0.09972965717315674,0.2871631383895874,0.5651949644088745,0.30438801646232605,,,,
71,medium,0.0301,sweep,shear,0.2,0.2,,0.3,174,75,0.11369544267654419,0.12146192789077759,0.4107707440853119,0.8068259954452515,0.43743228912353516,,,,
71,medium,0.0301,sweep,shear,0.3,0.3,,0.3,174,75,0.16706228256225586,0.10066008567810059,0.4026726186275482,0.8377947807312012,0.45415446162223816,,,,
71,medium,0.0301,ensemble,shear,,0.1,0.1,0.3,174,75,,,,,,0.05180088430643082,0.06296446919441223,0.13212120532989502,0.21178744733333588
71,medium,0.0301,ensemble,shear,,0.2,0.2,0.3,174,75,,,,,,0.08291162550449371,0.0984480082988739,0.27756819128990173,0.5022386312484741
71,medium,0.0301,ensemble,shear,,0.3,0.3,0.3,174,75,,,,,,0.09128846228122711,0.09355781227350235,0.29254016280174255,0.5562208294868469
71,medium,0.0301,sweep,rotation,0.0,0.0,,0.5,124,125,5.424022674560547e-06,1.2516975402832031e-06,1.478448893976747e-06,2.3415357475187193e-07,1.478448893976747e-06,,,,
71,medium,0.0301,sweep,rotation,5.0,5.0,,0.5,124,125,0.02634871006011963,0.0772559642791748,0.1838034689426422,0.365980863571167,0.16760018467903137,,,,
71,medium,0.0301,sweep,rotation,10.0,10.0,,0.5,124,125,0.06297123432159424,0.08762633800506592,0.2538638412952423,0.5468541383743286,0.24719907343387604,,,,
71,medium,0.0301,sweep,rotation,20.0,20.0,,0.5,124,125,0.13065695762634277,0.2174447774887085,0.480071485042572,0.8612120151519775,0.3372080624103546,,,,
71,medium,0.0301,sweep,rotation,30.0,30.0,,0.5,124,125,0.13199424743652344,0.24607300758361816,0.5478368997573853,0.9248946905136108,0.3941954970359802,,,,
71,medium,0.0301,sweep,rotation,45.0,45.0,,0.5,124,125,0.1544618010520935,0.3693481683731079,0.601923942565918,0.8488121032714844,0.4634597897529602,,,,
71,medium,0.0301,ensemble,rotation,,10.0,10.0,0.5,124,125,,,,,,0.047367822378873825,0.09046942740678787,0.24373608827590942,0.4078083336353302
71,medium,0.0301,ensemble,rotation,,20.0,20.0,0.5,124,125,,,,,,0.06781964749097824,0.13537102937698364,0.3520779013633728,0.6180046796798706
71,medium,0.0301,ensemble,rotation,,30.0,30.0,0.5,124,125,,,,,,0.09134889394044876,0.16189026832580566,0.4047088027000427,0.7058542966842651
71,medium,0.0301,sweep,translation,0.0,0.0,,0.5,124,125,5.424022674560547e-06,1.2516975402832031e-06,1.478448893976747e-06,2.3415357475187193e-07,1.478448893976747e-06,,,,
71,medium,0.0301,sweep,translation,1.0,1.0,,0.5,124,125,0.095511794090271,0.17434173822402954,0.2734109163284302,0.39992275834083557,0.2551096975803375,,,,
71,medium,0.0301,sweep,translation,2.0,2.0,,0.5,124,125,0.10824275016784668,0.14036190509796143,0.38991355895996094,0.5472811460494995,0.34821224212646484,,,,
71,medium,0.0301,sweep,translation,4.0,4.0,,0.5,124,125,0.1753109097480774,0.10754615068435669,0.4568426311016083,0.6404155492782593,0.31562530994415283,,,,
71,medium,0.0301,sweep,translation,6.0,6.0,,0.5,124,125,0.10387462377548218,0.09362262487411499,0.48003241419792175,0.7783331274986267,0.33045411109924316,,,,
71,medium,0.0301,sweep,translation,8.0,8.0,,0.5,124,125,0.1501598358154297,0.22134828567504883,0.508873462677002,0.7793900370597839,0.3878461420536041,,,,
71,medium,0.0301,ensemble,translation,,2.0,2.0,0.5,124,125,,,,,,0.04000788927078247,0.10363800823688507,0.3055858612060547,0.5438228845596313
71,medium,0.0301,ensemble,translation,,4.0,4.0,0.5,124,125,,,,,,0.06551603972911835,0.10744655877351761,0.4184199273586273,0.7245190739631653
71,medium,0.0301,ensemble,translation,,6.0,6.0,0.5,124,125,,,,,,0.09163666516542435,0.1771979033946991,0.48562607169151306,0.8184778094291687
71,medium,0.0301,sweep,scaling,0.8,0.2231435513142097,,0.5,124,125,0.07600194215774536,0.0956193208694458,0.3798103928565979,0.6299307346343994,0.25364363193511963,,,,
71,medium,0.0301,sweep,scaling,0.9,0.10536051565782628,,0.5,124,125,0.031755149364471436,0.08411139249801636,0.26685792207717896,0.44576889276504517,0.21627068519592285,,,,
71,medium,0.0301,sweep,scaling,1.0,0.0,,0.5,124,125,5.424022674560547e-06,1.2516975402832031e-06,1.478448893976747e-06,2.3415357475187193e-07,1.478448893976747e-06,,,,
71,medium,0.0301,sweep,scaling,1.1,0.09531017980432493,,0.5,124,125,0.037815630435943604,0.06009626388549805,0.19555720686912537,0.37035125494003296,0.20067766308784485,,,,
71,medium,0.0301,sweep,scaling,1.25,0.22314355131420976,,0.5,124,125,0.05936563014984131,0.10890400409698486,0.3300151824951172,0.592755913734436,0.2718058228492737,,,,
71,medium,0.0301,sweep,scaling,1.5,0.4054651081081644,,0.5,124,125,0.1207723617553711,0.2602475881576538,0.48352739214897156,0.8097684383392334,0.49920588731765747,,,,
71,medium,0.0301,ensemble,scaling,,0.1,0.1,0.5,124,125,,,,,,0.03421396762132645,0.0664464458823204,0.1927570402622223,0.2985363006591797
71,medium,0.0301,ensemble,scaling,,0.2,0.2,0.5,124,125,,,,,,0.04413032904267311,0.08410117030143738,0.27233025431632996,0.4524957537651062
71,medium,0.0301,ensemble,scaling,,0.3,0.3,0.5,124,125,,,,,,0.07587122917175293,0.13134609162807465,0.3354407250881195,0.5684792399406433
71,medium,0.0301,sweep,flip,0.0,0.0,,0.5,124,125,7.748603820800781e-07,1.3113021850585938e-06,1.0037391575679067e-06,2.5081988042074954e-07,1.0037391575679067e-06,,,,
71,medium,0.0301,sweep,flip,1.0,1.0,,0.5,124,125,0.07650816440582275,0.13251203298568726,0.6263699531555176,1.1187818050384521,0.2552206218242645,,,,
71,medium,0.0301,sweep,shear,0.0,0.0,,0.5,124,125,1.3232231140136719e-05,1.0728836059570312e-06,1.064683829099522e-06,1.7791512618714478e-07,1.064683829099522e-06,,,,
71,medium,0.0301,sweep,shear,0.05,0.05,,0.5,124,125,0.030973374843597412,0.03876310586929321,0.10913501679897308,0.11676500737667084,0.09946314990520477,,,,
71,medium,0.0301,sweep,shear,0.1,0.1,,0.5,124,125,0.036214232444763184,0.05643206834793091,0.14754673838615417,0.22011807560920715,0.11901875585317612,,,,
71,medium,0.0301,sweep,shear,0.2,0.2,,0.5,124,125,0.04058736562728882,0.07521998882293701,0.1959260255098343,0.3074710965156555,0.12989701330661774,,,,
71,medium,0.0301,sweep,shear,0.3,0.3,,0.5,124,125,0.04236644506454468,0.1081627607345581,0.32902517914772034,0.5167504549026489,0.22887474298477173,,,,
71,medium,0.0301,ensemble,shear,,0.1,0.1,0.5,124,125,,,,,,0.0190091822296381,0.038137804716825485,0.10030903667211533,0.12181448936462402
71,medium,0.0301,ensemble,shear,,0.2,0.2,0.5,124,125,,,,,,0.022001495584845543,0.056354671716690063,0.15176765620708466,0.22528457641601562
71,medium,0.0301,ensemble,shear,,0.3,0.3,0.5,124,125,,,,,,0.042655590921640396,0.08039750903844833,0.2147357165813446,0.33039960265159607
71,medium,0.0301,sweep,rotation,0.0,0.0,,0.7,75,174,9.179115295410156e-06,1.3113021850585938e-06,6.764232693967642e-07,1.1574119440638242e-07,6.764232693967642e-07,,,,
71,medium,0.0301,sweep,rotation,5.0,5.0,,0.7,75,174,0.0374675989151001,0.07503336668014526,0.16660718619823456,0.29454225301742554,0.13698261976242065,,,,
71,medium,0.0301,sweep,rotation,10.0,10.0,,0.7,75,174,0.036005258560180664,0.08285558223724365,0.2836834192276001,0.5046483278274536,0.1509847342967987,,,,
71,medium,0.0301,sweep,rotation,20.0,20.0,,0.7,75,174,0.04499685764312744,0.08531057834625244,0.4276010990142822,0.7769412994384766,0.14608381688594818,,,,
71,medium,0.0301,sweep,rotation,30.0,30.0,,0.7,75,174,0.04912865161895752,0.12955468893051147,0.5113683342933655,0.9512580633163452,0.17640766501426697,,,,
71,medium,0.0301,sweep,rotation,45.0,45.0,,0.7,75,174,0.06026768684387207,0.1515401005744934,0.5573463439941406,1.0427879095077515,0.20213669538497925,,,,
71,medium,0.0301,ensemble,rotation,,10.0,10.0,0.7,75,174,,,,,,0.03362661227583885,0.07895252108573914,0.2221965193748474,0.3729373812675476
71,medium,0.0301,ensemble,rotation,,20.0,20.0,0.7,75,174,,,,,,0.04591419920325279,0.09304042160511017,0.32829657196998596,0.5734007358551025
71,medium,0.0301,ensemble,rotation,,30.0,30.0,0.7,75,174,,,,,,0.05341001972556114,0.1195271909236908,0.3993251919746399,0.703463613986969
71,medium,0.0301,sweep,translation,0.0,0.0,,0.7,75,174,9.179115295410156e-06,1.3113021850585938e-06,6.764232693967642e-07,1.1574119440638242e-07,6.764232693967642e-07,,,,
71,medium,0.0301,sweep,translation,1.0,1.0,,0.7,75,174,0.012306451797485352,0.06495344638824463,0.18496958911418915,0.3827647566795349,0.11370137333869934,,,,
71,medium,0.0301,sweep,translation,2.0,2.0,,0.7,75,174,0.04686009883880615,0.07415896654129028,0.23638980090618134,0.4643321931362152,0.11724717915058136,,,,
71,medium,0.0301,sweep,translation,4.0,4.0,,0.7,75,174,0.05889308452606201,0.07590794563293457,0.32843974232673645,0.6057317852973938,0.14813411235809326,,,,
71,medium,0.0301,sweep,translation,6.0,6.0,,0.7,75,174,0.039614200592041016,0.10408127307891846,0.382148414850235,0.6759171485900879,0.14028483629226685,,,,
71,medium,0.0301,sweep,translation,8.0,8.0,,0.7,75,174,0.13775700330734253,0.15605759620666504,0.4022391438484192,0.7246260643005371,0.12893307209014893,,,,
71,medium,0.0301,ensemble,translation,,2.0,2.0,0.7,75,174,,,,,,0.04818595573306084,0.09151668846607208,0.3000407814979553,0.5480147004127502
71,medium,0.0301,ensemble,translation,,4.0,4.0,0.7,75,174,,,,,,0.05076001212000847,0.09799694269895554,0.4029943645000458,0.7022319436073303
71,medium,0.0301,ensemble,translation,,6.0,6.0,0.7,75,174,,,,,,0.06682591885328293,0.11431875079870224,0.46416905522346497,0.8261926770210266
71,medium,0.0301,sweep,scaling,0.8,0.2231435513142097,,0.7,75,174,0.11360585689544678,0.1337723731994629,0.28307491540908813,0.5792933702468872,0.16903463006019592,,,,
71,medium,0.0301,sweep,scaling,0.9,0.10536051565782628,,0.7,75,174,0.03322732448577881,0.08703303337097168,0.19028274714946747,0.41884011030197144,0.13969916105270386,,,,
71,medium,0.0301,sweep,scaling,1.0,0.0,,0.7,75,174,9.179115295410156e-06,1.3113021850585938e-06,6.764232693967642e-07,1.1574119440638242e-07,6.764232693967642e-07,,,,
71,medium,0.0301,sweep,scaling,1.1,0.09531017980432493,,0.7,75,174,0.03428304195404053,0.09190034866333008,0.20558658242225647,0.4208482503890991,0.14682286977767944,,,,
71,medium,0.0301,sweep,scaling,1.25,0.22314355131420976,,0.7,75,174,0.08042097091674805,0.10447847843170166,0.3250647783279419,0.6584383845329285,0.19342492520809174,,,,
71,medium,0.0301,sweep,scaling,1.5,0.4054651081081644,,0.7,75,174,0.1342431902885437,0.25323760509490967,0.47698938846588135,0.838640570640564,0.34906262159347534,,,,
71,medium,0.0301,ensemble,scaling,,0.1,0.1,0.7,75,174,,,,,,0.02701568976044655,0.061639852821826935,0.1505536437034607,0.26506197452545166
71,medium,0.0301,ensemble,scaling,,0.2,0.2,0.7,75,174,,,,,,0.0539640374481678,0.09148010611534119,0.23347695171833038,0.4376285672187805
71,medium,0.0301,ensemble,scaling,,0.3,0.3,0.7,75,174,,,,,,0.07731509208679199,0.11932291090488434,0.28642135858535767,0.5261233448982239
71,medium,0.0301,sweep,flip,0.0,0.0,,0.7,75,174,4.76837158203125e-07,1.3709068298339844e-06,9.846477269093157e-07,1.33258936330094e-07,9.846477269093157e-07,,,,
71,medium,0.0301,sweep,flip,1.0,1.0,,0.7,75,174,0.05212831497192383,0.10577452182769775,0.5918492078781128,1.0783107280731201,0.1625896841287613,,,,
71,medium,0.0301,sweep,shear,0.0,0.0,,0.7,75,174,8.463859558105469e-06,1.0728836059570312e-06,6.525874596263748e-07,9.897338770770148e-08,6.525874596263748e-07,,,,
71,medium,0.0301,sweep,shear,0.05,0.05,,0.7,75,174,0.016924262046813965,0.028647005558013916,0.06748120486736298,0.0590716153383255,0.05587487295269966,,,,
71,medium,0.0301,sweep,shear,0.1,0.1,,0.7,75,174,0.014358878135681152,0.03054875135421753,0.09924875199794769,0.16720229387283325,0.07239069789648056,,,,
71,medium,0.0301,sweep,shear,0.2,0.2,,0.7,75,174,0.026545405387878418,0.03915125131607056,0.15440739691257477,0.26988860964775085,0.09668663144111633,,,,
71,medium,0.0301,sweep,shear,0.3,0.3,,0.7,75,174,0.016635596752166748,0.060663461685180664,0.21247701346874237,0.34146711230278015,0.11928724497556686,,,,
71,medium,0.0301,ensemble,shear,,0.1,0.1,0.7,75,174,,,,,,0.014527762308716774,0.0328880213201046,0.07930856943130493,0.11227819323539734
71,medium,0.0301,ensemble,shear,,0.2,0.2,0.7,75,174,,,,,,0.024595852941274643,0.04459439590573311,0.12991546094417572,0.2042374461889267
71,medium,0.0301,ensemble,shear,,0.3,0.3,0.7,75,174,,,,,,0.0400281623005867,0.05734594538807869,0.17156948149204254,0.2702106535434723
49,medium,0.0298,sweep,rotation,0.0,0.0,,0.3,174,75,4.172325134277344e-07,8.344650268554688e-07,2.390258487139363e-06,1.936668354574067e-07,2.390258487139363e-06,,,,
49,medium,0.0298,sweep,rotation,5.0,5.0,,0.3,174,75,0.018774032592773438,0.08684921264648438,0.29151901602745056,0.2500787079334259,0.31838691234588623,,,,
49,medium,0.0298,sweep,rotation,10.0,10.0,,0.3,174,75,0.022704780101776123,0.12358653545379639,0.3129643499851227,0.27987146377563477,0.3581153154373169,,,,
49,medium,0.0298,sweep,rotation,20.0,20.0,,0.3,174,75,0.03843885660171509,0.12331008911132812,0.35319098830223083,0.26130005717277527,0.48833394050598145,,,,
49,medium,0.0298,sweep,rotation,30.0,30.0,,0.3,174,75,0.04420614242553711,0.21762126684188843,0.42705002427101135,0.3759688138961792,0.564038872718811,,,,
49,medium,0.0298,sweep,rotation,45.0,45.0,,0.3,174,75,0.03014695644378662,0.19030582904815674,0.39867109060287476,0.33692657947540283,0.6032572984695435,,,,
49,medium,0.0298,ensemble,rotation,,10.0,10.0,0.3,174,75,,,,,,0.027725690975785255,0.12532386183738708,0.30598184466362,0.2892662286758423
49,medium,0.0298,ensemble,rotation,,20.0,20.0,0.3,174,75,,,,,,0.052144307643175125,0.14845958352088928,0.36540353298187256,0.34790918231010437
49,medium,0.0298,ensemble,rotation,,30.0,30.0,0.3,174,75,,,,,,0.04938725754618645,0.16971996426582336,0.4121335446834564,0.3927951753139496
49,medium,0.0298,sweep,translation,0.0,0.0,,0.3,174,75,4.172325134277344e-07,8.344650268554688e-07,2.390258487139363e-06,1.936668354574067e-07,2.390258487139363e-06,,,,
49,medium,0.0298,sweep,translation,1.0,1.0,,0.3,174,75,0.016588687896728516,0.023179292678833008,0.08067673444747925,0.052984464913606644,0.12991055846214294,,,,
49,medium,0.0298,sweep,translation,2.0,2.0,,0.3,174,75,0.03154265880584717,0.13202428817749023,0.2736102342605591,0.2471916228532791,0.27804553508758545,,,,
49,medium,0.0298,sweep,translation,4.0,4.0,,0.3,174,75,0.01031428575515747,0.0426902174949646,0.14231842756271362,0.0958222821354866,0.3115609288215637,,,,
49,medium,0.0298,sweep,translation,6.0,6.0,,0.3,174,75,0.03942310810089111,0.11541932821273804,0.2919364869594574,0.27164238691329956,0.42973649501800537,,,,
49,medium,0.0298,sweep,translation,8.0,8.0,,0.3,174,75,0.029263854026794434,0.11024314165115356,0.32142364978790283,0.3036821484565735,0.4479403495788574,,,,
49,medium,0.0298,ensemble,translation,,2.0,2.0,0.3,174,75,,,,,,0.06339222937822342,0.271856427192688,0.4341738820075989,0.32749778032302856
49,medium,0.0298,ensemble,translation,,4.0,4.0,0.3,174,75,,,,,,0.09056355059146881,0.3043302297592163,0.4808526337146759,0.3769138753414154
49,medium,0.0298,ensemble,translation,,6.0,6.0,0.3,174,75,,,,,,0.1148449182510376,0.36556586623191833,0.5195790529251099,0.39300185441970825
49,medium,0.0298,sweep,scaling,0.8,0.2231435513142097,,0.3,174,75,0.05452859401702881,0.20387059450149536,0.38736221194267273,0.38897705078125,0.4236684739589691,,,,
49,medium,0.0298,sweep,scaling,0.9,0.10536051565782628,,0.3,174,75,0.10234510898590088,0.10777771472930908,0.35438522696495056,0.2754734754562378,0.3780907392501831,,,,
49,medium,0.0298,sweep,scaling,1.0,0.0,,0.3,174,75,4.172325134277344e-07,8.344650268554688e-07,2.390258487139363e-06,1.936668354574067e-07,2.390258487139363e-06,,,,
49,medium,0.0298,sweep,scaling,1.1,0.09531017980432493,,0.3,174,75,0.037372708320617676,0.06942451000213623,0.1841937005519867,0.1075575053691864,0.2580414116382599,,,,
49,medium,0.0298,sweep,scaling,1.25,0.22314355131420976,,0.3,174,75,0.021803438663482666,0.1441887617111206,0.3447490334510803,0.3202051818370819,0.4128316342830658,,,,
49,medium,0.0298,sweep,scaling,1.5,0.4054651081081644,,0.3,174,75,0.04176485538482666,0.29555708169937134,0.477649062871933,0.45088016986846924,0.5181263089179993,,,,
49,medium,0.0298,ensemble,scaling,,0.1,0.1,0.3,174,75,,,,,,0.04501580446958542,0.13927899301052094,0.30799436569213867,0.2798939645290375
49,medium,0.0298,ensemble,scaling,,0.2,0.2,0.3,174,75,,,,,,0.0916064903140068,0.27620479464530945,0.4452670216560364,0.3559533655643463
49,medium,0.0298,ensemble,scaling,,0.3,0.3,0.3,174,75,,,,,,0.10092438012361526,0.27798017859458923,0.4416987895965576,0.3522476553916931
49,medium,0.0298,sweep,flip,0.0,0.0,,0.3,174,75,2.6226043701171875e-06,9.298324584960938e-06,4.286806870368309e-05,4.5952879190735985e-06,4.286806870368309e-05,,,,
49,medium,0.0298,sweep,flip,1.0,1.0,,0.3,174,75,0.058342933654785156,0.22641617059707642,0.5124281048774719,0.42401498556137085,0.519558846950531,,,,
49,medium,0.0298,sweep,shear,0.0,0.0,,0.3,174,75,1.5497207641601562e-06,5.900859832763672e-06,2.3491384126828052e-05,2.4640007723064627e-06,2.3491384126828052e-05,,,,
49,medium,0.0298,sweep,shear,0.05,0.05,,0.3,174,75,0.005953431129455566,0.017115473747253418,0.042425237596035004,0.0160104688256979,0.08440631628036499,,,,
49,medium,0.0298,sweep,shear,0.1,0.1,,0.3,174,75,0.018706202507019043,0.07110631465911865,0.24345412850379944,0.2034771889448166,0.25440019369125366,,,,
49,medium,0.0298,sweep,shear,0.2,0.2,,0.3,174,75,0.01522517204284668,0.08701825141906738,0.26780980825424194,0.230221688747406,0.2897633910179138,,,,
49,medium,0.0298,sweep,shear,0.3,0.3,,0.3,174,75,0.01401209831237793,0.10211873054504395,0.2849682569503784,0.23171716928482056,0.322210431098938,,,,
49,medium,0.0298,ensemble,shear,,0.1,0.1,0.3,174,75,,,,,,0.01621214486658573,0.04079455882310867,0.13007968664169312,0.08662278950214386
49,medium,0.0298,ensemble,shear,,0.2,0.2,0.3,174,75,,,,,,0.021188687533140182,0.05307968333363533,0.19012992084026337,0.13482432067394257
49,medium,0.0298,ensemble,shear,,0.3,0.3,0.3,174,75,,,,,,0.019507011398673058,0.06643948704004288,0.21639356017112732,0.17095030844211578
49,medium,0.0298,sweep,rotation,0.0,0.0,,0.5,124,125,8.344650268554688e-07,1.0728836059570312e-06,1.4511344943457516e-06,7.8995817887062e-08,1.4511344943457516e-06,,,,
49,medium,0.0298,sweep,rotation,5.0,5.0,,0.5,124,125,0.03713339567184448,0.16831958293914795,0.37208622694015503,0.37585410475730896,0.4205304980278015,,,,
49,medium,0.0298,sweep,rotation,10.0,10.0,,0.5,124,125,0.0659557580947876,0.22462952136993408,0.49969589710235596,0.489950567483902,0.5204737186431885,,,,
49,medium,0.0298,sweep,rotation,20.0,20.0,,0.5,124,125,0.05560767650604248,0.22610700130462646,0.5761796832084656,0.6622868776321411,0.548008918762207,,,,
49,medium,0.0298,sweep,rotation,30.0,30.0,,0.5,124,125,0.1473994255065918,0.5337930917739868,0.7225050926208496,0.5311907529830933,0.7653888463973999,,,,
49,medium,0.0298,sweep,rotation,45.0,45.0,,0.5,124,125,0.12242203950881958,0.5068377256393433,0.6916188597679138,0.6719505786895752,0.7230267524719238,,,,
49,medium,0.0298,ensemble,rotation,,10.0,10.0,0.5,124,125,,,,,,0.06177676096558571,0.2049003392457962,0.43649914860725403,0.39028289914131165
49,medium,0.0298,ensemble,rotation,,20.0,20.0,0.5,124,125,,,,,,0.06428137421607971,0.24249431490898132,0.511905312538147,0.45885565876960754
49,medium,0.0298,ensemble,rotation,,30.0,30.0,0.5,124,125,,,,,,0.08974645286798477,0.33577960729599,0.5871161222457886,0.4940876364707947
49,medium,0.0298,sweep,translation,0.0,0.0,,0.5,124,125,8.344650268554688e-07,1.0728836059570312e-06,1.4511344943457516e-06,7.8995817887062e-08,1.4511344943457516e-06,,,,
49,medium,0.0298,sweep,translation,1.0,1.0,,0.5,124,125,0.045413196086883545,0.09600764513015747,0.25455084443092346,0.31159037351608276,0.2677258253097534,,,,
49,medium,0.0298,sweep,translation,2.0,2.0,,0.5,124,125,0.05685567855834961,0.14789867401123047,0.4501895308494568,0.5250271558761597,0.4535461664199829,,,,
49,medium,0.0298,sweep,translation,4.0,4.0,,0.5,124,125,0.04923593997955322,0.11933064460754395,0.4722745418548584,0.5484147071838379,0.477764755487442,,,,
49,medium,0.0298,sweep,translation,6.0,6.0,,0.5,124,125,0.07037651538848877,0.09567046165466309,0.3498046100139618,0.3220946192741394,0.44891977310180664,,,,
49,medium,0.0298,sweep,translation,8.0,8.0,,0.5,124,125,0.04620027542114258,0.1643974781036377,0.47597241401672363,0.46633440256118774,0.5104674696922302,,,,
49,medium,0.0298,ensemble,translation,,2.0,2.0,0.5,124,125,,,,,,0.05907648056745529,0.15974508225917816,0.3919278681278229,0.36831074953079224
49,medium,0.0298,ensemble,translation,,4.0,4.0,0.5,124,125,,,,,,0.06836247444152832,0.20466004312038422,0.49929097294807434,0.4525166451931
49,medium,0.0298,ensemble,translation,,6.0,6.0,0.5,124,125,,,,,,0.08280730247497559,0.305307000875473,0.6074469685554504,0.5365420579910278
49,medium,0.0298,sweep,scaling,0.8,0.2231435513142097,,0.5,124,125,0.04588353633880615,0.21441102027893066,0.5056270360946655,0.5439794063568115,0.4884522557258606,,,,
49,medium,0.0298,sweep,scaling,0.9,0.10536051565782628,,0.5,124,125,0.06512165069580078,0.18244332075119019,0.44151076674461365,0.41748765110969543,0.4377126395702362,,,,
49,medium,0.0298,sweep,scaling,1.0,0.0,,0.5,124,125,8.344650268554688e-07,1.0728836059570312e-06,1.4511344943457516e-06,7.8995817887062e-08,1.4511344943457516e-06,,,,
49,medium,0.0298,sweep,scaling,1.1,0.09531017980432493,,0.5,124,125,0.03962773084640503,0.1509716510772705,0.38737213611602783,0.37214142084121704,0.42760875821113586,,,,
49,medium,0.0298,sweep,scaling,1.25,0.22314355131420976,,0.5,124,125,0.06809830665588379,0.22690308094024658,0.44983354210853577,0.4856894016265869,0.4941999316215515,,,,
49,medium,0.0298,sweep,scaling,1.5,0.4054651081081644,,0.5,124,125,0.07607591152191162,0.18326908349990845,0.504533052444458,0.5109396576881409,0.6235591173171997,,,,
49,medium,0.0298,ensemble,scaling,,0.1,0.1,0.5,124,125,,,,,,0.0386386439204216,0.12551197409629822,0.34849298000335693,0.2755458354949951
49,medium,0.0298,ensemble,scaling,,0.2,0.2,0.5,124,125,,,,,,0.042189549654722214,0.15616165101528168,0.39596354961395264,0.30968713760375977
49,medium,0.0298,ensemble,scaling,,0.3,0.3,0.5,124,125,,,,,,0.034025292843580246,0.14868536591529846,0.3996911942958832,0.3089587688446045
49,medium,0.0298,sweep,flip,0.0,0.0,,0.5,124,125,7.152557373046875e-07,1.430511474609375e-06,1.9652952687465586e-06,1.7186901857257908e-07,1.9652952687465586e-06,,,,
49,medium,0.0298,sweep,flip,1.0,1.0,,0.5,124,125,0.05066370964050293,0.168534517288208,0.550620436668396,0.6398268938064575,0.5029418468475342,,,,
49,medium,0.0298,sweep,shear,0.0,0.0,,0.5,124,125,1.1920928955078125e-06,1.2516975402832031e-06,2.179648390665534e-06,1.691764310862709e-07,2.179648390665534e-06,,,,
49,medium,0.0298,sweep,shear,0.05,0.05,,0.5,124,125,0.03487318754196167,0.11043894290924072,0.3462648093700409,0.2653807997703552,0.3536478281021118,,,,
49,medium,0.0298,sweep,shear,0.1,0.1,,0.5,124,125,0.04133737087249756,0.07540225982666016,0.2641495168209076,0.22310909628868103,0.28192752599716187,,,,
49,medium,0.0298,sweep,shear,0.2,0.2,,0.5,124,125,0.025948405265808105,0.08081710338592529,0.27874502539634705,0.23655053973197937,0.30027371644973755,,,,
49,medium,0.0298,sweep,shear,0.3,0.3,,0.5,124,125,0.03647124767303467,0.10353267192840576,0.3757791519165039,0.31679004430770874,0.40387582778930664,,,,
49,medium,0.0298,ensemble,shear,,0.1,0.1,0.5,124,125,,,,,,0.02410583756864071,0.043235328048467636,0.1546570360660553,0.08979015797376633
49,medium,0.0298,ensemble,shear,,0.2,0.2,0.5,124,125,,,,,,0.024516943842172623,0.03871871903538704,0.15446476638317108,0.10508260130882263
49,medium,0.0298,ensemble,shear,,0.3,0.3,0.5,124,125,,,,,,0.03309205174446106,0.05037384480237961,0.19082710146903992,0.1365157961845398
49,medium,0.0298,sweep,rotation,0.0,0.0,,0.7,75,174,2.384185791015625e-07,5.364418029785156e-07,1.1955694390053395e-06,5.193158258975927e-08,1.1955694390053395e-06,,,,
49,medium,0.0298,sweep,rotation,5.0,5.0,,0.7,75,174,0.03407353162765503,0.06817948818206787,0.29384174942970276,0.37275201082229614,0.2725168764591217,,,,
49,medium,0.0298,sweep,rotation,10.0,10.0,,0.7,75,174,0.0271073579788208,0.08267295360565186,0.4031764566898346,0.5228439569473267,0.29063060879707336,,,,
49,medium,0.0298,sweep,rotation,20.0,20.0,,0.7,75,174,0.053632259368896484,0.10326778888702393,0.5897836685180664,0.6953763961791992,0.3602408468723297,,,,
49,medium,0.0298,sweep,rotation,30.0,30.0,,0.7,75,174,0.08249342441558838,0.11361122131347656,0.6825168132781982,0.745600700378418,0.4236706495285034,,,,
49,medium,0.0298,sweep,rotation,45.0,45.0,,0.7,75,174,0.0724484920501709,0.1613171100616455,0.7321653962135315,0.8147401213645935,0.46961021423339844,,,,
49,medium,0.0298,ensemble,rotation,,10.0,10.0,0.7,75,174,,,,,,0.021465225145220757,0.0589599646627903,0.28769052028656006,0.3415531516075134
49,medium,0.0298,ensemble,rotation,,20.0,20.0,0.7,75,174,,,,,,0.03041830286383629,0.0917588323354721,0.4477492868900299,0.5345196723937988
49,medium,0.0298,ensemble,rotation,,30.0,30.0,0.7,75,174,,,,,,0.041836000978946686,0.09528683871030807,0.5296263098716736,0.603147029876709
49,medium,0.0298,sweep,translation,0.0,0.0,,0.7,75,174,2.384185791015625e-07,5.364418029785156e-07,1.1955694390053395e-06,5.193158258975927e-08,1.1955694390053395e-06,,,,
49,medium,0.0298,sweep,translation,1.0,1.0,,0.7,75,174,0.03483849763870239,0.07011568546295166,0.2706143260002136,0.4034845530986786,0.258558064699173,,,,
49,medium,0.0298,sweep,translation,2.0,2.0,,0.7,75,174,0.025034427642822266,0.054089903831481934,0.2422405183315277,0.40451759099960327,0.21363839507102966,,,,
49,medium,0.0298,sweep,translation,4.0,4.0,,0.7,75,174,0.027788519859313965,0.07261013984680176,0.3527240753173828,0.5086654424667358,0.26118573546409607,,,,
49,medium,0.0298,sweep,translation,6.0,6.0,,0.7,75,174,0.032273709774017334,0.09074628353118896,0.45269322395324707,0.5688433647155762,0.3209201395511627,,,,
49,medium,0.0298,sweep,translation,8.0,8.0,,0.7,75,174,0.06444096565246582,0.10132288932800293,0.5124312043190002,0.6344046592712402,0.33642691373825073,,,,
49,medium,0.0298,ensemble,translation,,2.0,2.0,0.7,75,174,,,,,,0.025814061984419823,0.06759284436702728,0.3859032988548279,0.5000095367431641
49,medium,0.0298,ensemble,translation,,4.0,4.0,0.7,75,174,,,,,,0.026296449825167656,0.08095785975456238,0.537384033203125,0.662958025932312
49,medium,0.0298,ensemble,translation,,6.0,6.0,0.7,75,174,,,,,,0.038085341453552246,0.10458602011203766,0.6111566424369812,0.7293453812599182
49,medium,0.0298,sweep,scaling,0.8,0.2231435513142097,,0.7,75,174,0.04356944561004639,0.13269877433776855,0.4822295010089874,0.5257934331893921,0.41117626428604126,,,,
49,medium,0.0298,sweep,scaling,0.9,0.10536051565782628,,0.7,75,174,0.042909860610961914,0.08816099166870117,0.37625062465667725,0.4192790985107422,0.3390255570411682,,,,
49,medium,0.0298,sweep,scaling,1.0,0.0,,0.7,75,174,2.384185791015625e-07,5.364418029785156e-07,1.1955694390053395e-06,5.193158258975927e-08,1.1955694390053395e-06,,,,
49,medium,0.0298,sweep,scaling,1.1,0.09531017980432493,,0.7,75,174,0.03908514976501465,0.08215725421905518,0.30406028032302856,0.38629448413848877,0.2981593608856201,,,,
49,medium,0.0298,sweep,scaling,1.25,0.22314355131420976,,0.7,75,174,0.053813397884368896,0.09949928522109985,0.456847608089447,0.5545193552970886,0.3695250153541565,,,,
49,medium,0.0298,sweep,scaling,1.5,0.4054651081081644,,0.7,75,174,0.06448888778686523,0.15584266185760498,0.6170251369476318,0.7035377025604248,0.5574923753738403,,,,
49,medium,0.0298,ensemble,scaling,,0.1,0.1,0.7,75,174,,,,,,0.01915556751191616,0.053241126239299774,0.20709951221942902,0.22298669815063477
49,medium,0.0298,ensemble,scaling,,0.2,0.2,0.7,75,174,,,,,,0.02611299231648445,0.06142672151327133,0.29784613847732544,0.34290459752082825
49,medium,0.0298,ensemble,scaling,,0.3,0.3,0.7,75,174,,,,,,0.027896683663129807,0.09332725405693054,0.3837204873561859,0.4262470602989197
49,medium,0.0298,sweep,flip,0.0,0.0,,0.7,75,174,1.7881393432617188e-07,5.960464477539062e-07,1.2746482980219298e-06,6.092671611668266e-08,1.2746482980219298e-06,,,,
49,medium,0.0298,sweep,flip,1.0,1.0,,0.7,75,174,0.035290539264678955,0.1613069772720337,0.5169426202774048,0.7186822891235352,0.27922317385673523,,,,
49,medium,0.0298,sweep,shear,0.0,0.0,,0.7,75,174,5.960464477539063e-08,4.76837158203125e-07,1.2328541743045207e-06,4.090161098702083e-08,1.2328541743045207e-06,,,,
49,medium,0.0298,sweep,shear,0.05,0.05,,0.7,75,174,0.029317855834960938,0.05432784557342529,0.22082503139972687,0.13356271386146545,0.23434261977672577,,,,
49,medium,0.0298,sweep,shear,0.1,0.1,,0.7,75,174,0.0420689582824707,0.05620837211608887,0.23820939660072327,0.2048795521259308,0.24600112438201904,,,,
49,medium,0.0298,sweep,shear,0.2,0.2,,0.7,75,174,0.03522968292236328,0.06705427169799805,0.2723133862018585,0.333567351102829,0.2665121257305145,,,,
49,medium,0.0298,sweep,shear,0.3,0.3,,0.7,75,174,0.0316275954246521,0.07620179653167725,0.30056965351104736,0.385109543800354,0.28245922923088074,,,,
49,medium,0.0298,ensemble,shear,,0.1,0.1,0.7,75,174,,,,,,0.0117082130163908,0.02561228536069393,0.10576394945383072,0.08738015592098236
49,medium,0.0298,ensemble,shear,,0.2,0.2,0.7,75,174,,,,,,0.013704241253435612,0.036980416625738144,0.15964484214782715,0.18325933814048767
49,medium,0.0298,ensemble,shear,,0.3,0.3,0.7,75,174,,,,,,0.01849658600986004,0.04092516005039215,0.19563154876232147,0.2367885857820511
16,medium,0.0292,sweep,rotation,0.0,0.0,,0.3,174,75,1.3113021850585938e-06,1.430511474609375e-06,1.342348014077288e-06,6.420066824830428e-07,1.342348014077288e-06,,,,
16,medium,0.0292,sweep,rotation,5.0,5.0,,0.3,174,75,0.10479384660720825,0.23271781206130981,0.4119831323623657,0.46625474095344543,0.4047662615776062,,,,
16,medium,0.0292,sweep,rotation,10.0,10.0,,0.3,174,75,0.10720628499984741,0.2053992748260498,0.43134307861328125,0.5102524161338806,0.4380095899105072,,,,
16,medium,0.0292,sweep,rotation,20.0,20.0,,0.3,174,75,0.13317841291427612,0.25065290927886963,0.4907304048538208,0.6690019369125366,0.5330425500869751,,,,
16,medium,0.0292,sweep,rotation,30.0,30.0,,0.3,174,75,0.18751144409179688,0.4668998122215271,0.6983786225318909,0.927180290222168,0.7145024538040161,,,,
16,medium,0.0292,sweep,rotation,45.0,45.0,,0.3,174,75,0.16811531782150269,0.3257237672805786,0.7950562238693237,1.025740623474121,0.7713719606399536,,,,
16,medium,0.0292,ensemble,rotation,,10.0,10.0,0.3,174,75,,,,,,0.07554648816585541,0.1656854897737503,0.2925025522708893,0.3698391616344452
16,medium,0.0292,ensemble,rotation,,20.0,20.0,0.3,174,75,,,,,,0.07691659778356552,0.1826440393924713,0.36837872862815857,0.4900728762149811
16,medium,0.0292,ensemble,rotation,,30.0,30.0,0.3,174,75,,,,,,0.1175789088010788,0.3234885334968567,0.47635287046432495,0.6501883268356323
16,medium,0.0292,sweep,translation,0.0,0.0,,0.3,174,75,1.3113021850585938e-06,1.430511474609375e-06,1.342348014077288e-06,6.420066824830428e-07,1.342348014077288e-06,,,,
16,medium,0.0292,sweep,translation,1.0,1.0,,0.3,174,75,0.0946052074432373,0.20689797401428223,0.3627835810184479,0.4269150495529175,0.3523607850074768,,,,
16,medium,0.0292,sweep,translation,2.0,2.0,,0.3,174,75,0.10054349899291992,0.15773338079452515,0.4346127212047577,0.5304590463638306,0.4320911169052124,,,,
16,medium,0.0292,sweep,translation,4.0,4.0,,0.3,174,75,0.13329535722732544,0.2930108308792114,0.5464385151863098,0.7479181289672852,0.5450822710990906,,,,
16,medium,0.0292,sweep,translation,6.0,6.0,,0.3,174,75,0.1889415979385376,0.20934545993804932,0.6398049592971802,0.9563048481941223,0.5794104933738708,,,,
16,medium,0.0292,sweep,translation,8.0,8.0,,0.3,174,75,0.197210431098938,0.43729954957962036,0.5869888663291931,0.8077178001403809,0.5577633380889893,,,,
16,medium,0.0292,ensemble,translation,,2.0,2.0,0.3,174,75,,,,,,0.08014771342277527,0.27945825457572937,0.3587495982646942,0.48539021611213684
16,medium,0.0292,ensemble,translation,,4.0,4.0,0.3,174,75,,,,,,0.08854876458644867,0.2989213466644287,0.46761974692344666,0.6407021880149841
16,medium,0.0292,ensemble,translation,,6.0,6.0,0.3,174,75,,,,,,0.10248444974422455,0.3149266242980957,0.5282709002494812,0.8169081211090088
16,medium,0.0292,sweep,scaling,0.8,0.2231435513142097,,0.3,174,75,0.09137165546417236,0.23334360122680664,0.4105549156665802,0.6042149066925049,0.5054909586906433,,,,
16,medium,0.0292,sweep,scaling,0.9,0.10536051565782628,,0.3,174,75,0.09460222721099854,0.16704785823822021,0.3506395220756531,0.4936702251434326,0.38130825757980347,,,,
16,medium,0.0292,sweep,scaling,1.0,0.0,,0.3,174,75,1.3113021850585938e-06,1.430511474609375e-06,1.342348014077288e-06,6.420066824830428e-07,1.342348014077288e-06,,,,
16,medium,0.0292,sweep,scaling,1.1,0.09531017980432493,,0.3,174,75,0.07054895162582397,0.14363056421279907,0.2636190354824066,0.30731335282325745,0.2991797924041748,,,,
16,medium,0.0292,sweep,scaling,1.25,0.22314355131420976,,0.3,174,75,0.240664541721344,0.42821091413497925,0.8143361806869507,0.9856846332550049,0.8381987810134888,,,,
16,medium,0.0292,sweep,scaling,1.5,0.4054651081081644,,0.3,174,75,0.21340572834014893,0.5364927649497986,0.7787242531776428,1.092432975769043,0.845468282699585,,,,
16,medium,0.0292,ensemble,scaling,,0.1,0.1,0.3,174,75,,,,,,0.04610580578446388,0.11064199358224869,0.2051732987165451,0.28754422068595886
16,medium,0.0292,ensemble,scaling,,0.2,0.2,0.3,174,75,,,,,,0.07423686981201172,0.22656652331352234,0.3562745451927185,0.4732173681259155
16,medium,0.0292,ensemble,scaling,,0.3,0.3,0.3,174,75,,,,,,0.09921881556510925,0.26233649253845215,0.4497990012168884,0.6170166730880737
16,medium,0.0292,sweep,flip,0.0,0.0,,0.3,174,75,7.748603820800781e-07,1.430511474609375e-06,1.1893473583768355e-06,9.629160331314779e-07,1.1893473583768355e-06,,,,
16,medium,0.0292,sweep,flip,1.0,1.0,,0.3,174,75,0.15130478143692017,0.457469642162323,0.3887477517127991,0.4989953637123108,0.7016404271125793,,,,
16,medium,0.0292,sweep,shear,0.0,0.0,,0.3,174,75,2.1457672119140625e-06,1.6689300537109375e-06,2.834461383827147e-06,1.4907639069861034e-06,2.834461383827147e-06,,,,
16,medium,0.0292,sweep,shear,0.05,0.05,,0.3,174,75,0.04225480556488037,0.030737638473510742,0.0775950700044632,0.07402519881725311,0.09863440692424774,,,,
16,medium,0.0292,sweep,shear,0.1,0.1,,0.3,174,75,0.04563462734222412,0.04686534404754639,0.13959136605262756,0.18122848868370056,0.17023688554763794,,,,
16,medium,0.0292,sweep,shear,0.2,0.2,,0.3,174,75,0.05377912521362305,0.09754502773284912,0.1954927146434784,0.24108894169330597,0.27144667506217957,,,,
16,medium,0.0292,sweep,shear,0.3,0.3,,0.3,174,75,0.09499490261077881,0.13447046279907227,0.3886632025241852,0.39462584257125854,0.474318265914917,,,,
16,medium,0.0292,ensemble,shear,,0.1,0.1,0.3,174,75,,,,,,0.06099513918161392,0.08449631184339523,0.21514515578746796,0.23793937265872955
16,medium,0.0292,ensemble,shear,,0.2,0.2,0.3,174,75,,,,,,0.07041722536087036,0.11147048324346542,0.26818951964378357,0.28864583373069763
16,medium,0.0292,ensemble,shear,,0.3,0.3,0.3,174,75,,,,,,0.07517635822296143,0.12885425984859467,0.33030158281326294,0.368158221244812
16,medium,0.0292,sweep,rotation,0.0,0.0,,0.5,124,125,1.0132789611816406e-06,1.7285346984863281e-06,1.1338156582496595e-06,6.511606187586949e-08,1.1338156582496595e-06,,,,
16,medium,0.0292,sweep,rotation,5.0,5.0,,0.5,124,125,0.06777095794677734,0.16487586498260498,0.2380019724369049,0.24646402895450592,0.22581645846366882,,,,
16,medium,0.0292,sweep,rotation,10.0,10.0,,0.5,124,125,0.08044493198394775,0.22581565380096436,0.25329867005348206,0.3033958077430725,0.23693913221359253,,,,
16,medium,0.0292,sweep,rotation,20.0,20.0,,0.5,124,125,0.10610830783843994,0.2337101697921753,0.2999153137207031,0.31868648529052734,0.30737221240997314,,,,
16,medium,0.0292,sweep,rotation,30.0,30.0,,0.5,124,125,0.09487080574035645,0.1718844175338745,0.35842186212539673,0.43110838532447815,0.4041825532913208,,,,
16,medium,0.0292,sweep,rotation,45.0,45.0,,0.5,124,125,0.08664613962173462,0.2225891351699829,0.4660603404045105,0.5953096151351929,0.3699757158756256,,,,
16,medium,0.0292,ensemble,rotation,,10.0,10.0,0.5,124,125,,,,,,0.047571975737810135,0.11800819635391235,0.19150324165821075,0.22488218545913696
16,medium,0.0292,ensemble,rotation,,20.0,20.0,0.5,124,125,,,,,,0.07105516642332077,0.18336834013462067,0.2607259452342987,0.35932856798171997
16,medium,0.0292,ensemble,rotation,,30.0,30.0,0.5,124,125,,,,,,0.08236765116453171,0.23944202065467834,0.3346252739429474,0.45968979597091675
16,medium,0.0292,sweep,translation,0.0,0.0,,0.5,124,125,1.0132789611816406e-06,1.7285346984863281e-06,1.1338156582496595e-06,6.511606187586949e-08,1.1338156582496595e-06,,,,
16,medium,0.0292,sweep,translation,1.0,1.0,,0.5,124,125,0.04378122091293335,0.11010485887527466,0.14359813928604126,0.19566133618354797,0.11009952425956726,,,,
16,medium,0.0292,sweep,translation,2.0,2.0,,0.5,124,125,0.0760614275932312,0.1399301290512085,0.25139614939689636,0.3406047821044922,0.1693563163280487,,,,
16,medium,0.0292,sweep,translation,4.0,4.0,,0.5,124,125,0.04407614469528198,0.12700700759887695,0.38458624482154846,0.5354851484298706,0.21950380504131317,,,,
16,medium,0.0292,sweep,translation,6.0,6.0,,0.5,124,125,0.10029703378677368,0.2126767635345459,0.5298914909362793,0.7315350770950317,0.30653706192970276,,,,
16,medium,0.0292,sweep,translation,8.0,8.0,,0.5,124,125,0.04995536804199219,0.3222222328186035,0.4870864152908325,0.7440105080604553,0.24303577840328217,,,,
16,medium,0.0292,ensemble,translation,,2.0,2.0,0.5,124,125,,,,,,0.06591031700372696,0.2166266143321991,0.28959035873413086,0.38941890001296997
16,medium,0.0292,ensemble,translation,,4.0,4.0,0.5,124,125,,,,,,0.075095035135746,0.2907642722129822,0.3832504451274872,0.5633785128593445
16,medium,0.0292,ensemble,translation,,6.0,6.0,0.5,124,125,,,,,,0.08959215134382248,0.2933216989040375,0.47848132252693176,0.6786548495292664
16,medium,0.0292,sweep,scaling,0.8,0.2231435513142097,,0.5,124,125,0.08436071872711182,0.1981998085975647,0.2946098744869232,0.3258722126483917,0.2579154372215271,,,,
16,medium,0.0292,sweep,scaling,0.9,0.10536051565782628,,0.5,124,125,0.05904555320739746,0.14185333251953125,0.2265567034482956,0.2156650424003601,0.21692901849746704,,,,
16,medium,0.0292,sweep,scaling,1.0,0.0,,0.5,124,125,1.0132789611816406e-06,1.7285346984863281e-06,1.1338156582496595e-06,6.511606187586949e-08,1.1338156582496595e-06,,,,
16,medium,0.0292,sweep,scaling,1.1,0.09531017980432493,,0.5,124,125,0.11965411901473999,0.38765043020248413,0.2869389057159424,0.3346502184867859,0.26965463161468506,,,,
16,medium,0.0292,sweep,scaling,1.25,0.22314355131420976,,0.5,124,125,0.1555100679397583,0.6536097526550293,0.4223449230194092,0.5110957622528076,0.34451034665107727,,,,
16,medium,0.0292,sweep,scaling,1.5,0.4054651081081644,,0.5,124,125,0.182512104511261,0.6312117576599121,0.5060105919837952,0.6853710412979126,0.4015410244464874,,,,
16,medium,0.0292,ensemble,scaling,,0.1,0.1,0.5,124,125,,,,,,0.06023527309298515,0.15995270013809204,0.19070275127887726,0.20796912908554077
16,medium,0.0292,ensemble,scaling,,0.2,0.2,0.5,124,125,,,,,,0.06756459921598434,0.19924183189868927,0.1886986643075943,0.2813781499862671
16,medium,0.0292,ensemble,scaling,,0.3,0.3,0.5,124,125,,,,,,0.08657713234424591,0.29944005608558655,0.24169620871543884,0.3601492941379547
16,medium,0.0292,sweep,flip,0.0,0.0,,0.5,124,125,8.344650268554688e-07,5.841255187988281e-06,4.8920737754087895e-06,4.6239085804700153e-07,4.8920737754087895e-06,,,,
16,medium,0.0292,sweep,flip,1.0,1.0,,0.5,124,125,0.11280179023742676,0.24174046516418457,0.647161066532135,0.8992316722869873,0.36356911063194275,,,,
16,medium,0.0292,sweep,shear,0.0,0.0,,0.5,124,125,1.3113021850585938e-06,7.62939453125e-06,4.448310846782988e-06,4.4122754161435296e-07,4.448310846782988e-06,,,,
16,medium,0.0292,sweep,shear,0.05,0.05,,0.5,124,125,0.02263772487640381,0.06603348255157471,0.05491781234741211,0.047520119696855545,0.06749675422906876,,,,
16,medium,0.0292,sweep,shear,0.1,0.1,,0.5,124,125,0.046894073486328125,0.25802290439605713,0.12133872509002686,0.1197953075170517,0.1433972418308258,,,,
16,medium,0.0292,sweep,shear,0.2,0.2,,0.5,124,125,0.05355346202850342,0.11459553241729736,0.15632383525371552,0.20994406938552856,0.14742538332939148,,,,
16,medium,0.0292,sweep,shear,0.3,0.3,,0.5,124,125,0.07089829444885254,0.2905839681625366,0.20824097096920013,0.3082858622074127,0.22235269844532013,,,,
16,medium,0.0292,ensemble,shear,,0.1,0.1,0.5,124,125,,,,,,0.04424991086125374,0.1351691633462906,0.10929205268621445,0.13965755701065063
16,medium,0.0292,ensemble,shear,,0.2,0.2,0.5,124,125,,,,,,0.05351604148745537,0.11268234997987747,0.13975222408771515,0.21178658306598663
16,medium,0.0292,ensemble,shear,,0.3,0.3,0.5,124,125,,,,,,0.06414730846881866,0.20288723707199097,0.17802558839321136,0.28582853078842163
16,medium,0.0292,sweep,rotation,0.0,0.0,,0.7,75,174,5.960464477539062e-07,1.3113021850585938e-06,5.618909426630125e-07,3.063675890757622e-08,5.618909426630125e-07,,,,
16,medium,0.0292,sweep,rotation,5.0,5.0,,0.7,75,174,0.10469400882720947,0.19157636165618896,0.17947524785995483,0.2626650333404541,0.14812354743480682,,,,
16,medium,0.0292,sweep,rotation,10.0,10.0,,0.7,75,174,0.10790342092514038,0.14522767066955566,0.289839506149292,0.3991924524307251,0.19578754901885986,,,,
16,medium,0.0292,sweep,rotation,20.0,20.0,,0.7,75,174,0.07100826501846313,0.2187739610671997,0.4078614115715027,0.534942626953125,0.20670023560523987,,,,
16,medium,0.0292,sweep,rotation,30.0,30.0,,0.7,75,174,0.09199869632720947,0.24831950664520264,0.4877825975418091,0.6397268772125244,0.22768338024616241,,,,
16,medium,0.0292,sweep,rotation,45.0,45.0,,0.7,75,174,0.10763847827911377,0.3314882516860962,0.5714669227600098,0.7421927452087402,0.24951988458633423,,,,
16,medium,0.0292,ensemble,rotation,,10.0,10.0,0.7,75,174,,,,,,0.05498075857758522,0.1036212220788002,0.206161230802536,0.2727588713169098
16,medium,0.0292,ensemble,rotation,,20.0,20.0,0.7,75,174,,,,,,0.06305389106273651,0.1277301013469696,0.302116721868515,0.4143833518028259
16,medium,0.0292,ensemble,rotation,,30.0,30.0,0.7,75,174,,,,,,0.06530710309743881,0.14253446459770203,0.3787156641483307,0.5206461548805237
16,medium,0.0292,sweep,translation,0.0,0.0,,0.7,75,174,5.960464477539062e-07,1.3113021850585938e-06,5.618909426630125e-07,3.063675890757622e-08,5.618909426630125e-07,,,,
16,medium,0.0292,sweep,translation,1.0,1.0,,0.7,75,174,0.05037522315979004,0.0963171124458313,0.16422192752361298,0.3126157522201538,0.11075526475906372,,,,
16,medium,0.0292,sweep,translation,2.0,2.0,,0.7,75,174,0.04925936460494995,0.12899243831634521,0.28377121686935425,0.4637739658355713,0.1607230305671692,,,,
16,medium,0.0292,sweep,translation,4.0,4.0,,0.7,75,174,0.06349647045135498,0.15687572956085205,0.4178420603275299,0.7039930820465088,0.22081589698791504,,,,
16,medium,0.0292,sweep,translation,6.0,6.0,,0.7,75,174,0.08085817098617554,0.16080498695373535,0.48755520582199097,0.8190536499023438,0.2852880358695984,,,,
16,medium,0.0292,sweep,translation,8.0,8.0,,0.7,75,174,0.08684253692626953,0.21853721141815186,0.5295282602310181,0.8817734122276306,0.2792372405529022,,,,
16,medium,0.0292,ensemble,translation,,2.0,2.0,0.7,75,174,,,,,,0.07274112105369568,0.14332790672779083,0.3094962239265442,0.4191913902759552
16,medium,0.0292,ensemble,translation,,4.0,4.0,0.7,75,174,,,,,,0.0627380907535553,0.1430055946111679,0.43121373653411865,0.6144158840179443
16,medium,0.0292,ensemble,translation,,6.0,6.0,0.7,75,174,,,,,,0.07016387581825256,0.16759233176708221,0.5046299695968628,0.7253096699714661
16,medium,0.0292,sweep,scaling,0.8,0.2231435513142097,,0.7,75,174,0.0856637954711914,0.21718484163284302,0.3307131230831146,0.4102609157562256,0.29397377371788025,,,,
16,medium,0.0292,sweep,scaling,0.9,0.10536051565782628,,0.7,75,174,0.12511849403381348,0.20263898372650146,0.21055158972740173,0.28571489453315735,0.20829734206199646,,,,
16,medium,0.0292,sweep,scaling,1.0,0.0,,0.7,75,174,5.960464477539062e-07,1.3113021850585938e-06,5.618909426630125e-07,3.063675890757622e-08,5.618909426630125e-07,,,,
16,medium,0.0292,sweep,scaling,1.1,0.09531017980432493,,0.7,75,174,0.059220194816589355,0.11523407697677612,0.22578713297843933,0.2917943596839905,0.15949124097824097,,,,
16,medium,0.0292,sweep,scaling,1.25,0.22314355131420976,,0.7,75,174,0.09739112854003906,0.29681265354156494,0.40425023436546326,0.4990433156490326,0.23932236433029175,,,,
16,medium,0.0292,sweep,scaling,1.5,0.4054651081081644,,0.7,75,174,0.11958134174346924,0.5321352481842041,0.595147967338562,0.7911040782928467,0.38814088702201843,,,,
16,medium,0.0292,ensemble,scaling,,0.1,0.1,0.7,75,174,,,,,,0.06752532720565796,0.10092655569314957,0.14932399988174438,0.16840513050556183
16,medium,0.0292,ensemble,scaling,,0.2,0.2,0.7,75,174,,,,,,0.06662847846746445,0.14243730902671814,0.234408900141716,0.2933156192302704
16,medium,0.0292,ensemble,scaling,,0.3,0.3,0.7,75,174,,,,,,0.07492639869451523,0.2068922072649002,0.29969537258148193,0.37841275334358215
16,medium,0.0292,sweep,flip,0.0,0.0,,0.7,75,174,4.172325134277344e-07,9.5367431640625e-07,5.33784316303354e-07,3.018534400212047e-08,5.33784316303354e-07,,,,
16,medium,0.0292,sweep,flip,1.0,1.0,,0.7,75,174,0.07412749528884888,0.19437670707702637,0.6626790761947632,1.1062829494476318,0.22857491672039032,,,,
16,medium,0.0292,sweep,shear,0.0,0.0,,0.7,75,174,1.1324882507324219e-06,1.3113021850585938e-06,5.571256451730733e-07,3.540125348422407e-08,5.571256451730733e-07,,,,
16,medium,0.0292,sweep,shear,0.05,0.05,,0.7,75,174,0.03162205219268799,0.0964353084564209,0.08691231161355972,0.10205168277025223,0.08380718529224396,,,,
16,medium,0.0292,sweep,shear,0.1,0.1,,0.7,75,174,0.04675126075744629,0.0909193754196167,0.12274440377950668,0.18080903589725494,0.11371542513370514,,,,
16,medium,0.0292,sweep,shear,0.2,0.2,,0.7,75,174,0.05157285928726196,0.16750210523605347,0.22295428812503815,0.34708940982818604,0.16674193739891052,,,,
16,medium,0.0292,sweep,shear,0.3,0.3,,0.7,75,174,0.06180989742279053,0.2129429578781128,0.26264074444770813,0.4400849938392639,0.19539719820022583,,,,
16,medium,0.0292,ensemble,shear,,0.1,0.1,0.7,75,174,,,,,,0.02985196001827717,0.08937401324510574,0.09467362612485886,0.12632441520690918
16,medium,0.0292,ensemble,shear,,0.2,0.2,0.7,75,174,,,,,,0.0405937023460865,0.11913657933473587,0.15956668555736542,0.23728235065937042
16,medium,0.0292,ensemble,shear,,0.3,0.3,0.7,75,174,,,,,,0.04665057361125946,0.14208918809890747,0.21189676225185394,0.311244934797287
57,medium,0.027,sweep,rotation,0.0,0.0,,0.3,174,75,1.0728836059570312e-06,5.125999450683594e-06,1.3070181012153625e-05,3.961059974244563e-06,1.3070181012153625e-05,,,,
57,medium,0.027,sweep,rotation,5.0,5.0,,0.3,174,75,0.05251502990722656,0.3453442454338074,0.3913090229034424,0.46667349338531494,0.42895635962486267,,,,
57,medium,0.027,sweep,rotation,10.0,10.0,,0.3,174,75,0.038707852363586426,0.36710166931152344,0.448580801486969,0.561386227607727,0.49489033222198486,,,,
57,medium,0.027,sweep,rotation,20.0,20.0,,0.3,174,75,0.053717970848083496,0.19987159967422485,0.3518049120903015,0.4311542510986328,0.44160157442092896,,,,
57,medium,0.027,sweep,rotation,30.0,30.0,,0.3,174,75,0.05134785175323486,0.30074143409729004,0.40739941596984863,0.5102941393852234,0.5260798335075378,,,,
57,medium,0.027,sweep,rotation,45.0,45.0,,0.3,174,75,0.04574477672576904,0.3434754014015198,0.40162229537963867,0.4960840940475464,0.5514563322067261,,,,
57,medium,0.027,ensemble,rotation,,10.0,10.0,0.3,174,75,,,,,,0.06729892641305923,0.18393895030021667,0.33376118540763855,0.39603331685066223
57,medium,0.027,ensemble,rotation,,20.0,20.0,0.3,174,75,,,,,,0.04760884493589401,0.1905342936515808,0.3724210858345032,0.4427570700645447
57,medium,0.027,ensemble,rotation,,30.0,30.0,0.3,174,75,,,,,,0.05141464248299599,0.17962788045406342,0.3664241135120392,0.4538325071334839
57,medium,0.027,sweep,translation,0.0,0.0,,0.3,174,75,1.0728836059570312e-06,5.125999450683594e-06,1.3070181012153625e-05,3.961059974244563e-06,1.3070181012153625e-05,,,,
57,medium,0.027,sweep,translation,1.0,1.0,,0.3,174,75,0.07543838024139404,0.14657378196716309,0.28311848640441895,0.34055614471435547,0.29343104362487793,,,,
57,medium,0.027,sweep,translation,2.0,2.0,,0.3,174,75,0.05204808712005615,0.3073533773422241,0.38929617404937744,0.5160312652587891,0.4232596755027771,,,,
57,medium,0.027,sweep,translation,4.0,4.0,,0.3,174,75,0.056625962257385254,0.3173106908798218,0.35238510370254517,0.4780057668685913,0.4120149612426758,,,,
57,medium,0.027,sweep,translation,6.0,6.0,,0.3,174,75,0.06013697385787964,0.19262707233428955,0.31653615832328796,0.4510272145271301,0.36753666400909424,,,,
57,medium,0.027,sweep,translation,8.0,8.0,,0.3,174,75,0.04379475116729736,0.18443048000335693,0.34089764952659607,0.40898406505584717,0.3953298032283783,,,,
57,medium,0.027,ensemble,translation,,2.0,2.0,0.3,174,75,,,,,,0.07147309929132462,0.18657585978507996,0.3479648232460022,0.40429845452308655
57,medium,0.027,ensemble,translation,,4.0,4.0,0.3,174,75,,,,,,0.06496807932853699,0.22829486429691315,0.47660303115844727,0.5565810203552246
57,medium,0.027,ensemble,translation,,6.0,6.0,0.3,174,75,,,,,,0.07864389568567276,0.22273926436901093,0.4929503798484802,0.5791285634040833
57,medium,0.027,sweep,scaling,0.8,0.2231435513142097,,0.3,174,75,0.045178234577178955,0.2849677801132202,0.34835928678512573,0.4879821538925171,0.42432844638824463,,,,
57,medium,0.027,sweep,scaling,0.9,0.10536051565782628,,0.3,174,75,0.03013789653778076,0.1277499794960022,0.26343944668769836,0.328675776720047,0.31602033972740173,,,,
57,medium,0.027,sweep,scaling,1.0,0.0,,0.3,174,75,1.0728836059570312e-06,5.125999450683594e-06,1.3070181012153625e-05,3.961059974244563e-06,1.3070181012153625e-05,,,,
57,medium,0.027,sweep,scaling,1.1,0.09531017980432493,,0.3,174,75,0.04660189151763916,0.2090625762939453,0.3604511320590973,0.49680429697036743,0.40994858741760254,,,,
57,medium,0.027,sweep,scaling,1.25,0.22314355131420976,,0.3,174,75,0.06016373634338379,0.4337020516395569,0.4135085344314575,0.47903886437416077,0.5034223198890686,,,,
57,medium,0.027,sweep,scaling,1.5,0.4054651081081644,,0.3,174,75,0.05021989345550537,0.1916104555130005,0.38642409443855286,0.4756203591823578,0.5261037349700928,,,,
57,medium,0.027,ensemble,scaling,,0.1,0.1,0.3,174,75,,,,,,0.05856700241565704,0.10548719763755798,0.3060562312602997,0.31666693091392517
57,medium,0.027,ensemble,scaling,,0.2,0.2,0.3,174,75,,,,,,0.07202038913965225,0.2141009122133255,0.3728232681751251,0.44381701946258545
57,medium,0.027,ensemble,scaling,,0.3,0.3,0.3,174,75,,,,,,0.07778023183345795,0.23077230155467987,0.39153119921684265,0.45914915204048157
57,medium,0.027,sweep,flip,0.0,0.0,,0.3,174,75,4.398822784423828e-05,6.99162483215332e-05,0.00016575510380789638,5.387701094150543e-05,0.00016575510380789638,,,,
57,medium,0.027,sweep,flip,1.0,1.0,,0.3,174,75,0.05942177772521973,0.19031161069869995,0.3041602671146393,0.4044951796531677,0.4494369924068451,,,,
57,medium,0.027,sweep,shear,0.0,0.0,,0.3,174,75,1.5139579772949219e-05,3.0875205993652344e-05,6.386622408172116e-05,1.9715884263860062e-05,6.386622408172116e-05,,,,
57,medium,0.027,sweep,shear,0.05,0.05,,0.3,174,75,0.04396533966064453,0.30110836029052734,0.3683907985687256,0.4834040403366089,0.3737615942955017,,,,
57,medium,0.027,sweep,shear,0.1,0.1,,0.3,174,75,0.07357525825500488,0.1803804636001587,0.3069954812526703,0.4582637846469879,0.322795033454895,,,,
57,medium,0.027,sweep,shear,0.2,0.2,,0.3,174,75,0.050652921199798584,0.16114568710327148,0.2680669128894806,0.30781733989715576,0.31567785143852234,,,,
57,medium,0.027,sweep,shear,0.3,0.3,,0.3,174,75,0.054367780685424805,0.12191969156265259,0.35545432567596436,0.4574328064918518,0.39122897386550903,,,,
57,medium,0.027,ensemble,shear,,0.1,0.1,0.3,174,75,,,,,,0.04511464387178421,0.17096135020256042,0.2775411009788513,0.40454453229904175
57,medium,0.027,ensemble,shear,,0.2,0.2,0.3,174,75,,,,,,0.046763259917497635,0.15320634841918945,0.3067268133163452,0.4097946584224701
57,medium,0.027,ensemble,shear,,0.3,0.3,0.3,174,75,,,,,,0.06664738059043884,0.17213355004787445,0.3368285298347473,0.4270370304584503
57,medium,0.027,sweep,rotation,0.0,0.0,,0.5,124,125,1.6033649444580078e-05,5.9604644775390625e-05,0.00023253000108525157,2.035692523350008e-05,0.00023253000108525157,,,,
57,medium,0.027,sweep,rotation,5.0,5.0,,0.5,124,125,0.07606053352355957,0.22812050580978394,0.49517038464546204,0.3529212474822998,0.5018584728240967,,,,
57,medium,0.027,sweep,rotation,10.0,10.0,,0.5,124,125,0.0737619400024414,0.22611582279205322,0.4968282878398895,0.3793365955352783,0.49789929389953613,,,,
57,medium,0.027,sweep,rotation,20.0,20.0,,0.5,124,125,0.0910649299621582,0.2638612985610962,0.6372696161270142,0.4464331269264221,0.6696013808250427,,,,
57,medium,0.027,sweep,rotation,30.0,30.0,,0.5,124,125,0.07121682167053223,0.2888704538345337,0.7084113359451294,0.5284364223480225,0.6597849130630493,,,,
57,medium,0.027,sweep,rotation,45.0,45.0,,0.5,124,125,0.1346246600151062,0.415985107421875,0.7432646751403809,0.44606322050094604,0.7646239995956421,,,,
57,medium,0.027,ensemble,rotation,,10.0,10.0,0.5,124,125,,,,,,0.04572536423802376,0.14696332812309265,0.19326677918434143,0.22937551140785217
57,medium,0.027,ensemble,rotation,,20.0,20.0,0.5,124,125,,,,,,0.058098386973142624,0.1610267609357834,0.3268667459487915,0.371813029050827
57,medium,0.027,ensemble,rotation,,30.0,30.0,0.5,124,125,,,,,,0.06973972171545029,0.22632038593292236,0.49347615242004395,0.4218282997608185
57,medium,0.027,sweep,translation,0.0,0.0,,0.5,124,125,1.6033649444580078e-05,5.9604644775390625e-05,0.00023253000108525157,2.035692523350008e-05,0.00023253000108525157,,,,
57,medium,0.027,sweep,translation,1.0,1.0,,0.5,124,125,0.07344722747802734,0.20435857772827148,0.4050648808479309,0.44641005992889404,0.4298880398273468,,,,
57,medium,0.027,sweep,translation,2.0,2.0,,0.5,124,125,0.06889432668685913,0.2621539235115051,0.44498512148857117,0.3517777919769287,0.48136699199676514,,,,
57,medium,0.027,sweep,translation,4.0,4.0,,0.5,124,125,0.05734807252883911,0.19815689325332642,0.4610254168510437,0.3796612620353699,0.49441540241241455,,,,
57,medium,0.027,sweep,translation,6.0,6.0,,0.5,124,125,0.05931854248046875,0.27503931522369385,0.5118966102600098,0.5185120701789856,0.5357944965362549,,,,
57,medium,0.027,sweep,translation,8.0,8.0,,0.5,124,125,0.07051044702529907,0.23076868057250977,0.5344958305358887,0.5490175485610962,0.5422981381416321,,,,
57,medium,0.027,ensemble,translation,,2.0,2.0,0.5,124,125,,,,,,0.07464152574539185,0.23359014093875885,0.4414685368537903,0.39318788051605225
57,medium,0.027,ensemble,translation,,4.0,4.0,0.5,124,125,,,,,,0.0740327537059784,0.22436392307281494,0.5275358557701111,0.44071710109710693
57,medium,0.027,ensemble,translation,,6.0,6.0,0.5,124,125,,,,,,0.07569308578968048,0.23365238308906555,0.6197882890701294,0.5340881943702698
57,medium,0.027,sweep,scaling,0.8,0.2231435513142097,,0.5,124,125,0.08747828006744385,0.22886788845062256,0.48629188537597656,0.38950932025909424,0.47174933552742004,,,,
57,medium,0.027,sweep,scaling,0.9,0.10536051565782628,,0.5,124,125,0.06476294994354248,0.2618994116783142,0.5803862810134888,0.38367557525634766,0.5817270874977112,,,,
57,medium,0.027,sweep,scaling,1.0,0.0,,0.5,124,125,1.6033649444580078e-05,5.9604644775390625e-05,0.00023253000108525157,2.035692523350008e-05,0.00023253000108525157,,,,
57,medium,0.027,sweep,scaling,1.1,0.09531017980432493,,0.5,124,125,0.08136308193206787,0.3070283532142639,0.5502566695213318,0.3672643005847931,0.5657429695129395,,,,
57,medium,0.027,sweep,scaling,1.25,0.22314355131420976,,0.5,124,125,0.09545230865478516,0.4085535407066345,0.5912826657295227,0.44502338767051697,0.6173720955848694,,,,
57,medium,0.027,sweep,scaling,1.5,0.4054651081081644,,0.5,124,125,0.0911170244216919,0.2993210554122925,0.601219892501831,0.46151620149612427,0.6032858490943909,,,,
57,medium,0.027,ensemble,scaling,,0.1,0.1,0.5,124,125,,,,,,0.04008003696799278,0.14314241707324982,0.19189269840717316,0.18829651176929474
57,medium,0.027,ensemble,scaling,,0.2,0.2,0.5,124,125,,,,,,0.05530334636569023,0.1653466671705246,0.2991068959236145,0.2808411419391632
57,medium,0.027,ensemble,scaling,,0.3,0.3,0.5,124,125,,,,,,0.05983184650540352,0.17433637380599976,0.38583818078041077,0.33877453207969666
57,medium,0.027,sweep,flip,0.0,0.0,,0.5,124,125,2.9802322387695312e-06,8.940696716308594e-06,4.170133252046071e-05,3.321946678624954e-06,4.170133252046071e-05,,,,
57,medium,0.027,sweep,flip,1.0,1.0,,0.5,124,125,0.05348861217498779,0.19497060775756836,0.5008400678634644,0.44917750358581543,0.4075872004032135,,,,
57,medium,0.027,sweep,shear,0.0,0.0,,0.5,124,125,1.537799835205078e-05,3.165006637573242e-05,0.00022963873925618827,1.6610483726253733e-05,0.00022963873925618827,,,,
57,medium,0.027,sweep,shear,0.05,0.05,,0.5,124,125,0.06796503067016602,0.17035162448883057,0.510901927947998,0.2960854768753052,0.5062522292137146,,,,
57,medium,0.027,sweep,shear,0.1,0.1,,0.5,124,125,0.08388340473175049,0.33312636613845825,0.5031360983848572,0.3465638756752014,0.4981781542301178,,,,
57,medium,0.027,sweep,shear,0.2,0.2,,0.5,124,125,0.07612359523773193,0.2628173232078552,0.46512094140052795,0.33260464668273926,0.4747246503829956,,,,
57,medium,0.027,sweep,shear,0.3,0.3,,0.5,124,125,0.08747833967208862,0.2614535093307495,0.5213207006454468,0.3603854179382324,0.5299072861671448,,,,
57,medium,0.027,ensemble,shear,,0.1,0.1,0.5,124,125,,,,,,0.015196234919130802,0.0616455115377903,0.08456620573997498,0.0718274936079979
57,medium,0.027,ensemble,shear,,0.2,0.2,0.5,124,125,,,,,,0.028752204030752182,0.1114320233464241,0.14547786116600037,0.15333721041679382
57,medium,0.027,ensemble,shear,,0.3,0.3,0.5,124,125,,,,,,0.04358109459280968,0.13606460392475128,0.18798689544200897,0.20517413318157196
57,medium,0.027,sweep,rotation,0.0,0.0,,0.7,75,174,4.76837158203125e-07,8.940696716308594e-07,9.630641670810292e-07,2.598699211375788e-08,9.630641670810292e-07,,,,
57,medium,0.027,sweep,rotation,5.0,5.0,,0.7,75,174,0.05896651744842529,0.1000104546546936,0.4789791703224182,0.3654112219810486,0.47836410999298096,,,,
57,medium,0.027,sweep,rotation,10.0,10.0,,0.7,75,174,0.08308601379394531,0.14997649192810059,0.539206326007843,0.44198572635650635,0.5108508467674255,,,,
57,medium,0.027,sweep,rotation,20.0,20.0,,0.7,75,174,0.057514965534210205,0.17417669296264648,0.6344033479690552,0.518946647644043,0.544256329536438,,,,
57,medium,0.027,sweep,rotation,30.0,30.0,,0.7,75,174,0.08926278352737427,0.2156360149383545,0.7133916616439819,0.5668636560440063,0.5709095001220703,,,,
57,medium,0.027,sweep,rotation,45.0,45.0,,0.7,75,174,0.17851167917251587,0.2933642864227295,0.8543184995651245,0.6174129843711853,0.6722157001495361,,,,
57,medium,0.027,ensemble,rotation,,10.0,10.0,0.7,75,174,,,,,,0.0537409633398056,0.11938296258449554,0.23355785012245178,0.24352607131004333
57,medium,0.027,ensemble,rotation,,20.0,20.0,0.7,75,174,,,,,,0.08128367364406586,0.13111835718154907,0.3611561954021454,0.33082523941993713
57,medium,0.027,ensemble,rotation,,30.0,30.0,0.7,75,174,,,,,,0.08685985207557678,0.1587039679288864,0.472947359085083,0.38248389959335327
57,medium,0.027,sweep,translation,0.0,0.0,,0.7,75,174,4.76837158203125e-07,8.940696716308594e-07,9.630641670810292e-07,2.598699211375788e-08,9.630641670810292e-07,,,,
57,medium,0.027,sweep,translation,1.0,1.0,,0.7,75,174,0.01961517333984375,0.09038317203521729,0.1904207468032837,0.3795946538448334,0.19391398131847382,,,,
57,medium,0.027,sweep,translation,2.0,2.0,,0.7,75,174,0.03446894884109497,0.08074289560317993,0.2944508194923401,0.4169423282146454,0.2712991535663605,,,,
57,medium,0.027,sweep,translation,4.0,4.0,,0.7,75,174,0.06414377689361572,0.1566864252090454,0.3139723837375641,0.4596037268638611,0.2681751251220703,,,,
57,medium,0.027,sweep,translation,6.0,6.0,,0.7,75,174,0.0665658712387085,0.14550471305847168,0.39024606347084045,0.5003054141998291,0.3038892149925232,,,,
57,medium,0.027,sweep,translation,8.0,8.0,,0.7,75,174,0.07417821884155273,0.13690871000289917,0.42798954248428345,0.5071523189544678,0.30305394530296326,,,,
57,medium,0.027,ensemble,translation,,2.0,2.0,0.7,75,174,,,,,,0.0924520343542099,0.12704704701900482,0.3767088055610657,0.35906630754470825
57,medium,0.027,ensemble,translation,,4.0,4.0,0.7,75,174,,,,,,0.09527532011270523,0.15732598304748535,0.4637128412723541,0.4183904230594635
57,medium,0.027,ensemble,translation,,6.0,6.0,0.7,75,174,,,,,,0.11018411070108414,0.1678820252418518,0.5399150848388672,0.4837716221809387
57,medium,0.027,sweep,scaling,0.8,0.2231435513142097,,0.7,75,174,0.13860076665878296,0.21549808979034424,0.5424234867095947,0.3945118188858032,0.550264298915863,,,,
57,medium,0.027,sweep,scaling,0.9,0.10536051565782628,,0.7,75,174,0.07567882537841797,0.1353815793991089,0.5371591448783875,0.37663567066192627,0.5598917603492737,,,,
57,medium,0.027,sweep,scaling,1.0,0.0,,0.7,75,174,4.76837158203125e-07,8.940696716308594e-07,9.630641670810292e-07,2.598699211375788e-08,9.630641670810292e-07,,,,
57,medium,0.027,sweep,scaling,1.1,0.09531017980432493,,0.7,75,174,0.11216580867767334,0.15082377195358276,0.5358229875564575,0.339545875787735,0.5737658143043518,,,,
57,medium,0.027,sweep,scaling,1.25,0.22314355131420976,,0.7,75,174,0.1713281273841858,0.2180473804473877,0.5769485831260681,0.40068215131759644,0.6105692982673645,,,,
57,medium,0.027,sweep,scaling,1.5,0.4054651081081644,,0.7,75,174,0.2394760251045227,0.2359621524810791,0.6911147832870483,0.4941750168800354,0.75298011302948,,,,
57,medium,0.027,ensemble,scaling,,0.1,0.1,0.7,75,174,,,,,,0.07143223285675049,0.10437218099832535,0.1720409095287323,0.16321983933448792
57,medium,0.027,ensemble,scaling,,0.2,0.2,0.7,75,174,,,,,,0.08956359326839447,0.1079474464058876,0.2036658376455307,0.22013957798480988
57,medium,0.027,ensemble,scaling,,0.3,0.3,0.7,75,174,,,,,,0.06963162869215012,0.13218756020069122,0.25755277276039124,0.2613092362880707
57,medium,0.027,sweep,flip,0.0,0.0,,0.7,75,174,1.7881393432617188e-07,8.344650268554688e-07,9.8939381132368e-07,3.1730053251521895e-08,9.8939381132368e-07,,,,
57,medium,0.027,sweep,flip,1.0,1.0,,0.7,75,174,0.04065299034118652,0.15333807468414307,0.4692131578922272,0.5502903461456299,0.26499679684638977,,,,
57,medium,0.027,sweep,shear,0.0,0.0,,0.7,75,174,4.172325134277344e-07,8.940696716308594e-07,9.92768264040933e-07,2.482000027725917e-08,9.92768264040933e-07,,,,
57,medium,0.027,sweep,shear,0.05,0.05,,0.7,75,174,0.042800843715667725,0.057596564292907715,0.35093554854393005,0.15062323212623596,0.37114283442497253,,,,
57,medium,0.027,sweep,shear,0.1,0.1,,0.7,75,174,0.05530261993408203,0.07846438884735107,0.34095409512519836,0.19942064583301544,0.3640049993991852,,,,
57,medium,0.027,sweep,shear,0.2,0.2,,0.7,75,174,0.04935860633850098,0.11809360980987549,0.3654319643974304,0.26580020785331726,0.39392855763435364,,,,
57,medium,0.027,sweep,shear,0.3,0.3,,0.7,75,174,0.049915969371795654,0.11907303333282471,0.37786969542503357,0.29750046133995056,0.39581167697906494,,,,
57,medium,0.027,ensemble,shear,,0.1,0.1,0.7,75,174,,,,,,0.04303351789712906,0.03934195265173912,0.13038162887096405,0.08085494488477707
57,medium,0.027,ensemble,shear,,0.2,0.2,0.7,75,174,,,,,,0.03873147442936897,0.06480198353528976,0.1523381769657135,0.13637690246105194
57,medium,0.027,ensemble,shear,,0.3,0.3,0.7,75,174,,,,,,0.044941212981939316,0.0834290161728859,0.1858253926038742,0.18217645585536957
360,medium,0.0269,sweep,rotation,0.0,0.0,,0.3,174,75,2.5510787963867188e-05,7.94529914855957e-05,1.454985249438323e-05,5.1695542424567975e-06,1.454985249438323e-05,,,,
360,medium,0.0269,sweep,rotation,5.0,5.0,,0.3,174,75,0.018362581729888916,0.0297815203666687,0.08071646839380264,0.042202938348054886,0.18187874555587769,,,,
360,medium,0.0269,sweep,rotation,10.0,10.0,,0.3,174,75,0.10665583610534668,0.17589914798736572,0.41538023948669434,0.3378162980079651,0.4488791823387146,,,,
360,medium,0.0269,sweep,rotation,20.0,20.0,,0.3,174,75,0.07657653093338013,0.24079781770706177,0.42926937341690063,0.37554606795310974,0.5197276473045349,,,,
360,medium,0.0269,sweep,rotation,30.0,30.0,,0.3,174,75,0.07410192489624023,0.16152215003967285,0.41438883543014526,0.433173805475235,0.5728801488876343,,,,
360,medium,0.0269,sweep,rotation,45.0,45.0,,0.3,174,75,0.1065673828125,0.1966698169708252,0.4709499180316925,0.4697776436805725,0.614799976348877,,,,
360,medium,0.0269,ensemble,rotation,,10.0,10.0,0.3,174,75,,,,,,0.08261743187904358,0.25210514664649963,0.3121241331100464,0.24518746137619019
360,medium,0.0269,ensemble,rotation,,20.0,20.0,0.3,174,75,,,,,,0.09816404432058334,0.3392048478126526,0.4132218062877655,0.34608194231987
360,medium,0.0269,ensemble,rotation,,30.0,30.0,0.3,174,75,,,,,,0.11798602342605591,0.37621504068374634,0.428913950920105,0.37412789463996887
360,medium,0.0269,sweep,translation,0.0,0.0,,0.3,174,75,2.5510787963867188e-05,7.94529914855957e-05,1.454985249438323e-05,5.1695542424567975e-06,1.454985249438323e-05,,,,
360,medium,0.0269,sweep,translation,1.0,1.0,,0.3,174,75,0.06359177827835083,0.2396146059036255,0.2246180921792984,0.17931455373764038,0.23612909018993378,,,,
360,medium,0.0269,sweep,translation,2.0,2.0,,0.3,174,75,0.07351642847061157,0.26397258043289185,0.25363409519195557,0.19947849214076996,0.2757018208503723,,,,
360,medium,0.0269,sweep,translation,4.0,4.0,,0.3,174,75,0.07141226530075073,0.3013468384742737,0.2831083834171295,0.23865771293640137,0.3294038772583008,,,,
360,medium,0.0269,sweep,translation,6.0,6.0,,0.3,174,75,0.16971290111541748,0.34535056352615356,0.5548126697540283,0.6068335175514221,0.568040668964386,,,,
360,medium,0.0269,sweep,translation,8.0,8.0,,0.3,174,75,0.10957086086273193,0.2045818567276001,0.4992952346801758,0.4587944746017456,0.4984995126724243,,,,
360,medium,0.0269,ensemble,translation,,2.0,2.0,0.3,174,75,,,,,,0.1143641248345375,0.4091359078884125,0.4377513825893402,0.35385099053382874
360,medium,0.0269,ensemble,translation,,4.0,4.0,0.3,174,75,,,,,,0.13031163811683655,0.44538289308547974,0.521186113357544,0.446476012468338
360,medium,0.0269,ensemble,translation,,6.0,6.0,0.3,174,75,,,,,,0.15152427554130554,0.4482606053352356,0.5633082389831543,0.548015296459198
360,medium,0.0269,sweep,scaling,0.8,0.2231435513142097,,0.3,174,75,0.07123756408691406,0.33124840259552,0.23494955897331238,0.1884920448064804,0.3041951656341553,,,,
360,medium,0.0269,sweep,scaling,0.9,0.10536051565782628,,0.3,174,75,0.07326626777648926,0.23061800003051758,0.2375926673412323,0.17939940094947815,0.27346909046173096,,,,
360,medium,0.0269,sweep,scaling,1.0,0.0,,0.3,174,75,2.5510787963867188e-05,7.94529914855957e-05,1.454985249438323e-05,5.1695542424567975e-06,1.454985249438323e-05,,,,
360,medium,0.0269,sweep,scaling,1.1,0.09531017980432493,,0.3,174,75,0.11122894287109375,0.3175484538078308,0.49264922738075256,0.3578316569328308,0.5112044215202332,,,,
360,medium,0.0269,sweep,scaling,1.25,0.22314355131420976,,0.3,174,75,0.15021276473999023,0.5431702136993408,0.580559253692627,0.46683868765830994,0.5975397229194641,,,,
360,medium,0.0269,sweep,scaling,1.5,0.4054651081081644,,0.3,174,75,0.20669281482696533,0.8110884428024292,0.7299849390983582,0.6792799234390259,0.7726709246635437,,,,
360,medium,0.0269,ensemble,scaling,,0.1,0.1,0.3,174,75,,,,,,0.05729624629020691,0.1509864330291748,0.19208575785160065,0.14100657403469086
360,medium,0.0269,ensemble,scaling,,0.2,0.2,0.3,174,75,,,,,,0.07120814919471741,0.2235763520002365,0.2711440920829773,0.20159195363521576
360,medium,0.0269,ensemble,scaling,,0.3,0.3,0.3,174,75,,,,,,0.12672367691993713,0.42589303851127625,0.4813407361507416,0.3781561553478241
360,medium,0.0269,sweep,flip,0.0,0.0,,0.3,174,75,1.8477439880371094e-06,3.337860107421875e-06,1.8115327975465334e-06,6.140505206531088e-07,1.8115327975465334e-06,,,,
360,medium,0.0269,sweep,flip,1.0,1.0,,0.3,174,75,0.13965284824371338,0.38058537244796753,0.39142075181007385,0.33621329069137573,0.4639509618282318,,,,
360,medium,0.0269,sweep,shear,0.0,0.0,,0.3,174,75,1.4901161193847656e-05,8.96453857421875e-05,1.1945694495807402e-05,4.93978723170585e-06,1.1945694495807402e-05,,,,
360,medium,0.0269,sweep,shear,0.05,0.05,,0.3,174,75,0.08801591396331787,0.2174432873725891,0.3876296877861023,0.29600393772125244,0.3874385356903076,,,,
360,medium,0.0269,sweep,shear,0.1,0.1,,0.3,174,75,0.09845840930938721,0.24006497859954834,0.3990088701248169,0.32138150930404663,0.4081347584724426,,,,
360,medium,0.0269,sweep,shear,0.2,0.2,,0.3,174,75,0.17338520288467407,0.5970883965492249,0.563816249370575,0.4831894040107727,0.5676628351211548,,,,
360,medium,0.0269,sweep,shear,0.3,0.3,,0.3,174,75,0.15835243463516235,0.6188424229621887,0.6298775672912598,0.5322680473327637,0.6377868056297302,,,,
360,medium,0.0269,ensemble,shear,,0.1,0.1,0.3,174,75,,,,,,0.06204115226864815,0.1477557271718979,0.1734076589345932,0.1311686486005783
360,medium,0.0269,ensemble,shear,,0.2,0.2,0.3,174,75,,,,,,0.09754379838705063,0.36348187923431396,0.34118595719337463,0.267654150724411
360,medium,0.0269,ensemble,shear,,0.3,0.3,0.3,174,75,,,,,,0.09531139582395554,0.33329325914382935,0.3708403706550598,0.30078113079071045
360,medium,0.0269,sweep,rotation,0.0,0.0,,0.5,124,125,4.76837158203125e-07,1.3113021850585938e-06,7.914807156339521e-07,3.8569567095692037e-08,7.914807156339521e-07,,,,
360,medium,0.0269,sweep,rotation,5.0,5.0,,0.5,124,125,0.060766398906707764,0.42601853609085083,0.33926457166671753,0.338054895401001,0.3521062433719635,,,,
360,medium,0.0269,sweep,rotation,10.0,10.0,,0.5,124,125,0.05956345796585083,0.37739676237106323,0.3488844633102417,0.35395514965057373,0.38408616185188293,,,,
360,medium,0.0269,sweep,rotation,20.0,20.0,,0.5,124,125,0.05699336528778076,0.34252798557281494,0.5143461227416992,0.50818932056427,0.5461190342903137,,,,
360,medium,0.0269,sweep,rotation,30.0,30.0,,0.5,124,125,0.20875859260559082,0.6106446981430054,0.650885283946991,0.657641589641571,0.5957642197608948,,,,
360,medium,0.0269,sweep,rotation,45.0,45.0,,0.5,124,125,0.16482257843017578,0.7109960317611694,0.7246758341789246,0.6086701154708862,0.6901223063468933,,,,
360,medium,0.0269,ensemble,rotation,,10.0,10.0,0.5,124,125,,,,,,0.05092373117804527,0.20132501423358917,0.22180292010307312,0.22022098302841187
360,medium,0.0269,ensemble,rotation,,20.0,20.0,0.5,124,125,,,,,,0.05444738641381264,0.2687731981277466,0.35543015599250793,0.3465801179409027
360,medium,0.0269,ensemble,rotation,,30.0,30.0,0.5,124,125,,,,,,0.0914323627948761,0.3162667155265808,0.44610127806663513,0.4388256371021271
360,medium,0.0269,sweep,translation,0.0,0.0,,0.5,124,125,4.76837158203125e-07,1.3113021850585938e-06,7.914807156339521e-07,3.8569567095692037e-08,7.914807156339521e-07,,,,
360,medium,0.0269,sweep,translation,1.0,1.0,,0.5,124,125,0.0579683780670166,0.2612032890319824,0.181894451379776,0.1708248406648636,0.19721761345863342,,,,
360,medium,0.0269,sweep,translation,2.0,2.0,,0.5,124,125,0.05118381977081299,0.31171953678131104,0.2646200358867645,0.22168458998203278,0.2866635024547577,,,,
360,medium,0.0269,sweep,translation,4.0,4.0,,0.5,124,125,0.05280768871307373,0.2917998433113098,0.2766261696815491,0.3059243857860565,0.3165613114833832,,,,
360,medium,0.0269,sweep,translation,6.0,6.0,,0.5,124,125,0.07439732551574707,0.40508824586868286,0.2877742350101471,0.33372241258621216,0.34154510498046875,,,,
360,medium,0.0269,sweep,translation,8.0,8.0,,0.5,124,125,0.061221957206726074,0.35322391986846924,0.3218139111995697,0.3696504831314087,0.3703501522541046,,,,
360,medium,0.0269,ensemble,translation,,2.0,2.0,0.5,124,125,,,,,,0.04776757210493088,0.19606314599514008,0.275971382856369,0.27654239535331726
360,medium,0.0269,ensemble,translation,,4.0,4.0,0.5,124,125,,,,,,0.05657237768173218,0.26086679100990295,0.41254177689552307,0.412460595369339
360,medium,0.0269,ensemble,translation,,6.0,6.0,0.5,124,125,,,,,,0.06370239704847336,0.3090776205062866,0.5015670657157898,0.5182256698608398
360,medium,0.0269,sweep,scaling,0.8,0.2231435513142097,,0.5,124,125,0.06424462795257568,0.3693211078643799,0.31616243720054626,0.2491433471441269,0.3729422092437744,,,,
360,medium,0.0269,sweep,scaling,0.9,0.10536051565782628,,0.5,124,125,0.06041300296783447,0.305968701839447,0.29834580421447754,0.22131036221981049,0.3228825330734253,,,,
360,medium,0.0269,sweep,scaling,1.0,0.0,,0.5,124,125,4.76837158203125e-07,1.3113021850585938e-06,7.914807156339521e-07,3.8569567095692037e-08,7.914807156339521e-07,,,,
360,medium,0.0269,sweep,scaling,1.1,0.09531017980432493,,0.5,124,125,0.05686235427856445,0.3257603049278259,0.28361475467681885,0.23501265048980713,0.32735511660575867,,,,
360,medium,0.0269,sweep,scaling,1.25,0.22314355131420976,,0.5,124,125,0.07092416286468506,0.3407565951347351,0.30727681517601013,0.3143457770347595,0.37755852937698364,,,,
360,medium,0.0269,sweep,scaling,1.5,0.4054651081081644,,0.5,124,125,0.07489311695098877,0.4895460605621338,0.446543425321579,0.43863990902900696,0.49543631076812744,,,,
360,medium,0.0269,ensemble,scaling,,0.1,0.1,0.5,124,125,,,,,,0.040247730910778046,0.13573530316352844,0.13428843021392822,0.112848661839962
360,medium,0.0269,ensemble,scaling,,0.2,0.2,0.5,124,125,,,,,,0.057486653327941895,0.15128427743911743,0.1658138632774353,0.14978432655334473
360,medium,0.0269,ensemble,scaling,,0.3,0.3,0.5,124,125,,,,,,0.04467353969812393,0.17477722465991974,0.22628717124462128,0.213893324136734
360,medium,0.0269,sweep,flip,0.0,0.0,,0.5,124,125,3.5762786865234375e-07,1.6093254089355469e-06,8.347891480298131e-07,7.18679515898657e-08,8.347891480298131e-07,,,,
360,medium,0.0269,sweep,flip,1.0,1.0,,0.5,124,125,0.054254889488220215,0.3051774501800537,0.3777870535850525,0.4054234027862549,0.363233745098114,,,,
360,medium,0.0269,sweep,shear,0.0,0.0,,0.5,124,125,5.960464477539062e-07,1.430511474609375e-06,1.0109393997481675e-06,7.208549135384601e-08,1.0109393997481675e-06,,,,
360,medium,0.0269,sweep,shear,0.05,0.05,,0.5,124,125,0.049764394760131836,0.29414647817611694,0.23354147374629974,0.16440892219543457,0.24133874475955963,,,,
360,medium,0.0269,sweep,shear,0.1,0.1,,0.5,124,125,0.039440155029296875,0.2347400188446045,0.2301131784915924,0.16356314718723297,0.24229779839515686,,,,
360,medium,0.0269,sweep,shear,0.2,0.2,,0.5,124,125,0.05929827690124512,0.23351740837097168,0.25089946389198303,0.18779456615447998,0.2770788371562958,,,,
360,medium,0.0269,sweep,shear,0.3,0.3,,0.5,124,125,0.040273427963256836,0.19478625059127808,0.24044468998908997,0.1558886170387268,0.2825790345668793,,,,
360,medium,0.0269,ensemble,shear,,0.1,0.1,0.5,124,125,,,,,,0.03442595154047012,0.17546112835407257,0.09660656750202179,0.08025603741407394
360,medium,0.0269,ensemble,shear,,0.2,0.2,0.5,124,125,,,,,,0.04472661390900612,0.20698019862174988,0.1205396056175232,0.11014479398727417
360,medium,0.0269,ensemble,shear,,0.3,0.3,0.5,124,125,,,,,,0.040942270308732986,0.1988108605146408,0.1303899884223938,0.12917134165763855
360,medium,0.0269,sweep,rotation,0.0,0.0,,0.7,75,174,4.172325134277344e-06,1.3709068298339844e-06,1.976047315110918e-06,6.939141883322009e-08,1.976047315110918e-06,,,,
360,medium,0.0269,sweep,rotation,5.0,5.0,,0.7,75,174,0.10405367612838745,0.1975562572479248,0.41978663206100464,0.36670878529548645,0.411941260099411,,,,
360,medium,0.0269,sweep,rotation,10.0,10.0,,0.7,75,174,0.1025094985961914,0.1577075719833374,0.4897311329841614,0.43102559447288513,0.4412943720817566,,,,
360,medium,0.0269,sweep,rotation,20.0,20.0,,0.7,75,174,0.1170458197593689,0.283505916595459,0.6143482327461243,0.5630527138710022,0.5212283730506897,,,,
360,medium,0.0269,sweep,rotation,30.0,30.0,,0.7,75,174,0.1419614553451538,0.623031497001648,0.6877971887588501,0.6615322828292847,0.5932615399360657,,,,
360,medium,0.0269,sweep,rotation,45.0,45.0,,0.7,75,174,0.20753461122512817,0.6200476884841919,0.761162519454956,0.6462218761444092,0.6407450437545776,,,,
360,medium,0.0269,ensemble,rotation,,10.0,10.0,0.7,75,174,,,,,,0.0843707025051117,0.203766331076622,0.28167468309402466,0.27835413813591003
360,medium,0.0269,ensemble,rotation,,20.0,20.0,0.7,75,174,,,,,,0.08112749457359314,0.23409056663513184,0.3987308442592621,0.4011698067188263
360,medium,0.0269,ensemble,rotation,,30.0,30.0,0.7,75,174,,,,,,0.10186471790075302,0.3217933773994446,0.48246949911117554,0.46786418557167053
360,medium,0.0269,sweep,translation,0.0,0.0,,0.7,75,174,4.172325134277344e-06,1.3709068298339844e-06,1.976047315110918e-06,6.939141883322009e-08,1.976047315110918e-06,,,,
360,medium,0.0269,sweep,translation,1.0,1.0,,0.7,75,174,0.05665624141693115,0.15662598609924316,0.205577090382576,0.3231372535228729,0.20222152769565582,,,,
360,medium,0.0269,sweep,translation,2.0,2.0,,0.7,75,174,0.07186329364776611,0.17124933004379272,0.27763205766677856,0.353498250246048,0.2559466063976288,,,,
360,medium,0.0269,sweep,translation,4.0,4.0,,0.7,75,174,0.09549111127853394,0.21098321676254272,0.35639768838882446,0.4918069541454315,0.2975584864616394,,,,
360,medium,0.0269,sweep,translation,6.0,6.0,,0.7,75,174,0.08751940727233887,0.1371963620185852,0.3815568685531616,0.5205682516098022,0.29809123277664185,,,,
360,medium,0.0269,sweep,translation,8.0,8.0,,0.7,75,174,0.08428353071212769,0.20020365715026855,0.4281940758228302,0.5408470630645752,0.3215670883655548,,,,
360,medium,0.0269,ensemble,translation,,2.0,2.0,0.7,75,174,,,,,,0.10379248112440109,0.22144553065299988,0.35892924666404724,0.3841174244880676
360,medium,0.0269,ensemble,translation,,4.0,4.0,0.7,75,174,,,,,,0.10360953211784363,0.2584439218044281,0.45390307903289795,0.4902021884918213
360,medium,0.0269,ensemble,translation,,6.0,6.0,0.7,75,174,,,,,,0.09445060044527054,0.22117817401885986,0.5337483882904053,0.5715950131416321
360,medium,0.0269,sweep,scaling,0.8,0.2231435513142097,,0.7,75,174,0.09881478548049927,0.27024829387664795,0.4508153200149536,0.40116623044013977,0.4389471709728241,,,,
360,medium,0.0269,sweep,scaling,0.9,0.10536051565782628,,0.7,75,174,0.10582911968231201,0.16068392992019653,0.4139336347579956,0.3510839343070984,0.4148099422454834,,,,
360,medium,0.0269,sweep,scaling,1.0,0.0,,0.7,75,174,4.172325134277344e-06,1.3709068298339844e-06,1.976047315110918e-06,6.939141883322009e-08,1.976047315110918e-06,,,,
360,medium,0.0269,sweep,scaling,1.1,0.09531017980432493,,0.7,75,174,0.09062141180038452,0.26014113426208496,0.4136435389518738,0.3752954602241516,0.4136503338813782,,,,
360,medium,0.0269,sweep,scaling,1.25,0.22314355131420976,,0.7,75,174,0.11188352108001709,0.274214506149292,0.4931427836418152,0.4556386470794678,0.477899432182312,,,,
360,medium,0.0269,sweep,scaling,1.5,0.4054651081081644,,0.7,75,174,0.1070328950881958,0.3344639539718628,0.6122408509254456,0.5662091970443726,0.544185996055603,,,,
360,medium,0.0269,ensemble,scaling,,0.1,0.1,0.7,75,174,,,,,,0.07905732840299606,0.19705896079540253,0.21753187477588654,0.21115857362747192
360,medium,0.0269,ensemble,scaling,,0.2,0.2,0.7,75,174,,,,,,0.07577573508024216,0.1805078089237213,0.2638285160064697,0.278544157743454
360,medium,0.0269,ensemble,scaling,,0.3,0.3,0.7,75,174,,,,,,0.10140591114759445,0.21559086441993713,0.30658942461013794,0.3331874907016754
360,medium,0.0269,sweep,flip,0.0,0.0,,0.7,75,174,1.430511474609375e-06,1.1920928955078125e-06,1.1114184417237993e-06,3.327008002429466e-08,1.1114184417237993e-06,,,,
360,medium,0.0269,sweep,flip,1.0,1.0,,0.7,75,174,0.11555975675582886,0.3328981399536133,0.4835853576660156,0.602573037147522,0.30985790491104126,,,,
360,medium,0.0269,sweep,shear,0.0,0.0,,0.7,75,174,3.159046173095703e-06,1.0728836059570312e-06,1.173892769656959e-06,3.609742549315342e-08,1.173892769656959e-06,,,,
360,medium,0.0269,sweep,shear,0.05,0.05,,0.7,75,174,0.10608559846878052,0.06154000759124756,0.2772718071937561,0.11747271567583084,0.2959209382534027,,,,
360,medium,0.0269,sweep,shear,0.1,0.1,,0.7,75,174,0.09475582838058472,0.11072570085525513,0.29379406571388245,0.20027460157871246,0.3072943687438965,,,,
360,medium,0.0269,sweep,shear,0.2,0.2,,0.7,75,174,0.11156004667282104,0.09635889530181885,0.3490378260612488,0.2810087502002716,0.34519025683403015,,,,
360,medium,0.0269,sweep,shear,0.3,0.3,,0.7,75,174,0.10928821563720703,0.2486637830734253,0.3468587398529053,0.3111734390258789,0.34105029702186584,,,,
360,medium,0.0269,ensemble,shear,,0.1,0.1,0.7,75,174,,,,,,0.05052689462900162,0.03638622909784317,0.11461653560400009,0.08308585733175278
360,medium,0.0269,ensemble,shear,,0.2,0.2,0.7,75,174,,,,,,0.05821283161640167,0.06845065206289291,0.16718704998493195,0.1519095003604889
360,medium,0.0269,ensemble,shear,,0.3,0.3,0.7,75,174,,,,,,0.06952498853206635,0.12451536953449249,0.20219022035598755,0.19744986295700073
974,medium,0.0263,sweep,rotation,0.0,0.0,,0.3,174,75,8.344650268554688e-07,4.76837158203125e-07,6.218785983946873e-07,6.194102297740756e-08,6.218785983946873e-07,,,,
974,medium,0.0263,sweep,rotation,5.0,5.0,,0.3,174,75,0.01911407709121704,0.016226768493652344,0.06607908755540848,0.0600215382874012,0.14813506603240967,,,,
974,medium,0.0263,sweep,rotation,10.0,10.0,,0.3,174,75,0.02954733371734619,0.03253132104873657,0.295375257730484,0.3635198473930359,0.38975581526756287,,,,
974,medium,0.0263,sweep,rotation,20.0,20.0,,0.3,174,75,0.07442975044250488,0.07830959558486938,0.43753984570503235,0.8172975778579712,0.5923159718513489,,,,
974,medium,0.0263,sweep,rotation,30.0,30.0,,0.3,174,75,0.05862283706665039,0.055536508560180664,0.4390491843223572,0.7220060229301453,0.629683256149292,,,,
974,medium,0.0263,sweep,rotation,45.0,45.0,,0.3,174,75,0.04943406581878662,0.07929778099060059,0.42746078968048096,0.7178820371627808,0.6322265863418579,,,,
974,medium,0.0263,ensemble,rotation,,10.0,10.0,0.3,174,75,,,,,,0.030582506209611893,0.03353504836559296,0.16890248656272888,0.23249229788780212
974,medium,0.0263,ensemble,rotation,,20.0,20.0,0.3,174,75,,,,,,0.060879699885845184,0.07381027191877365,0.30319303274154663,0.4622260630130768
974,medium,0.0263,ensemble,rotation,,30.0,30.0,0.3,174,75,,,,,,0.051473576575517654,0.053346626460552216,0.32418906688690186,0.5076754093170166
974,medium,0.0263,sweep,translation,0.0,0.0,,0.3,174,75,8.344650268554688e-07,4.76837158203125e-07,6.218785983946873e-07,6.194102297740756e-08,6.218785983946873e-07,,,,
974,medium,0.0263,sweep,translation,1.0,1.0,,0.3,174,75,0.018409907817840576,0.020042836666107178,0.13784843683242798,0.15475761890411377,0.172783762216568,,,,
974,medium,0.0263,sweep,translation,2.0,2.0,,0.3,174,75,0.026422739028930664,0.02428436279296875,0.0913967415690422,0.11098721623420715,0.2320789098739624,,,,
974,medium,0.0263,sweep,translation,4.0,4.0,,0.3,174,75,0.08548861742019653,0.057348012924194336,0.3018282949924469,0.4381597638130188,0.43561309576034546,,,,
974,medium,0.0263,sweep,translation,6.0,6.0,,0.3,174,75,0.08358967304229736,0.07015490531921387,0.46118611097335815,0.8061765432357788,0.5829582214355469,,,,
974,medium,0.0263,sweep,translation,8.0,8.0,,0.3,174,75,0.076413094997406,0.07459604740142822,0.4198036789894104,0.7996338605880737,0.5836912989616394,,,,
974,medium,0.0263,ensemble,translation,,2.0,2.0,0.3,174,75,,,,,,0.06573983281850815,0.07394402474164963,0.308639258146286,0.3909113109111786
974,medium,0.0263,ensemble,translation,,4.0,4.0,0.3,174,75,,,,,,0.08766335994005203,0.10324590653181076,0.4102267920970917,0.7676580548286438
974,medium,0.0263,ensemble,translation,,6.0,6.0,0.3,174,75,,,,,,0.09605775028467178,0.12148912250995636,0.4465385675430298,0.8183833360671997
974,medium,0.0263,sweep,scaling,0.8,0.2231435513142097,,0.3,174,75,0.08973252773284912,0.09694308042526245,0.400407999753952,0.5493083000183105,0.4989924430847168,,,,
974,medium,0.0263,sweep,scaling,0.9,0.10536051565782628,,0.3,174,75,0.01778775453567505,0.020294904708862305,0.06625378131866455,0.05466722697019577,0.16260084509849548,,,,
974,medium,0.0263,sweep,scaling,1.0,0.0,,0.3,174,75,8.344650268554688e-07,4.76837158203125e-07,6.218785983946873e-07,6.194102297740756e-08,6.218785983946873e-07,,,,
974,medium,0.0263,sweep,scaling,1.1,0.09531017980432493,,0.3,174,75,0.04892003536224365,0.05890578031539917,0.29311421513557434,0.3443742096424103,0.28095829486846924,,,,
974,medium,0.0263,sweep,scaling,1.25,0.22314355131420976,,0.3,174,75,0.019211411476135254,0.02488011121749878,0.16562005877494812,0.14950284361839294,0.2998967468738556,,,,
974,medium,0.0263,sweep,scaling,1.5,0.4054651081081644,,0.3,174,75,0.05885505676269531,0.08078724145889282,0.5508679747581482,0.8187634944915771,0.6194469928741455,,,,
974,medium,0.0263,ensemble,scaling,,0.1,0.1,0.3,174,75,,,,,,0.038709606975317,0.04368880018591881,0.17762590944766998,0.1884942203760147
974,medium,0.0263,ensemble,scaling,,0.2,0.2,0.3,174,75,,,,,,0.05352598801255226,0.06289824098348618,0.2707552909851074,0.3607131540775299
974,medium,0.0263,ensemble,scaling,,0.3,0.3,0.3,174,75,,,,,,0.06171067804098129,0.09559585899114609,0.3358331620693207,0.4481629729270935
974,medium,0.0263,sweep,flip,0.0,0.0,,0.3,174,75,2.384185791015625e-07,4.172325134277344e-07,6.204335250004078e-07,8.076195001649467e-08,6.204335250004078e-07,,,,
974,medium,0.0263,sweep,flip,1.0,1.0,,0.3,174,75,0.13295602798461914,0.11648905277252197,0.65376216173172,1.1625936031341553,0.6137746572494507,,,,
974,medium,0.0263,sweep,shear,0.0,0.0,,0.3,174,75,1.0728836059570312e-06,4.76837158203125e-07,5.969698690933001e-07,4.784310192462726e-08,5.969698690933001e-07,,,,
974,medium,0.0263,sweep,shear,0.05,0.05,,0.3,174,75,0.0024416446685791016,0.009861528873443604,0.015964513644576073,0.028099969029426575,0.03748517483472824,,,,
974,medium,0.0263,sweep,shear,0.1,0.1,,0.3,174,75,0.013158738613128662,0.014303207397460938,0.06603509932756424,0.10535702109336853,0.10812976211309433,,,,
974,medium,0.0263,sweep,shear,0.2,0.2,,0.3,174,75,0.04462921619415283,0.08920347690582275,0.38134199380874634,0.4499747157096863,0.4234533905982971,,,,
974,medium,0.0263,sweep,shear,0.3,0.3,,0.3,174,75,0.07190322875976562,0.11375612020492554,0.4273742735385895,0.5758829116821289,0.500252366065979,,,,
974,medium,0.0263,ensemble,shear,,0.1,0.1,0.3,174,75,,,,,,0.011848038993775845,0.009197991341352463,0.02879350073635578,0.03699242323637009
974,medium,0.0263,ensemble,shear,,0.2,0.2,0.3,174,75,,,,,,0.024132411926984787,0.03163191303610802,0.12810564041137695,0.1439116895198822
974,medium,0.0263,ensemble,shear,,0.3,0.3,0.3,174,75,,,,,,0.02923605591058731,0.04576852545142174,0.15866801142692566,0.1939590722322464
974,medium,0.0263,sweep,rotation,0.0,0.0,,0.5,124,125,7.152557373046875e-07,4.76837158203125e-07,8.095245789263572e-07,6.266834873258631e-08,8.095245789263572e-07,,,,
974,medium,0.0263,sweep,rotation,5.0,5.0,,0.5,124,125,0.0666164755821228,0.04641139507293701,0.20583376288414001,0.1889389455318451,0.22307449579238892,,,,
974,medium,0.0263,sweep,rotation,10.0,10.0,,0.5,124,125,0.051987409591674805,0.07186055183410645,0.20803409814834595,0.21676865220069885,0.25121983885765076,,,,
974,medium,0.0263,sweep,rotation,20.0,20.0,,0.5,124,125,0.06497406959533691,0.04511260986328125,0.2886465787887573,0.3277745246887207,0.3549875020980835,,,,
974,medium,0.0263,sweep,rotation,30.0,30.0,,0.5,124,125,0.08722078800201416,0.03661906719207764,0.35226890444755554,0.4164022207260132,0.42317867279052734,,,,
974,medium,0.0263,sweep,rotation,45.0,45.0,,0.5,124,125,0.13417291641235352,0.11056029796600342,0.48293498158454895,0.6449396014213562,0.5359976887702942,,,,
974,medium,0.0263,ensemble,rotation,,10.0,10.0,0.5,124,125,,,,,,0.0637785941362381,0.08045760542154312,0.22623543441295624,0.20613820850849152
974,medium,0.0263,ensemble,rotation,,20.0,20.0,0.5,124,125,,,,,,0.07947230339050293,0.09053843468427658,0.29891860485076904,0.28635892271995544
974,medium,0.0263,ensemble,rotation,,30.0,30.0,0.5,124,125,,,,,,0.08172161877155304,0.11516200006008148,0.33164405822753906,0.3446251451969147
974,medium,0.0263,sweep,translation,0.0,0.0,,0.5,124,125,7.152557373046875e-07,4.76837158203125e-07,8.095245789263572e-07,6.266834873258631e-08,8.095245789263572e-07,,,,
974,medium,0.0263,sweep,translation,1.0,1.0,,0.5,124,125,0.04073989391326904,0.02230358123779297,0.1251489669084549,0.13958364725112915,0.14404919743537903,,,,
974,medium,0.0263,sweep,translation,2.0,2.0,,0.5,124,125,0.050337791442871094,0.027525722980499268,0.16666735708713531,0.2263590395450592,0.23304112255573273,,,,
974,medium,0.0263,sweep,translation,4.0,4.0,,0.5,124,125,0.05690193176269531,0.04946368932723999,0.28289467096328735,0.4068435728549957,0.3301559090614319,,,,
974,medium,0.0263,sweep,translation,6.0,6.0,,0.5,124,125,0.1449573040008545,0.12146162986755371,0.4578956663608551,0.6187901496887207,0.46525710821151733,,,,
974,medium,0.0263,sweep,translation,8.0,8.0,,0.5,124,125,0.18219983577728271,0.1286783218383789,0.557712197303772,0.8514294624328613,0.48348748683929443,,,,
974,medium,0.0263,ensemble,translation,,2.0,2.0,0.5,124,125,,,,,,0.06877947598695755,0.05260185897350311,0.23051020503044128,0.22766713798046112
974,medium,0.0263,ensemble,translation,,4.0,4.0,0.5,124,125,,,,,,0.09453993290662766,0.10969860851764679,0.3281678557395935,0.3880864083766937
974,medium,0.0263,ensemble,translation,,6.0,6.0,0.5,124,125,,,,,,0.08922015130519867,0.1002337634563446,0.40911170840263367,0.5618274807929993
974,medium,0.0263,sweep,scaling,0.8,0.2231435513142097,,0.5,124,125,0.11764097213745117,0.08744680881500244,0.2738589942455292,0.27580463886260986,0.32924753427505493,,,,
974,medium,0.0263,sweep,scaling,0.9,0.10536051565782628,,0.5,124,125,0.07400321960449219,0.030033469200134277,0.21298211812973022,0.18719825148582458,0.24553069472312927,,,,
974,medium,0.0263,sweep,scaling,1.0,0.0,,0.5,124,125,7.152557373046875e-07,4.76837158203125e-07,8.095245789263572e-07,6.266834873258631e-08,8.095245789263572e-07,,,,
974,medium,0.0263,sweep,scaling,1.1,0.09531017980432493,,0.5,124,125,0.027357876300811768,0.031013131141662598,0.16111651062965393,0.14995259046554565,0.1756919026374817,,,,
974,medium,0.0263,sweep,scaling,1.25,0.22314355131420976,,0.5,124,125,0.09679281711578369,0.14685696363449097,0.29698920249938965,0.3012924790382385,0.3297176659107208,,,,
974,medium,0.0263,sweep,scaling,1.5,0.4054651081081644,,0.5,124,125,0.12169551849365234,0.11461323499679565,0.4276857376098633,0.4426320493221283,0.41881150007247925,,,,
974,medium,0.0263,ensemble,scaling,,0.1,0.1,0.5,124,125,,,,,,0.04111675173044205,0.03964271768927574,0.16503992676734924,0.13465280830860138
974,medium,0.0263,ensemble,scaling,,0.2,0.2,0.5,124,125,,,,,,0.06008828803896904,0.06281141936779022,0.2082316279411316,0.20956188440322876
974,medium,0.0263,ensemble,scaling,,0.3,0.3,0.5,124,125,,,,,,0.06635221093893051,0.07885335385799408,0.2519339323043823,0.26190516352653503
974,medium,0.0263,sweep,flip,0.0,0.0,,0.5,124,125,3.5762786865234375e-07,2.980232238769531e-07,8.35410730815056e-07,4.447144164032579e-08,8.35410730815056e-07,,,,
974,medium,0.0263,sweep,flip,1.0,1.0,,0.5,124,125,0.08783352375030518,0.11890608072280884,0.6214877367019653,0.9299054145812988,0.42128074169158936,,,,
974,medium,0.0263,sweep,shear,0.0,0.0,,0.5,124,125,1.3709068298339844e-06,2.384185791015625e-07,9.669640803622315e-07,6.121727125218968e-08,9.669640803622315e-07,,,,
974,medium,0.0263,sweep,shear,0.05,0.05,,0.5,124,125,0.02724015712738037,0.01736593246459961,0.08044397085905075,0.07455720007419586,0.09695965051651001,,,,
974,medium,0.0263,sweep,shear,0.1,0.1,,0.5,124,125,0.040550410747528076,0.017978549003601074,0.1010432317852974,0.11197909712791443,0.1340278536081314,,,,
974,medium,0.0263,sweep,shear,0.2,0.2,,0.5,124,125,0.019411683082580566,0.02531599998474121,0.153519868850708,0.17969918251037598,0.1944953054189682,,,,
974,medium,0.0263,sweep,shear,0.3,0.3,,0.5,124,125,0.07468265295028687,0.04189503192901611,0.20439761877059937,0.23151449859142303,0.2308265119791031,,,,
974,medium,0.0263,ensemble,shear,,0.1,0.1,0.5,124,125,,,,,,0.030313678085803986,0.03310665488243103,0.10959246009588242,0.10157126933336258
974,medium,0.0263,ensemble,shear,,0.2,0.2,0.5,124,125,,,,,,0.05222872644662857,0.03407280147075653,0.16514940559864044,0.16979052126407623
974,medium,0.0263,ensemble,shear,,0.3,0.3,0.5,124,125,,,,,,0.06482565402984619,0.044698428362607956,0.18867142498493195,0.20361067354679108
974,medium,0.0263,sweep,rotation,0.0,0.0,,0.7,75,174,7.152557373046875e-07,5.364418029785156e-07,7.317967174458317e-07,2.1224085600124454e-08,7.317967174458317e-07,,,,
974,medium,0.0263,sweep,rotation,5.0,5.0,,0.7,75,174,0.028090715408325195,0.028623521327972412,0.16446740925312042,0.251448392868042,0.1490921676158905,,,,
974,medium,0.0263,sweep,rotation,10.0,10.0,,0.7,75,174,0.04167985916137695,0.03874039649963379,0.2456415891647339,0.30357879400253296,0.20069584250450134,,,,
974,medium,0.0263,sweep,rotation,20.0,20.0,,0.7,75,174,0.06789529323577881,0.07515519857406616,0.35553282499313354,0.4531008005142212,0.22451411187648773,,,,
974,medium,0.0263,sweep,rotation,30.0,30.0,,0.7,75,174,0.07220065593719482,0.10178321599960327,0.4294568598270416,0.5488110780715942,0.274411678314209,,,,
974,medium,0.0263,sweep,rotation,45.0,45.0,,0.7,75,174,0.10902011394500732,0.11528187990188599,0.5314548015594482,0.7347601652145386,0.284553200006485,,,,
974,medium,0.0263,ensemble,rotation,,10.0,10.0,0.7,75,174,,,,,,0.04291606694459915,0.035041891038417816,0.1788933426141739,0.2175302654504776
974,medium,0.0263,ensemble,rotation,,20.0,20.0,0.7,75,174,,,,,,0.04771487042307854,0.0517687052488327,0.2712382972240448,0.3432675302028656
974,medium,0.0263,ensemble,rotation,,30.0,30.0,0.7,75,174,,,,,,0.05269397422671318,0.0667724758386612,0.3474791347980499,0.4363324046134949
974,medium,0.0263,sweep,translation,0.0,0.0,,0.7,75,174,7.152557373046875e-07,5.364418029785156e-07,7.317967174458317e-07,2.1224085600124454e-08,7.317967174458317e-07,,,,
974,medium,0.0263,sweep,translation,1.0,1.0,,0.7,75,174,0.032994866371154785,0.03676044940948486,0.13838742673397064,0.22763501107692719,0.13287128508090973,,,,
974,medium,0.0263,sweep,translation,2.0,2.0,,0.7,75,174,0.050611138343811035,0.06670361757278442,0.22728215157985687,0.2990741729736328,0.16167239844799042,,,,
974,medium,0.0263,sweep,translation,4.0,4.0,,0.7,75,174,0.0650477409362793,0.06938588619232178,0.3728214502334595,0.47510382533073425,0.23870395123958588,,,,
974,medium,0.0263,sweep,translation,6.0,6.0,,0.7,75,174,0.1252771019935608,0.10212069749832153,0.487709641456604,0.6891133189201355,0.309575617313385,,,,
974,medium,0.0263,sweep,translation,8.0,8.0,,0.7,75,174,0.12973535060882568,0.12863647937774658,0.5249369144439697,0.8585187196731567,0.35429278016090393,,,,
974,medium,0.0263,ensemble,translation,,2.0,2.0,0.7,75,174,,,,,,0.03929070383310318,0.04297066479921341,0.23312239348888397,0.28873029351234436
974,medium,0.0263,ensemble,translation,,4.0,4.0,0.7,75,174,,,,,,0.0550953671336174,0.057041630148887634,0.33568403124809265,0.4233344495296478
974,medium,0.0263,ensemble,translation,,6.0,6.0,0.7,75,174,,,,,,0.06230957433581352,0.08473101258277893,0.4208835959434509,0.5733622312545776
974,medium,0.0263,sweep,scaling,0.8,0.2231435513142097,,0.7,75,174,0.04671883583068848,0.053027570247650146,0.2406565248966217,0.3133642077445984,0.21907325088977814,,,,
974,medium,0.0263,sweep,scaling,0.9,0.10536051565782628,,0.7,75,174,0.043861329555511475,0.08239185810089111,0.18377289175987244,0.24590376019477844,0.1858353465795517,,,,
974,medium,0.0263,sweep,scaling,1.0,0.0,,0.7,75,174,7.152557373046875e-07,5.364418029785156e-07,7.317967174458317e-07,2.1224085600124454e-08,7.317967174458317e-07,,,,
974,medium,0.0263,sweep,scaling,1.1,0.09531017980432493,,0.7,75,174,0.06388914585113525,0.053349852561950684,0.2174140065908432,0.26128366589546204,0.1613028645515442,,,,
974,medium,0.0263,sweep,scaling,1.25,0.22314355131420976,,0.7,75,174,0.06305301189422607,0.046764492988586426,0.32965874671936035,0.354922890663147,0.20067350566387177,,,,
974,medium,0.0263,sweep,scaling,1.5,0.4054651081081644,,0.7,75,174,0.11285167932510376,0.11936336755752563,0.39346638321876526,0.4858010411262512,0.23795343935489655,,,,
974,medium,0.0263,ensemble,scaling,,0.1,0.1,0.7,75,174,,,,,,0.04424712434411049,0.04575739800930023,0.13082073628902435,0.15070050954818726
974,medium,0.0263,ensemble,scaling,,0.2,0.2,0.7,75,174,,,,,,0.05327588692307472,0.049460284411907196,0.19711236655712128,0.23770534992218018
974,medium,0.0263,ensemble,scaling,,0.3,0.3,0.7,75,174,,,,,,0.05720571428537369,0.053748972713947296,0.2426155060529709,0.292014479637146
974,medium,0.0263,sweep,flip,0.0,0.0,,0.7,75,174,3.5762786865234375e-07,6.556510925292969e-07,7.767466740915552e-07,1.8947060809182403e-08,7.767466740915552e-07,,,,
974,medium,0.0263,sweep,flip,1.0,1.0,,0.7,75,174,0.1061251163482666,0.07482779026031494,0.7029938697814941,1.0548959970474243,0.250007688999176,,,,
974,medium,0.0263,sweep,shear,0.0,0.0,,0.7,75,174,1.0728836059570312e-06,5.364418029785156e-07,7.568244200228946e-07,1.8899218190426836e-08,7.568244200228946e-07,,,,
974,medium,0.0263,sweep,shear,0.05,0.05,,0.7,75,174,0.017709314823150635,0.03673553466796875,0.059568725526332855,0.09760688245296478,0.06831151992082596,,,,
974,medium,0.0263,sweep,shear,0.1,0.1,,0.7,75,174,0.027470052242279053,0.03850144147872925,0.11239416152238846,0.17492806911468506,0.10068480670452118,,,,
974,medium,0.0263,sweep,shear,0.2,0.2,,0.7,75,174,0.04967588186264038,0.05588662624359131,0.2066780924797058,0.27276426553726196,0.16392642259597778,,,,
974,medium,0.0263,sweep,shear,0.3,0.3,,0.7,75,174,0.07016623020172119,0.07412660121917725,0.2743768095970154,0.3381839394569397,0.20717330276966095,,,,
974,medium,0.0263,ensemble,shear,,0.1,0.1,0.7,75,174,,,,,,0.019768455997109413,0.023215092718601227,0.06814313679933548,0.10701785981655121
974,medium,0.0263,ensemble,shear,,0.2,0.2,0.7,75,174,,,,,,0.040177300572395325,0.04147499054670334,0.14492693543434143,0.1966637223958969
974,medium,0.0263,ensemble,shear,,0.3,0.3,0.7,75,174,,,,,,0.06413128226995468,0.0637691542506218,0.19558601081371307,0.2508777379989624
41,medium,0.0257,sweep,rotation,0.0,0.0,,0.3,174,75,1.3589859008789062e-05,6.937980651855469e-05,0.0001011842759908177,9.36425567488186e-06,0.0001011842759908177,,,,
41,medium,0.0257,sweep,rotation,5.0,5.0,,0.3,174,75,0.07731986045837402,0.2889391779899597,0.2804628908634186,0.18353673815727234,0.34651029109954834,,,,
41,medium,0.0257,sweep,rotation,10.0,10.0,,0.3,174,75,0.06649750471115112,0.11562919616699219,0.2543501853942871,0.16887828707695007,0.3925777077674866,,,,
41,medium,0.0257,sweep,rotation,20.0,20.0,,0.3,174,75,0.05178636312484741,0.13620758056640625,0.280926376581192,0.15894924104213715,0.503837525844574,,,,
41,medium,0.0257,sweep,rotation,30.0,30.0,,0.3,174,75,0.061415791511535645,0.10799062252044678,0.24449804425239563,0.16072748601436615,0.5036939978599548,,,,
41,medium,0.0257,sweep,rotation,45.0,45.0,,0.3,174,75,0.05486255884170532,0.10744547843933105,0.26234686374664307,0.2115732729434967,0.5104041695594788,,,,
41,medium,0.0257,ensemble,rotation,,10.0,10.0,0.3,174,75,,,,,,0.05005835369229317,0.15933576226234436,0.22822284698486328,0.14410586655139923
41,medium,0.0257,ensemble,rotation,,20.0,20.0,0.3,174,75,,,,,,0.07350066304206848,0.20441342890262604,0.32804346084594727,0.2116938978433609
41,medium,0.0257,ensemble,rotation,,30.0,30.0,0.3,174,75,,,,,,0.07842898368835449,0.20050257444381714,0.3146514594554901,0.21613994240760803
41,medium,0.0257,sweep,translation,0.0,0.0,,0.3,174,75,1.3589859008789062e-05,6.937980651855469e-05,0.0001011842759908177,9.36425567488186e-06,0.0001011842759908177,,,,
41,medium,0.0257,sweep,translation,1.0,1.0,,0.3,174,75,0.07207322120666504,0.18698656558990479,0.31071731448173523,0.2381109595298767,0.33665144443511963,,,,
41,medium,0.0257,sweep,translation,2.0,2.0,,0.3,174,75,0.06277120113372803,0.08150166273117065,0.22258256375789642,0.15857155621051788,0.30854806303977966,,,,
41,medium,0.0257,sweep,translation,4.0,4.0,,0.3,174,75,0.11468249559402466,0.20524561405181885,0.34461358189582825,0.20990654826164246,0.42966228723526,,,,
41,medium,0.0257,sweep,translation,6.0,6.0,,0.3,174,75,0.0886240005493164,0.2555094361305237,0.40118086338043213,0.2962874174118042,0.49836188554763794,,,,
41,medium,0.0257,sweep,translation,8.0,8.0,,0.3,174,75,0.04903125762939453,0.3604275584220886,0.33620157837867737,0.2209138572216034,0.4849953353404999,,,,
41,medium,0.0257,ensemble,translation,,2.0,2.0,0.3,174,75,,,,,,0.08994444459676743,0.21834102272987366,0.3075510263442993,0.19995349645614624
41,medium,0.0257,ensemble,translation,,4.0,4.0,0.3,174,75,,,,,,0.05941227078437805,0.25765761733055115,0.32220807671546936,0.24544158577919006
41,medium,0.0257,ensemble,translation,,6.0,6.0,0.3,174,75,,,,,,0.08048473298549652,0.2160687893629074,0.3951245844364166,0.318514883518219
41,medium,0.0257,sweep,scaling,0.8,0.2231435513142097,,0.3,174,75,0.05954420566558838,0.09337246417999268,0.23679876327514648,0.14085426926612854,0.3660559058189392,,,,
41,medium,0.0257,sweep,scaling,0.9,0.10536051565782628,,0.3,174,75,0.06250739097595215,0.14272284507751465,0.2755146622657776,0.1612207293510437,0.3316569924354553,,,,
41,medium,0.0257,sweep,scaling,1.0,0.0,,0.3,174,75,1.3589859008789062e-05,6.937980651855469e-05,0.0001011842759908177,9.36425567488186e-06,0.0001011842759908177,,,,
41,medium,0.0257,sweep,scaling,1.1,0.09531017980432493,,0.3,174,75,0.06480729579925537,0.2845155596733093,0.31923994421958923,0.19570162892341614,0.32329002022743225,,,,
41,medium,0.0257,sweep,scaling,1.25,0.22314355131420976,,0.3,174,75,0.04873824119567871,0.2247987985610962,0.2903212010860443,0.17637674510478973,0.3935054838657379,,,,
41,medium,0.0257,sweep,scaling,1.5,0.4054651081081644,,0.3,174,75,0.050638556480407715,0.12586712837219238,0.28377607464790344,0.16838979721069336,0.4672515094280243,,,,
41,medium,0.0257,ensemble,scaling,,0.1,0.1,0.3,174,75,,,,,,0.04083333909511566,0.15504489839076996,0.1770516037940979,0.10389861464500427
41,medium,0.0257,ensemble,scaling,,0.2,0.2,0.3,174,75,,,,,,0.057135216891765594,0.18479441106319427,0.2532285451889038,0.16756942868232727
41,medium,0.0257,ensemble,scaling,,0.3,0.3,0.3,174,75,,,,,,0.06911645084619522,0.2098768651485443,0.308158278465271,0.20010969042778015
41,medium,0.0257,sweep,flip,0.0,0.0,,0.3,174,75,2.682209014892578e-05,0.00013649463653564453,0.00017340335762128234,1.6468007743242197e-05,0.00017340335762128234,,,,
41,medium,0.0257,sweep,flip,1.0,1.0,,0.3,174,75,0.07787013053894043,0.1937849521636963,0.32047975063323975,0.2348899096250534,0.4808919429779053,,,,
41,medium,0.0257,sweep,shear,0.0,0.0,,0.3,174,75,9.179115295410156e-06,3.7550926208496094e-05,4.931814328301698e-05,4.751434062200133e-06,4.931814328301698e-05,,,,
41,medium,0.0257,sweep,shear,0.05,0.05,,0.3,174,75,0.028268158435821533,0.07015490531921387,0.11500822007656097,0.06493259966373444,0.15443335473537445,,,,
41,medium,0.0257,sweep,shear,0.1,0.1,,0.3,174,75,0.05381464958190918,0.07614552974700928,0.17790032923221588,0.0851721242070198,0.21908016502857208,,,,
41,medium,0.0257,sweep,shear,0.2,0.2,,0.3,174,75,0.04498732089996338,0.06094658374786377,0.12912607192993164,0.07096286118030548,0.23331569135189056,,,,
41,medium,0.0257,sweep,shear,0.3,0.3,,0.3,174,75,0.03843808174133301,0.06435489654541016,0.13818544149398804,0.08656780421733856,0.27546805143356323,,,,
41,medium,0.0257,ensemble,shear,,0.1,0.1,0.3,174,75,,,,,,0.025195293128490448,0.019869094714522362,0.06284487247467041,0.02604910358786583
41,medium,0.0257,ensemble,shear,,0.2,0.2,0.3,174,75,,,,,,0.029602980241179466,0.03484052047133446,0.09588354080915451,0.046864453703165054
41,medium,0.0257,ensemble,shear,,0.3,0.3,0.3,174,75,,,,,,0.04509366676211357,0.063372902572155,0.15026354789733887,0.08359222859144211
41,medium,0.0257,sweep,rotation,0.0,0.0,,0.5,124,125,2.980232238769531e-07,2.2649765014648438e-06,1.2992570646019885e-06,1.1935564714349312e-07,1.2992570646019885e-06,,,,
41,medium,0.0257,sweep,rotation,5.0,5.0,,0.5,124,125,0.15393602848052979,0.22243833541870117,0.38666069507598877,0.20331354439258575,0.42946314811706543,,,,
41,medium,0.0257,sweep,rotation,10.0,10.0,,0.5,124,125,0.09246706962585449,0.32534849643707275,0.4033362567424774,0.26688992977142334,0.43337875604629517,,,,
41,medium,0.0257,sweep,rotation,20.0,20.0,,0.5,124,125,0.10031485557556152,0.4312635064125061,0.6181745529174805,0.38750630617141724,0.6568158268928528,,,,
41,medium,0.0257,sweep,rotation,30.0,30.0,,0.5,124,125,0.10622626543045044,0.22245842218399048,0.5191019773483276,0.33754563331604004,0.5875134468078613,,,,
41,medium,0.0257,sweep,rotation,45.0,45.0,,0.5,124,125,0.10602819919586182,0.2711319923400879,0.6374545097351074,0.32700201869010925,0.7306987047195435,,,,
41,medium,0.0257,ensemble,rotation,,10.0,10.0,0.5,124,125,,,,,,0.1016719788312912,0.22814063727855682,0.3637271523475647,0.20326457917690277
41,medium,0.0257,ensemble,rotation,,20.0,20.0,0.5,124,125,,,,,,0.09257958084344864,0.24115730822086334,0.4196558892726898,0.24434605240821838
41,medium,0.0257,ensemble,rotation,,30.0,30.0,0.5,124,125,,,,,,0.08874113112688065,0.2560445964336395,0.45462071895599365,0.2786729335784912
41,medium,0.0257,sweep,translation,0.0,0.0,,0.5,124,125,2.980232238769531e-07,2.2649765014648438e-06,1.2992570646019885e-06,1.1935564714349312e-07,1.2992570646019885e-06,,,,
41,medium,0.0257,sweep,translation,1.0,1.0,,0.5,124,125,0.05932360887527466,0.12288844585418701,0.2643664479255676,0.21385842561721802,0.2818182110786438,,,,
41,medium,0.0257,sweep,translation,2.0,2.0,,0.5,124,125,0.060412466526031494,0.16805702447891235,0.3090527653694153,0.30134668946266174,0.3414815366268158,,,,
41,medium,0.0257,sweep,translation,4.0,4.0,,0.5,124,125,0.05891638994216919,0.1944422721862793,0.3272733688354492,0.28981316089630127,0.39587417244911194,,,,
41,medium,0.0257,sweep,translation,6.0,6.0,,0.5,124,125,0.07467293739318848,0.21206051111221313,0.34821781516075134,0.3401116728782654,0.39724913239479065,,,,
41,medium,0.0257,sweep,translation,8.0,8.0,,0.5,124,125,0.04712259769439697,0.2311856746673584,0.3689163625240326,0.35739630460739136,0.41832685470581055,,,,
41,medium,0.0257,ensemble,translation,,2.0,2.0,0.5,124,125,,,,,,0.08266054093837738,0.2604830265045166,0.4175470471382141,0.22959649562835693
41,medium,0.0257,ensemble,translation,,4.0,4.0,0.5,124,125,,,,,,0.09303663671016693,0.2477547526359558,0.46314215660095215,0.26539987325668335
41,medium,0.0257,ensemble,translation,,6.0,6.0,0.5,124,125,,,,,,0.07872722297906876,0.24968546628952026,0.49169623851776123,0.3031850755214691
41,medium,0.0257,sweep,scaling,0.8,0.2231435513142097,,0.5,124,125,0.06695908308029175,0.14620643854141235,0.4246881604194641,0.2696971893310547,0.46759986877441406,,,,
41,medium,0.0257,sweep,scaling,0.9,0.10536051565782628,,0.5,124,125,0.08393329381942749,0.1821330189704895,0.5445536375045776,0.25138425827026367,0.5629911422729492,,,,
41,medium,0.0257,sweep,scaling,1.0,0.0,,0.5,124,125,2.980232238769531e-07,2.2649765014648438e-06,1.2992570646019885e-06,1.1935564714349312e-07,1.2992570646019885e-06,,,,
41,medium,0.0257,sweep,scaling,1.1,0.09531017980432493,,0.5,124,125,0.12547510862350464,0.39934808015823364,0.5309149026870728,0.22430774569511414,0.5680510401725769,,,,
41,medium,0.0257,sweep,scaling,1.25,0.22314355131420976,,0.5,124,125,0.11265099048614502,0.1879400610923767,0.4898216724395752,0.24021410942077637,0.5597363710403442,,,,
41,medium,0.0257,sweep,scaling,1.5,0.4054651081081644,,0.5,124,125,0.1504220962524414,0.3769005537033081,0.673342227935791,0.3001481890678406,0.8309676647186279,,,,
41,medium,0.0257,ensemble,scaling,,0.1,0.1,0.5,124,125,,,,,,0.04995821416378021,0.18385325372219086,0.2557070255279541,0.1316714584827423
41,medium,0.0257,ensemble,scaling,,0.2,0.2,0.5,124,125,,,,,,0.08093062043190002,0.21277958154678345,0.33389168977737427,0.1878121942281723
41,medium,0.0257,ensemble,scaling,,0.3,0.3,0.5,124,125,,,,,,0.09395017474889755,0.273706316947937,0.3637257516384125,0.21183587610721588
41,medium,0.0257,sweep,flip,0.0,0.0,,0.5,124,125,2.0265579223632812e-06,7.49826431274414e-05,2.469860191922635e-05,3.873274181387387e-06,2.469860191922635e-05,,,,
41,medium,0.0257,sweep,flip,1.0,1.0,,0.5,124,125,0.05963575839996338,0.1897488832473755,0.4557611644268036,0.44684457778930664,0.4159992039203644,,,,
41,medium,0.0257,sweep,shear,0.0,0.0,,0.5,124,125,7.152557373046875e-07,2.0623207092285156e-05,7.385453045571921e-06,1.1576537417568034e-06,7.385453045571921e-06,,,,
41,medium,0.0257,sweep,shear,0.05,0.05,,0.5,124,125,0.08372843265533447,0.14900106191635132,0.3341134190559387,0.1410943567752838,0.35246407985687256,,,,
41,medium,0.0257,sweep,shear,0.1,0.1,,0.5,124,125,0.1082916259765625,0.1494971513748169,0.3626789152622223,0.16040994226932526,0.3837912976741791,,,,
41,medium,0.0257,sweep,shear,0.2,0.2,,0.5,124,125,0.11450719833374023,0.1804082989692688,0.41956835985183716,0.19693608582019806,0.4513895511627197,,,,
41,medium,0.0257,sweep,shear,0.3,0.3,,0.5,124,125,0.12579244375228882,0.21523386240005493,0.4318520128726959,0.21667900681495667,0.4792598783969879,,,,
41,medium,0.0257,ensemble,shear,,0.1,0.1,0.5,124,125,,,,,,0.06811864674091339,0.11099470406770706,0.2385106086730957,0.11464802175760269
41,medium,0.0257,ensemble,shear,,0.2,0.2,0.5,124,125,,,,,,0.06134381890296936,0.15664485096931458,0.2704479694366455,0.144161656498909
41,medium,0.0257,ensemble,shear,,0.3,0.3,0.5,124,125,,,,,,0.08547127991914749,0.21190445125102997,0.31565260887145996,0.1872047334909439
41,medium,0.0257,sweep,rotation,0.0,0.0,,0.7,75,174,6.020069122314453e-06,8.940696716308594e-07,1.9019660157937324e-06,1.1343059469481886e-07,1.9019660157937324e-06,,,,
41,medium,0.0257,sweep,rotation,5.0,5.0,,0.7,75,174,0.1721300482749939,0.2059633731842041,0.5552148222923279,0.375216543674469,0.5593478679656982,,,,
41,medium,0.0257,sweep,rotation,10.0,10.0,,0.7,75,174,0.16240864992141724,0.4021523594856262,0.5764654278755188,0.371751070022583,0.5736736059188843,,,,
41,medium,0.0257,sweep,rotation,20.0,20.0,,0.7,75,174,0.17530107498168945,0.4626290798187256,0.6678127646446228,0.4271898865699768,0.6414388418197632,,,,
41,medium,0.0257,sweep,rotation,30.0,30.0,,0.7,75,174,0.1651642918586731,0.3924107551574707,0.7478981018066406,0.5014813542366028,0.672218382358551,,,,
41,medium,0.0257,sweep,rotation,45.0,45.0,,0.7,75,174,0.1665281057357788,0.3237009048461914,0.7773016691207886,0.5042548775672913,0.694255530834198,,,,
41,medium,0.0257,ensemble,rotation,,10.0,10.0,0.7,75,174,,,,,,0.07192697376012802,0.18038330972194672,0.37768903374671936,0.25898969173431396
41,medium,0.0257,ensemble,rotation,,20.0,20.0,0.7,75,174,,,,,,0.081932932138443,0.2738611400127411,0.4882326126098633,0.3189181685447693
41,medium,0.0257,ensemble,rotation,,30.0,30.0,0.7,75,174,,,,,,0.09089768677949905,0.2634555995464325,0.5661738514900208,0.36425790190696716
41,medium,0.0257,sweep,translation,0.0,0.0,,0.7,75,174,6.020069122314453e-06,8.940696716308594e-07,1.9019660157937324e-06,1.1343059469481886e-07,1.9019660157937324e-06,,,,
41,medium,0.0257,sweep,translation,1.0,1.0,,0.7,75,174,0.11443090438842773,0.10743528604507446,0.25538453459739685,0.3968767523765564,0.2544412314891815,,,,
41,medium,0.0257,sweep,translation,2.0,2.0,,0.7,75,174,0.10302090644836426,0.15968060493469238,0.31551724672317505,0.4028815031051636,0.3103787302970886,,,,
41,medium,0.0257,sweep,translation,4.0,4.0,,0.7,75,174,0.1140785813331604,0.2721526622772217,0.4223543405532837,0.45807191729545593,0.3674647808074951,,,,
41,medium,0.0257,sweep,translation,6.0,6.0,,0.7,75,174,0.12457931041717529,0.22120344638824463,0.4131520390510559,0.4343143105506897,0.3694729804992676,,,,
41,medium,0.0257,sweep,translation,8.0,8.0,,0.7,75,174,0.11328709125518799,0.23479413986206055,0.38892650604248047,0.42472487688064575,0.3574548661708832,,,,
41,medium,0.0257,ensemble,translation,,2.0,2.0,0.7,75,174,,,,,,0.12193748354911804,0.1950092762708664,0.4676089584827423,0.3251950740814209
41,medium,0.0257,ensemble,translation,,4.0,4.0,0.7,75,174,,,,,,0.09037142246961594,0.20765432715415955,0.5623042583465576,0.36706408858299255
41,medium,0.0257,ensemble,translation,,6.0,6.0,0.7,75,174,,,,,,0.1265150010585785,0.24534931778907776,0.6276068687438965,0.4114001393318176
41,medium,0.0257,sweep,scaling,0.8,0.2231435513142097,,0.7,75,174,0.14736038446426392,0.23638558387756348,0.5357246994972229,0.37153562903404236,0.5379477739334106,,,,
41,medium,0.0257,sweep,scaling,0.9,0.10536051565782628,,0.7,75,174,0.13271379470825195,0.16777724027633667,0.5016617774963379,0.37521132826805115,0.5065340995788574,,,,
41,medium,0.0257,sweep,scaling,1.0,0.0,,0.7,75,174,6.020069122314453e-06,8.940696716308594e-07,1.9019660157937324e-06,1.1343059469481886e-07,1.9019660157937324e-06,,,,
41,medium,0.0257,sweep,scaling,1.1,0.09531017980432493,,0.7,75,174,0.1438359022140503,0.1570202112197876,0.5575121641159058,0.3523378372192383,0.5939003229141235,,,,
41,medium,0.0257,sweep,scaling,1.25,0.22314355131420976,,0.7,75,174,0.15571314096450806,0.23595178127288818,0.5940343737602234,0.39101314544677734,0.636117696762085,,,,
41,medium,0.0257,sweep,scaling,1.5,0.4054651081081644,,0.7,75,174,0.2683941125869751,0.6382784247398376,0.751085638999939,0.48867082595825195,0.8030234575271606,,,,
41,medium,0.0257,ensemble,scaling,,0.1,0.1,0.7,75,174,,,,,,0.07056111097335815,0.13210421800613403,0.32885876297950745,0.19796743988990784
41,medium,0.0257,ensemble,scaling,,0.2,0.2,0.7,75,174,,,,,,0.07490696758031845,0.1395910382270813,0.33289313316345215,0.23192660510540009
41,medium,0.0257,ensemble,scaling,,0.3,0.3,0.7,75,174,,,,,,0.08673017472028732,0.16524550318717957,0.38363975286483765,0.2597772181034088
41,medium,0.0257,sweep,flip,0.0,0.0,,0.7,75,174,5.960464477539062e-07,8.940696716308594e-07,1.941405571415089e-06,8.904831361178367e-08,1.941405571415089e-06,,,,
41,medium,0.0257,sweep,flip,1.0,1.0,,0.7,75,174,0.12611174583435059,0.17333519458770752,0.4885708689689636,0.5093058347702026,0.39854562282562256,,,,
41,medium,0.0257,sweep,shear,0.0,0.0,,0.7,75,174,3.7550926208496094e-06,1.0132789611816406e-06,1.5466455351997865e-06,8.07476325803691e-08,1.5466455351997865e-06,,,,
41,medium,0.0257,sweep,shear,0.05,0.05,,0.7,75,174,0.08269035816192627,0.04973191022872925,0.32841062545776367,0.1422709822654724,0.3417551815509796,,,,
41,medium,0.0257,sweep,shear,0.1,0.1,,0.7,75,174,0.09471738338470459,0.0661364197731018,0.3806474208831787,0.19960878789424896,0.3899168372154236,,,,
41,medium,0.0257,sweep,shear,0.2,0.2,,0.7,75,174,0.07352197170257568,0.12452089786529541,0.38048237562179565,0.2772057056427002,0.3828207552433014,,,,
41,medium,0.0257,sweep,shear,0.3,0.3,,0.7,75,174,0.07217174768447876,0.13757681846618652,0.40634894371032715,0.34175431728363037,0.4080579876899719,,,,
41,medium,0.0257,ensemble,shear,,0.1,0.1,0.7,75,174,,,,,,0.045922331511974335,0.0534319132566452,0.2475588321685791,0.11853355914354324
41,medium,0.0257,ensemble,shear,,0.2,0.2,0.7,75,174,,,,,,0.04684515669941902,0.07908359169960022,0.3137030303478241,0.1803097426891327
41,medium,0.0257,ensemble,shear,,0.3,0.3,0.7,75,174,,,,,,0.050395555794239044,0.0895092561841011,0.3382764756679535,0.22351552546024323
83,medium,0.0253,sweep,rotation,0.0,0.0,,0.3,174,75,3.516674041748047e-06,1.5139579772949219e-05,3.8257821870502084e-05,3.855246177408844e-06,3.8257821870502084e-05,,,,
83,medium,0.0253,sweep,rotation,5.0,5.0,,0.3,174,75,0.0438460111618042,0.07811784744262695,0.18526774644851685,0.08668859302997589,0.23132409155368805,,,,
83,medium,0.0253,sweep,rotation,10.0,10.0,,0.3,174,75,0.05684340000152588,0.12685126066207886,0.22095608711242676,0.1477789580821991,0.31758302450180054,,,,
83,medium,0.0253,sweep,rotation,20.0,20.0,,0.3,174,75,0.051089346408843994,0.1705750823020935,0.38236668705940247,0.2825353741645813,0.46481946110725403,,,,
83,medium,0.0253,sweep,rotation,30.0,30.0,,0.3,174,75,0.06570315361022949,0.14620625972747803,0.39882221817970276,0.29647183418273926,0.5059806108474731,,,,
83,medium,0.0253,sweep,rotation,45.0,45.0,,0.3,174,75,0.09548723697662354,0.16164839267730713,0.4272403120994568,0.3380913734436035,0.5835615992546082,,,,
83,medium,0.0253,ensemble,rotation,,10.0,10.0,0.3,174,75,,,,,,0.0294415894895792,0.07336907833814621,0.12533828616142273,0.07601020485162735
83,medium,0.0253,ensemble,rotation,,20.0,20.0,0.3,174,75,,,,,,0.04313179478049278,0.11981285363435745,0.2142629325389862,0.14502891898155212
83,medium,0.0253,ensemble,rotation,,30.0,30.0,0.3,174,75,,,,,,0.05226663872599602,0.1464913785457611,0.2874097228050232,0.20492693781852722
83,medium,0.0253,sweep,translation,0.0,0.0,,0.3,174,75,3.516674041748047e-06,1.5139579772949219e-05,3.8257821870502084e-05,3.855246177408844e-06,3.8257821870502084e-05,,,,
83,medium,0.0253,sweep,translation,1.0,1.0,,0.3,174,75,0.042193830013275146,0.09760773181915283,0.17840106785297394,0.10834144055843353,0.20682401955127716,,,,
83,medium,0.0253,sweep,translation,2.0,2.0,,0.3,174,75,0.043153345584869385,0.10726571083068848,0.21073393523693085,0.09410589933395386,0.27485135197639465,,,,
83,medium,0.0253,sweep,translation,4.0,4.0,,0.3,174,75,0.07020431756973267,0.21592092514038086,0.3790845274925232,0.28428035974502563,0.3979593515396118,,,,
83,medium,0.0253,sweep,translation,6.0,6.0,,0.3,174,75,0.06699353456497192,0.182142972946167,0.47069981694221497,0.39276760816574097,0.3454505205154419,,,,
83,medium,0.0253,sweep,translation,8.0,8.0,,0.3,174,75,0.06384503841400146,0.1494077444076538,0.48067840933799744,0.40072745084762573,0.3725786805152893,,,,
83,medium,0.0253,ensemble,translation,,2.0,2.0,0.3,174,75,,,,,,0.040612172335386276,0.12097077071666718,0.19659386575222015,0.14085756242275238
83,medium,0.0253,ensemble,translation,,4.0,4.0,0.3,174,75,,,,,,0.0944017842411995,0.1906014084815979,0.3779052495956421,0.31926605105400085
83,medium,0.0253,ensemble,translation,,6.0,6.0,0.3,174,75,,,,,,0.09461832791566849,0.19911329448223114,0.4116898477077484,0.35252198576927185
83,medium,0.0253,sweep,scaling,0.8,0.2231435513142097,,0.3,174,75,0.016117572784423828,0.04690396785736084,0.12821319699287415,0.0995306521654129,0.3280956745147705,,,,
83,medium,0.0253,sweep,scaling,0.9,0.10536051565782628,,0.3,174,75,0.048558712005615234,0.1350129246711731,0.31465694308280945,0.180247962474823,0.37545281648635864,,,,
83,medium,0.0253,sweep,scaling,1.0,0.0,,0.3,174,75,3.516674041748047e-06,1.5139579772949219e-05,3.8257821870502084e-05,3.855246177408844e-06,3.8257821870502084e-05,,,,
83,medium,0.0253,sweep,scaling,1.1,0.09531017980432493,,0.3,174,75,0.061997056007385254,0.19113707542419434,0.30777961015701294,0.2338618040084839,0.3154967129230499,,,,
83,medium,0.0253,sweep,scaling,1.25,0.22314355131420976,,0.3,174,75,0.07976460456848145,0.20148050785064697,0.4003438651561737,0.3417060375213623,0.37399041652679443,,,,
83,medium,0.0253,sweep,scaling,1.5,0.4054651081081644,,0.3,174,75,0.0619274377822876,0.19486069679260254,0.42913463711738586,0.4141516089439392,0.44780433177948,,,,
83,medium,0.0253,ensemble,scaling,,0.1,0.1,0.3,174,75,,,,,,0.02815190516412258,0.0836750790476799,0.1426677107810974,0.08534262329339981
83,medium,0.0253,ensemble,scaling,,0.2,0.2,0.3,174,75,,,,,,0.0407424233853817,0.11227584630250931,0.17995749413967133,0.13273805379867554
83,medium,0.0253,ensemble,scaling,,0.3,0.3,0.3,174,75,,,,,,0.050068411976099014,0.13146871328353882,0.2270468771457672,0.17664390802383423
83,medium,0.0253,sweep,flip,0.0,0.0,,0.3,174,75,5.9604644775390625e-06,1.0848045349121094e-05,4.248579716659151e-05,3.4858098842960317e-06,4.248579716659151e-05,,,,
83,medium,0.0253,sweep,flip,1.0,1.0,,0.3,174,75,0.05105292797088623,0.10717946290969849,0.30043765902519226,0.1817152500152588,0.63170325756073,,,,
83,medium,0.0253,sweep,shear,0.0,0.0,,0.3,174,75,3.5762786865234375e-06,6.258487701416016e-06,2.4125723939505406e-05,1.881786829471821e-06,2.4125723939505406e-05,,,,
83,medium,0.0253,sweep,shear,0.05,0.05,,0.3,174,75,0.01239001750946045,0.02776956558227539,0.08510960638523102,0.030608423054218292,0.11219711601734161,,,,
83,medium,0.0253,sweep,shear,0.1,0.1,,0.3,174,75,0.029853343963623047,0.07644838094711304,0.165657639503479,0.06333115696907043,0.20324517786502838,,,,
83,medium,0.0253,sweep,shear,0.2,0.2,,0.3,174,75,0.02363455295562744,0.06826162338256836,0.15435713529586792,0.06911935657262802,0.22320272028446198,,,,
83,medium,0.0253,sweep,shear,0.3,0.3,,0.3,174,75,0.04248154163360596,0.15261411666870117,0.2694818675518036,0.19856296479701996,0.328223317861557,,,,
83,medium,0.0253,ensemble,shear,,0.1,0.1,0.3,174,75,,,,,,0.011134782806038857,0.028645437210798264,0.07081590592861176,0.02424899861216545
83,medium,0.0253,ensemble,shear,,0.2,0.2,0.3,174,75,,,,,,0.030545435845851898,0.06127731502056122,0.1294686645269394,0.06435323506593704
83,medium,0.0253,ensemble,shear,,0.3,0.3,0.3,174,75,,,,,,0.03850585222244263,0.11625423282384872,0.2094707041978836,0.13556931912899017
83,medium,0.0253,sweep,rotation,0.0,0.0,,0.5,124,125,9.5367431640625e-07,1.6689300537109375e-06,1.7689233118289849e-06,1.5399982089547848e-07,1.7689233118289849e-06,,,,
83,medium,0.0253,sweep,rotation,5.0,5.0,,0.5,124,125,0.04983413219451904,0.1552610993385315,0.22918595373630524,0.17951494455337524,0.2469492256641388,,,,
83,medium,0.0253,sweep,rotation,10.0,10.0,,0.5,124,125,0.057022809982299805,0.17307984828948975,0.4420258104801178,0.32159125804901123,0.46437370777130127,,,,
83,medium,0.0253,sweep,rotation,20.0,20.0,,0.5,124,125,0.04813838005065918,0.17298471927642822,0.4201478064060211,0.36072567105293274,0.459454208612442,,,,
83,medium,0.0253,sweep,rotation,30.0,30.0,,0.5,124,125,0.08511114120483398,0.23350155353546143,0.596762478351593,0.43270954489707947,0.5413119196891785,,,,
83,medium,0.0253,sweep,rotation,45.0,45.0,,0.5,124,125,0.13786721229553223,0.38390839099884033,0.6840906143188477,0.4547106623649597,0.5773502588272095,,,,
83,medium,0.0253,ensemble,rotation,,10.0,10.0,0.5,124,125,,,,,,0.06786145269870758,0.14460870623588562,0.26985329389572144,0.20781643688678741
83,medium,0.0253,ensemble,rotation,,20.0,20.0,0.5,124,125,,,,,,0.06787686794996262,0.1565307229757309,0.3299199640750885,0.2627042829990387
83,medium,0.0253,ensemble,rotation,,30.0,30.0,0.5,124,125,,,,,,0.08643446117639542,0.17747822403907776,0.3921174705028534,0.3141433298587799
83,medium,0.0253,sweep,translation,0.0,0.0,,0.5,124,125,9.5367431640625e-07,1.6689300537109375e-06,1.7689233118289849e-06,1.5399982089547848e-07,1.7689233118289849e-06,,,,
83,medium,0.0253,sweep,translation,1.0,1.0,,0.5,124,125,0.06049579381942749,0.19614887237548828,0.35909441113471985,0.3107914328575134,0.3576759099960327,,,,
83,medium,0.0253,sweep,translation,2.0,2.0,,0.5,124,125,0.05417490005493164,0.12205517292022705,0.35018208622932434,0.3189846873283386,0.35800784826278687,,,,
83,medium,0.0253,sweep,translation,4.0,4.0,,0.5,124,125,0.05334663391113281,0.1649782657623291,0.4064413607120514,0.3207245469093323,0.42826467752456665,,,,
83,medium,0.0253,sweep,translation,6.0,6.0,,0.5,124,125,0.05142641067504883,0.1300862431526184,0.421951025724411,0.34653082489967346,0.4378061294555664,,,,
83,medium,0.0253,sweep,translation,8.0,8.0,,0.5,124,125,0.06681281328201294,0.15119636058807373,0.40914201736450195,0.3368588387966156,0.4286629855632782,,,,
83,medium,0.0253,ensemble,translation,,2.0,2.0,0.5,124,125,,,,,,0.07500113546848297,0.21365731954574585,0.380454421043396,0.349687397480011
83,medium,0.0253,ensemble,translation,,4.0,4.0,0.5,124,125,,,,,,0.07842399924993515,0.21417860686779022,0.43700122833251953,0.3721473515033722
83,medium,0.0253,ensemble,translation,,6.0,6.0,0.5,124,125,,,,,,0.08154787868261337,0.21618248522281647,0.5151054859161377,0.41048699617385864
83,medium,0.0253,sweep,scaling,0.8,0.2231435513142097,,0.5,124,125,0.0720287561416626,0.11553996801376343,0.2523590326309204,0.24543043971061707,0.37109458446502686,,,,
83,medium,0.0253,sweep,scaling,0.9,0.10536051565782628,,0.5,124,125,0.07823032140731812,0.20496726036071777,0.31724342703819275,0.2821921110153198,0.37542784214019775,,,,
83,medium,0.0253,sweep,scaling,1.0,0.0,,0.5,124,125,9.5367431640625e-07,1.6689300537109375e-06,1.7689233118289849e-06,1.5399982089547848e-07,1.7689233118289849e-06,,,,
83,medium,0.0253,sweep,scaling,1.1,0.09531017980432493,,0.5,124,125,0.07549440860748291,0.20335185527801514,0.42953944206237793,0.2870165705680847,0.44556695222854614,,,,
83,medium,0.0253,sweep,scaling,1.25,0.22314355131420976,,0.5,124,125,0.09069705009460449,0.1924419403076172,0.4747104048728943,0.35753583908081055,0.4336714744567871,,,,
83,medium,0.0253,sweep,scaling,1.5,0.4054651081081644,,0.5,124,125,0.08796113729476929,0.19078540802001953,0.539251983165741,0.3924330472946167,0.4932955205440521,,,,
83,medium,0.0253,ensemble,scaling,,0.1,0.1,0.5,124,125,,,,,,0.06505098193883896,0.16650596261024475,0.26247259974479675,0.2212112843990326
83,medium,0.0253,ensemble,scaling,,0.2,0.2,0.5,124,125,,,,,,0.08449738472700119,0.22116035223007202,0.3518524467945099,0.2778076231479645
83,medium,0.0253,ensemble,scaling,,0.3,0.3,0.5,124,125,,,,,,0.07718835026025772,0.1810709536075592,0.3804032504558563,0.3181873857975006
83,medium,0.0253,sweep,flip,0.0,0.0,,0.5,124,125,5.960464477539062e-07,1.1920928955078125e-06,1.4867564459564164e-06,9.203863271523005e-08,1.4867564459564164e-06,,,,
83,medium,0.0253,sweep,flip,1.0,1.0,,0.5,124,125,0.19479680061340332,0.1726144552230835,0.43860283493995667,0.3746967315673828,0.46926215291023254,,,,
83,medium,0.0253,sweep,shear,0.0,0.0,,0.5,124,125,5.960464477539062e-07,1.0728836059570312e-06,2.023508159254561e-06,1.350177569747757e-07,2.023508159254561e-06,,,,
83,medium,0.0253,sweep,shear,0.05,0.05,,0.5,124,125,0.04884529113769531,0.06870782375335693,0.18984675407409668,0.10204295814037323,0.2088562697172165,,,,
83,medium,0.0253,sweep,shear,0.1,0.1,,0.5,124,125,0.045638442039489746,0.08170932531356812,0.20908936858177185,0.1439535915851593,0.23433396220207214,,,,
83,medium,0.0253,sweep,shear,0.2,0.2,,0.5,124,125,0.041351139545440674,0.1431126594543457,0.22088123857975006,0.19282568991184235,0.2644667327404022,,,,
83,medium,0.0253,sweep,shear,0.3,0.3,,0.5,124,125,0.044461607933044434,0.11188429594039917,0.30524080991744995,0.2249307930469513,0.35645127296447754,,,,
83,medium,0.0253,ensemble,shear,,0.1,0.1,0.5,124,125,,,,,,0.12633101642131805,0.13459432125091553,0.24151042103767395,0.19127191603183746
83,medium,0.0253,ensemble,shear,,0.2,0.2,0.5,124,125,,,,,,0.10769633203744888,0.12318822741508484,0.3078678846359253,0.2551182508468628
83,medium,0.0253,ensemble,shear,,0.3,0.3,0.5,124,125,,,,,,0.08861807733774185,0.13278193771839142,0.3073689341545105,0.260830283164978
83,medium,0.0253,sweep,rotation,0.0,0.0,,0.7,75,174,1.5497207641601562e-06,5.960464477539062e-07,7.598978299938608e-07,2.5683082327532247e-08,7.598978299938608e-07,,,,
83,medium,0.0253,sweep,rotation,5.0,5.0,,0.7,75,174,0.14510393142700195,0.1030321717262268,0.22990472614765167,0.21674609184265137,0.2529488503932953,,,,
83,medium,0.0253,sweep,rotation,10.0,10.0,,0.7,75,174,0.17657065391540527,0.13361811637878418,0.303154319524765,0.30687758326530457,0.32456105947494507,,,,
83,medium,0.0253,sweep,rotation,20.0,20.0,,0.7,75,174,0.21072542667388916,0.19950485229492188,0.5149891972541809,0.35694262385368347,0.4493090510368347,,,,
83,medium,0.0253,sweep,rotation,30.0,30.0,,0.7,75,174,0.25650274753570557,0.2656182646751404,0.587952196598053,0.44151318073272705,0.5425178408622742,,,,
83,medium,0.0253,sweep,rotation,45.0,45.0,,0.7,75,174,0.27039575576782227,0.5253509879112244,0.6907349228858948,0.45377224683761597,0.5718974471092224,,,,
83,medium,0.0253,ensemble,rotation,,10.0,10.0,0.7,75,174,,,,,,0.09735974669456482,0.0966840460896492,0.17668868601322174,0.18588289618492126
83,medium,0.0253,ensemble,rotation,,20.0,20.0,0.7,75,174,,,,,,0.12266261875629425,0.19900251924991608,0.31484881043434143,0.2743588089942932
83,medium,0.0253,ensemble,rotation,,30.0,30.0,0.7,75,174,,,,,,0.1384703367948532,0.3046724498271942,0.40595000982284546,0.33841028809547424
83,medium,0.0253,sweep,translation,0.0,0.0,,0.7,75,174,1.5497207641601562e-06,5.960464477539062e-07,7.598978299938608e-07,2.5683082327532247e-08,7.598978299938608e-07,,,,
83,medium,0.0253,sweep,translation,1.0,1.0,,0.7,75,174,0.17237120866775513,0.16414880752563477,0.17943549156188965,0.2780502140522003,0.1619308739900589,,,,
83,medium,0.0253,sweep,translation,2.0,2.0,,0.7,75,174,0.13453161716461182,0.14602267742156982,0.20852679014205933,0.35253769159317017,0.17080485820770264,,,,
83,medium,0.0253,sweep,translation,4.0,4.0,,0.7,75,174,0.21389508247375488,0.13509607315063477,0.31544914841651917,0.3350423574447632,0.2640458047389984,,,,
83,medium,0.0253,sweep,translation,6.0,6.0,,0.7,75,174,0.1648845076560974,0.15762054920196533,0.32847580313682556,0.3291572630405426,0.27335524559020996,,,,
83,medium,0.0253,sweep,translation,8.0,8.0,,0.7,75,174,0.17817658185958862,0.19556564092636108,0.36629197001457214,0.3409867286682129,0.2851288616657257,,,,
83,medium,0.0253,ensemble,translation,,2.0,2.0,0.7,75,174,,,,,,0.11666301637887955,0.1446453034877777,0.2841167449951172,0.32168054580688477
83,medium,0.0253,ensemble,translation,,4.0,4.0,0.7,75,174,,,,,,0.08938086777925491,0.14952318370342255,0.3915780186653137,0.3765471577644348
83,medium,0.0253,ensemble,translation,,6.0,6.0,0.7,75,174,,,,,,0.12302736192941666,0.17328304052352905,0.4519827365875244,0.4046664535999298
83,medium,0.0253,sweep,scaling,0.8,0.2231435513142097,,0.7,75,174,0.20265710353851318,0.12434768676757812,0.36196961998939514,0.31172502040863037,0.32223454117774963,,,,
83,medium,0.0253,sweep,scaling,0.9,0.10536051565782628,,0.7,75,174,0.16494888067245483,0.13094019889831543,0.31538820266723633,0.26563894748687744,0.2900600731372833,,,,
83,medium,0.0253,sweep,scaling,1.0,0.0,,0.7,75,174,1.5497207641601562e-06,5.960464477539062e-07,7.598978299938608e-07,2.5683082327532247e-08,7.598978299938608e-07,,,,
83,medium,0.0253,sweep,scaling,1.1,0.09531017980432493,,0.7,75,174,0.20599162578582764,0.15754646062850952,0.2578587234020233,0.22132857143878937,0.2932146489620209,,,,
83,medium,0.0253,sweep,scaling,1.25,0.22314355131420976,,0.7,75,174,0.1926935911178589,0.19890058040618896,0.41520965099334717,0.3318151533603668,0.39261937141418457,,,,
83,medium,0.0253,sweep,scaling,1.5,0.4054651081081644,,0.7,75,174,0.1942218542098999,0.22967231273651123,0.5552712082862854,0.3264929950237274,0.5455091595649719,,,,
83,medium,0.0253,ensemble,scaling,,0.1,0.1,0.7,75,174,,,,,,0.08156132698059082,0.06469812989234924,0.11675003916025162,0.12169928848743439
83,medium,0.0253,ensemble,scaling,,0.2,0.2,0.7,75,174,,,,,,0.11499238014221191,0.1074480265378952,0.19773143529891968,0.19799529016017914
83,medium,0.0253,ensemble,scaling,,0.3,0.3,0.7,75,174,,,,,,0.11249557882547379,0.13099230825901031,0.2529062330722809,0.22537554800510406
83,medium,0.0253,sweep,flip,0.0,0.0,,0.7,75,174,2.9206275939941406e-06,7.748603820800781e-07,9.005479455481691e-07,9.787748922462924e-08,9.005479455481691e-07,,,,
83,medium,0.0253,sweep,flip,1.0,1.0,,0.7,75,174,0.17645692825317383,0.2148035168647766,0.43504205346107483,0.36839792132377625,0.2786223292350769,,,,
83,medium,0.0253,sweep,shear,0.0,0.0,,0.7,75,174,2.6226043701171875e-06,7.748603820800781e-07,8.504041488777148e-07,6.075831748830751e-08,8.504041488777148e-07,,,,
83,medium,0.0253,sweep,shear,0.05,0.05,,0.7,75,174,0.1305132508277893,0.0767672061920166,0.2151932269334793,0.08505991101264954,0.23739641904830933,,,,
83,medium,0.0253,sweep,shear,0.1,0.1,,0.7,75,174,0.16204553842544556,0.10807901620864868,0.23742392659187317,0.15180733799934387,0.25128963589668274,,,,
83,medium,0.0253,sweep,shear,0.2,0.2,,0.7,75,174,0.1658024787902832,0.16392290592193604,0.2718101143836975,0.23503462970256805,0.2772080600261688,,,,
83,medium,0.0253,sweep,shear,0.3,0.3,,0.7,75,174,0.18999719619750977,0.15996980667114258,0.27755212783813477,0.26444512605667114,0.2869023382663727,,,,
83,medium,0.0253,ensemble,shear,,0.1,0.1,0.7,75,174,,,,,,0.075026735663414,0.038330912590026855,0.07123386859893799,0.06119973585009575
83,medium,0.0253,ensemble,shear,,0.2,0.2,0.7,75,174,,,,,,0.10013065487146378,0.0812869668006897,0.10503046959638596,0.1332128942012787
83,medium,0.0253,ensemble,shear,,0.3,0.3,0.7,75,174,,,,,,0.08955691009759903,0.08959899097681046,0.12530365586280823,0.17181387543678284
48,medium,0.0251,sweep,rotation,0.0,0.0,,0.3,174,75,2.2649765014648438e-06,5.662441253662109e-06,1.4578708942281082e-05,1.9927474568248726e-06,1.4578708942281082e-05,,,,
48,medium,0.0251,sweep,rotation,5.0,5.0,,0.3,174,75,0.03180050849914551,0.08367776870727539,0.25240305066108704,0.2433956116437912,0.3128872215747833,,,,
48,medium,0.0251,sweep,rotation,10.0,10.0,,0.3,174,75,0.029654979705810547,0.0900072455406189,0.26331716775894165,0.28702512383461,0.39917853474617004,,,,
48,medium,0.0251,sweep,rotation,20.0,20.0,,0.3,174,75,0.04017221927642822,0.12163770198822021,0.34957268834114075,0.35556501150131226,0.5430849194526672,,,,
48,medium,0.0251,sweep,rotation,30.0,30.0,,0.3,174,75,0.027513980865478516,0.10870695114135742,0.3385850191116333,0.3876990079879761,0.6000840663909912,,,,
48,medium,0.0251,sweep,rotation,45.0,45.0,,0.3,174,75,0.03392916917800903,0.12158501148223877,0.3229340612888336,0.3571004867553711,0.6566660404205322,,,,
48,medium,0.0251,ensemble,rotation,,10.0,10.0,0.3,174,75,,,,,,0.04875526577234268,0.1361519992351532,0.4077874720096588,0.48188236355781555
48,medium,0.0251,ensemble,rotation,,20.0,20.0,0.3,174,75,,,,,,0.04170945659279823,0.1281977891921997,0.4356704354286194,0.5354752540588379
48,medium,0.0251,ensemble,rotation,,30.0,30.0,0.3,174,75,,,,,,0.0766448974609375,0.2209567427635193,0.5135544538497925,0.6766281723976135
48,medium,0.0251,sweep,translation,0.0,0.0,,0.3,174,75,2.2649765014648438e-06,5.662441253662109e-06,1.4578708942281082e-05,1.9927474568248726e-06,1.4578708942281082e-05,,,,
48,medium,0.0251,sweep,translation,1.0,1.0,,0.3,174,75,0.025321245193481445,0.07816702127456665,0.24476143717765808,0.19729527831077576,0.2992546558380127,,,,
48,medium,0.0251,sweep,translation,2.0,2.0,,0.3,174,75,0.019475102424621582,0.04888039827346802,0.18908686935901642,0.15875400602817535,0.3295139968395233,,,,
48,medium,0.0251,sweep,translation,4.0,4.0,,0.3,174,75,0.015758216381072998,0.032495975494384766,0.14366798102855682,0.11119861900806427,0.4405909478664398,,,,
48,medium,0.0251,sweep,translation,6.0,6.0,,0.3,174,75,0.027584314346313477,0.07203006744384766,0.20977652072906494,0.20730680227279663,0.5208067297935486,,,,
48,medium,0.0251,sweep,translation,8.0,8.0,,0.3,174,75,0.06365549564361572,0.08315485715866089,0.2152564525604248,0.2090291976928711,0.5386726260185242,,,,
48,medium,0.0251,ensemble,translation,,2.0,2.0,0.3,174,75,,,,,,0.054655179381370544,0.1585148125886917,0.4458019733428955,0.5016705393791199
48,medium,0.0251,ensemble,translation,,4.0,4.0,0.3,174,75,,,,,,0.05459035560488701,0.1800702065229416,0.48754599690437317,0.5923242568969727
48,medium,0.0251,ensemble,translation,,6.0,6.0,0.3,174,75,,,,,,0.05993950366973877,0.14951832592487335,0.42929700016975403,0.5103452205657959
48,medium,0.0251,sweep,scaling,0.8,0.2231435513142097,,0.3,174,75,0.023466408252716064,0.06897079944610596,0.2126319408416748,0.196291983127594,0.46650275588035583,,,,
48,medium,0.0251,sweep,scaling,0.9,0.10536051565782628,,0.3,174,75,0.02551823854446411,0.1088787317276001,0.31647422909736633,0.35150182247161865,0.40364164113998413,,,,
48,medium,0.0251,sweep,scaling,1.0,0.0,,0.3,174,75,2.2649765014648438e-06,5.662441253662109e-06,1.4578708942281082e-05,1.9927474568248726e-06,1.4578708942281082e-05,,,,
48,medium,0.0251,sweep,scaling,1.1,0.09531017980432493,,0.3,174,75,0.026217401027679443,0.06525015830993652,0.2274552881717682,0.1678159236907959,0.30300289392471313,,,,
48,medium,0.0251,sweep,scaling,1.25,0.22314355131420976,,0.3,174,75,0.03556263446807861,0.06556856632232666,0.21335762739181519,0.1751720905303955,0.42135533690452576,,,,
48,medium,0.0251,sweep,scaling,1.5,0.4054651081081644,,0.3,174,75,0.07739472389221191,0.35889387130737305,0.5915883779525757,0.8581559658050537,0.735670804977417,,,,
48,medium,0.0251,ensemble,scaling,,0.1,0.1,0.3,174,75,,,,,,0.037777602672576904,0.09429308772087097,0.32123541831970215,0.3432284891605377
48,medium,0.0251,ensemble,scaling,,0.2,0.2,0.3,174,75,,,,,,0.03466187044978142,0.080782450735569,0.3067954480648041,0.3319413363933563
48,medium,0.0251,ensemble,scaling,,0.3,0.3,0.3,174,75,,,,,,0.044324204325675964,0.08832475543022156,0.3338228166103363,0.36623233556747437
48,medium,0.0251,sweep,flip,0.0,0.0,,0.3,174,75,1.1920928955078125e-06,3.635883331298828e-06,8.467211046081502e-06,1.1031959274987457e-06,8.467211046081502e-06,,,,
48,medium,0.0251,sweep,flip,1.0,1.0,,0.3,174,75,0.031643033027648926,0.15266382694244385,0.37932172417640686,0.4081122875213623,0.5956298112869263,,,,
48,medium,0.0251,sweep,shear,0.0,0.0,,0.3,174,75,9.5367431640625e-07,1.8477439880371094e-06,4.0831514525052626e-06,5.369827249523951e-07,4.0831514525052626e-06,,,,
48,medium,0.0251,sweep,shear,0.05,0.05,,0.3,174,75,0.04973548650741577,0.11470556259155273,0.3334347903728485,0.3581337034702301,0.3420540988445282,,,,
48,medium,0.0251,sweep,shear,0.1,0.1,,0.3,174,75,0.03933823108673096,0.09860086441040039,0.3321164548397064,0.35790929198265076,0.35219115018844604,,,,
48,medium,0.0251,sweep,shear,0.2,0.2,,0.3,174,75,0.05444598197937012,0.10325080156326294,0.31985747814178467,0.32088109850883484,0.3833465278148651,,,,
48,medium,0.0251,sweep,shear,0.3,0.3,,0.3,174,75,0.04016244411468506,0.11581963300704956,0.3668617606163025,0.37094956636428833,0.44596219062805176,,,,
48,medium,0.0251,ensemble,shear,,0.1,0.1,0.3,174,75,,,,,,0.0540812723338604,0.08608738332986832,0.2614193856716156,0.26236066222190857
48,medium,0.0251,ensemble,shear,,0.2,0.2,0.3,174,75,,,,,,0.05012315884232521,0.0959651991724968,0.2847929000854492,0.28410768508911133
48,medium,0.0251,ensemble,shear,,0.3,0.3,0.3,174,75,,,,,,0.05306249111890793,0.1132468581199646,0.3363576829433441,0.33006545901298523
48,medium,0.0251,sweep,rotation,0.0,0.0,,0.5,124,125,9.5367431640625e-07,7.152557373046875e-07,1.6182450508495094e-06,8.188199274172803e-08,1.6182450508495094e-06,,,,
48,medium,0.0251,sweep,rotation,5.0,5.0,,0.5,124,125,0.12873446941375732,0.3416949510574341,0.5787166953086853,0.5294379591941833,0.5665510892868042,,,,
48,medium,0.0251,sweep,rotation,10.0,10.0,,0.5,124,125,0.10950547456741333,0.26997798681259155,0.589779794216156,0.5284674167633057,0.5936554670333862,,,,
48,medium,0.0251,sweep,rotation,20.0,20.0,,0.5,124,125,0.22081851959228516,0.3148922920227051,0.6172770261764526,0.562211275100708,0.6123946905136108,,,,
48,medium,0.0251,sweep,rotation,30.0,30.0,,0.5,124,125,0.10009992122650146,0.253578782081604,0.5954763293266296,0.586391806602478,0.6021429896354675,,,,
48,medium,0.0251,sweep,rotation,45.0,45.0,,0.5,124,125,0.09020811319351196,0.2671085596084595,0.5397041440010071,0.48033368587493896,0.7154724597930908,,,,
48,medium,0.0251,ensemble,rotation,,10.0,10.0,0.5,124,125,,,,,,0.08628757297992706,0.2036944329738617,0.4804268479347229,0.3613283932209015
48,medium,0.0251,ensemble,rotation,,20.0,20.0,0.5,124,125,,,,,,0.12838630378246307,0.2524924874305725,0.535668671131134,0.44950753450393677
48,medium,0.0251,ensemble,rotation,,30.0,30.0,0.5,124,125,,,,,,0.11689780652523041,0.3180893659591675,0.6071723699569702,0.540290117263794
48,medium,0.0251,sweep,translation,0.0,0.0,,0.5,124,125,9.5367431640625e-07,7.152557373046875e-07,1.6182450508495094e-06,8.188199274172803e-08,1.6182450508495094e-06,,,,
48,medium,0.0251,sweep,translation,1.0,1.0,,0.5,124,125,0.07482266426086426,0.26041996479034424,0.5338990688323975,0.4104410409927368,0.5333356261253357,,,,
48,medium,0.0251,sweep,translation,2.0,2.0,,0.5,124,125,0.08575475215911865,0.3126314878463745,0.5438517928123474,0.47476905584335327,0.5492430925369263,,,,
48,medium,0.0251,sweep,translation,4.0,4.0,,0.5,124,125,0.06394296884536743,0.16075408458709717,0.3950416147708893,0.3161422610282898,0.4386090636253357,,,,
48,medium,0.0251,sweep,translation,6.0,6.0,,0.5,124,125,0.11733442544937134,0.42695510387420654,0.6011596918106079,0.5679834485054016,0.6224835515022278,,,,
48,medium,0.0251,sweep,translation,8.0,8.0,,0.5,124,125,0.11218589544296265,0.43220973014831543,0.607725203037262,0.572070837020874,0.6416682600975037,,,,
48,medium,0.0251,ensemble,translation,,2.0,2.0,0.5,124,125,,,,,,0.09335695952177048,0.2642216086387634,0.5051323175430298,0.40596091747283936
48,medium,0.0251,ensemble,translation,,4.0,4.0,0.5,124,125,,,,,,0.10803303867578506,0.2677927613258362,0.561306893825531,0.4768860340118408
48,medium,0.0251,ensemble,translation,,6.0,6.0,0.5,124,125,,,,,,0.13138972222805023,0.2665012776851654,0.6030095219612122,0.5745323896408081
48,medium,0.0251,sweep,scaling,0.8,0.2231435513142097,,0.5,124,125,0.12285518646240234,0.22260510921478271,0.4589178264141083,0.3642754852771759,0.5069918632507324,,,,
48,medium,0.0251,sweep,scaling,0.9,0.10536051565782628,,0.5,124,125,0.08888900279998779,0.1156192421913147,0.39439186453819275,0.2777823507785797,0.4333736300468445,,,,
48,medium,0.0251,sweep,scaling,1.0,0.0,,0.5,124,125,9.5367431640625e-07,7.152557373046875e-07,1.6182450508495094e-06,8.188199274172803e-08,1.6182450508495094e-06,,,,
48,medium,0.0251,sweep,scaling,1.1,0.09531017980432493,,0.5,124,125,0.10311853885650635,0.2507774829864502,0.4449404180049896,0.384056955575943,0.4615572988986969,,,,
48,medium,0.0251,sweep,scaling,1.25,0.22314355131420976,,0.5,124,125,0.1340814232826233,0.250651478767395,0.4798581600189209,0.4536449909210205,0.47368475794792175,,,,
48,medium,0.0251,sweep,scaling,1.5,0.4054651081081644,,0.5,124,125,0.14398610591888428,0.2216995358467102,0.5360893607139587,0.4319342374801636,0.5961639881134033,,,,
48,medium,0.0251,ensemble,scaling,,0.1,0.1,0.5,124,125,,,,,,0.06987074762582779,0.11095450818538666,0.29062730073928833,0.2092450112104416
48,medium,0.0251,ensemble,scaling,,0.2,0.2,0.5,124,125,,,,,,0.08140125125646591,0.16753779351711273,0.3768053352832794,0.30978965759277344
48,medium,0.0251,ensemble,scaling,,0.3,0.3,0.5,124,125,,,,,,0.09136627614498138,0.20522435009479523,0.4339146614074707,0.3661891520023346
48,medium,0.0251,sweep,flip,0.0,0.0,,0.5,124,125,9.5367431640625e-07,3.159046173095703e-06,4.076706318301149e-06,3.072730407893687e-07,4.076706318301149e-06,,,,
48,medium,0.0251,sweep,flip,1.0,1.0,,0.5,124,125,0.10069310665130615,0.2311258316040039,0.5701689124107361,0.4554929733276367,0.5477256774902344,,,,
48,medium,0.0251,sweep,shear,0.0,0.0,,0.5,124,125,3.5762786865234375e-07,1.1324882507324219e-06,2.6092056941706687e-06,1.452780509225704e-07,2.6092056941706687e-06,,,,
48,medium,0.0251,sweep,shear,0.05,0.05,,0.5,124,125,0.10987985134124756,0.12104099988937378,0.42866870760917664,0.304293155670166,0.42314013838768005,,,,
48,medium,0.0251,sweep,shear,0.1,0.1,,0.5,124,125,0.08008337020874023,0.23290014266967773,0.5239364504814148,0.3645741045475006,0.5122913718223572,,,,
48,medium,0.0251,sweep,shear,0.2,0.2,,0.5,124,125,0.11103922128677368,0.15112310647964478,0.44765162467956543,0.3867725133895874,0.431834876537323,,,,
48,medium,0.0251,sweep,shear,0.3,0.3,,0.5,124,125,0.0913463830947876,0.14280378818511963,0.47730833292007446,0.40442711114883423,0.4555796980857849,,,,
48,medium,0.0251,ensemble,shear,,0.1,0.1,0.5,124,125,,,,,,0.07757916301488876,0.15173779428005219,0.35013824701309204,0.24261583387851715
48,medium,0.0251,ensemble,shear,,0.2,0.2,0.5,124,125,,,,,,0.09619461745023727,0.19580954313278198,0.41407158970832825,0.31796401739120483
48,medium,0.0251,ensemble,shear,,0.3,0.3,0.5,124,125,,,,,,0.09207524359226227,0.2002492994070053,0.454296737909317,0.3465798497200012
48,medium,0.0251,sweep,rotation,0.0,0.0,,0.7,75,174,1.3113021850585938e-06,8.344650268554688e-07,2.113308028128813e-06,5.4058354237440653e-08,2.113308028128813e-06,,,,
48,medium,0.0251,sweep,rotation,5.0,5.0,,0.7,75,174,0.060571253299713135,0.13795095682144165,0.3946133255958557,0.3646164834499359,0.4018409252166748,,,,
48,medium,0.0251,sweep,rotation,10.0,10.0,,0.7,75,174,0.05390816926956177,0.14605510234832764,0.47291576862335205,0.4713857173919678,0.42628416419029236,,,,
48,medium,0.0251,sweep,rotation,20.0,20.0,,0.7,75,174,0.06999683380126953,0.20389074087142944,0.5803033709526062,0.5656164884567261,0.47891342639923096,,,,
48,medium,0.0251,sweep,rotation,30.0,30.0,,0.7,75,174,0.08644157648086548,0.22367441654205322,0.6852912902832031,0.6483367085456848,0.5428897142410278,,,,
48,medium,0.0251,sweep,rotation,45.0,45.0,,0.7,75,174,0.07284069061279297,0.2769647240638733,0.7775216102600098,0.7328636646270752,0.5712169408798218,,,,
48,medium,0.0251,ensemble,rotation,,10.0,10.0,0.7,75,174,,,,,,0.04994883015751839,0.0848548486828804,0.36112457513809204,0.3334374725818634
48,medium,0.0251,ensemble,rotation,,20.0,20.0,0.7,75,174,,,,,,0.06740386039018631,0.10992326587438583,0.4800853133201599,0.46161019802093506
48,medium,0.0251,ensemble,rotation,,30.0,30.0,0.7,75,174,,,,,,0.06817077845335007,0.14023497700691223,0.5584770441055298,0.5434350967407227
48,medium,0.0251,sweep,translation,0.0,0.0,,0.7,75,174,1.3113021850585938e-06,8.344650268554688e-07,2.113308028128813e-06,5.4058354237440653e-08,2.113308028128813e-06,,,,
48,medium,0.0251,sweep,translation,1.0,1.0,,0.7,75,174,0.046055495738983154,0.08058702945709229,0.2354719340801239,0.3032306432723999,0.22750356793403625,,,,
48,medium,0.0251,sweep,translation,2.0,2.0,,0.7,75,174,0.030326485633850098,0.08047932386398315,0.32823166251182556,0.38590162992477417,0.29742828011512756,,,,
48,medium,0.0251,sweep,translation,4.0,4.0,,0.7,75,174,0.04567486047744751,0.125349223613739,0.4290369749069214,0.4627186954021454,0.34034478664398193,,,,
48,medium,0.0251,sweep,translation,6.0,6.0,,0.7,75,174,0.06809502840042114,0.22469788789749146,0.47694677114486694,0.4779706597328186,0.3549749255180359,,,,
48,medium,0.0251,sweep,translation,8.0,8.0,,0.7,75,174,0.11057174205780029,0.18110138177871704,0.49710237979888916,0.48311373591423035,0.35895493626594543,,,,
48,medium,0.0251,ensemble,translation,,2.0,2.0,0.7,75,174,,,,,,0.07914336025714874,0.1091402992606163,0.45600831508636475,0.42770180106163025
48,medium,0.0251,ensemble,translation,,4.0,4.0,0.7,75,174,,,,,,0.07484379410743713,0.11864273250102997,0.5501644611358643,0.5779099464416504
48,medium,0.0251,ensemble,translation,,6.0,6.0,0.7,75,174,,,,,,0.08133695274591446,0.1507997214794159,0.6309366226196289,0.6751782894134521
48,medium,0.0251,sweep,scaling,0.8,0.2231435513142097,,0.7,75,174,0.07442569732666016,0.11475145816802979,0.46222224831581116,0.47352850437164307,0.41060614585876465,,,,
48,medium,0.0251,sweep,scaling,0.9,0.10536051565782628,,0.7,75,174,0.05237776041030884,0.1405819058418274,0.4180597960948944,0.35273587703704834,0.4164285361766815,,,,
48,medium,0.0251,sweep,scaling,1.0,0.0,,0.7,75,174,1.3113021850585938e-06,8.344650268554688e-07,2.113308028128813e-06,5.4058354237440653e-08,2.113308028128813e-06,,,,
48,medium,0.0251,sweep,scaling,1.1,0.09531017980432493,,0.7,75,174,0.05073440074920654,0.09508264064788818,0.37570905685424805,0.32780683040618896,0.3999212086200714,,,,
48,medium,0.0251,sweep,scaling,1.25,0.22314355131420976,,0.7,75,174,0.0523034930229187,0.1542980670928955,0.4938511848449707,0.5081818103790283,0.4615812301635742,,,,
48,medium,0.0251,sweep,scaling,1.5,0.4054651081081644,,0.7,75,174,0.10916757583618164,0.20057648420333862,0.6073465943336487,0.625275731086731,0.6225160956382751,,,,
48,medium,0.0251,ensemble,scaling,,0.1,0.1,0.7,75,174,,,,,,0.029417231678962708,0.06704401224851608,0.2607864737510681,0.21011319756507874
48,medium,0.0251,ensemble,scaling,,0.2,0.2,0.7,75,174,,,,,,0.061520595103502274,0.09129338711500168,0.3536662757396698,0.32883182168006897
48,medium,0.0251,ensemble,scaling,,0.3,0.3,0.7,75,174,,,,,,0.07078631222248077,0.11255882680416107,0.4106408655643463,0.3981984257698059
48,medium,0.0251,sweep,flip,0.0,0.0,,0.7,75,174,4.76837158203125e-07,6.556510925292969e-07,1.7767713416105835e-06,3.384507607506748e-08,1.7767713416105835e-06,,,,
48,medium,0.0251,sweep,flip,1.0,1.0,,0.7,75,174,0.040056586265563965,0.14970988035202026,0.588062584400177,0.6057316064834595,0.3309733271598816,,,,
48,medium,0.0251,sweep,shear,0.0,0.0,,0.7,75,174,1.0728836059570312e-06,8.940696716308594e-07,1.769180926203262e-06,5.3340961869707826e-08,1.769180926203262e-06,,,,
48,medium,0.0251,sweep,shear,0.05,0.05,,0.7,75,174,0.027105212211608887,0.06184208393096924,0.26659637689590454,0.13492351770401,0.28471943736076355,,,,
48,medium,0.0251,sweep,shear,0.1,0.1,,0.7,75,174,0.03921782970428467,0.08015114068984985,0.2695625424385071,0.19008974730968475,0.2930697202682495,,,,
48,medium,0.0251,sweep,shear,0.2,0.2,,0.7,75,174,0.0397646427154541,0.0718083381652832,0.2757261395454407,0.2319106012582779,0.3019918203353882,,,,
48,medium,0.0251,sweep,shear,0.3,0.3,,0.7,75,174,0.04185783863067627,0.06969541311264038,0.30435192584991455,0.2744569182395935,0.3147779107093811,,,,
48,medium,0.0251,ensemble,shear,,0.1,0.1,0.7,75,174,,,,,,0.029775939881801605,0.04232810065150261,0.2074950486421585,0.10609731078147888
48,medium,0.0251,ensemble,shear,,0.2,0.2,0.7,75,174,,,,,,0.04469309747219086,0.05722741037607193,0.280581533908844,0.17938853800296783
48,medium,0.0251,ensemble,shear,,0.3,0.3,0.7,75,174,,,,,,0.03491450846195221,0.05572736635804176,0.29019689559936523,0.20526252686977386
26,medium,0.0248,sweep,rotation,0.0,0.0,,0.3,174,75,9.5367431640625e-07,2.205371856689453e-06,5.576879630098119e-06,7.244640300996252e-07,5.576879630098119e-06,,,,
26,medium,0.0248,sweep,rotation,5.0,5.0,,0.3,174,75,0.022021949291229248,0.04249286651611328,0.12582412362098694,0.1349850744009018,0.20572856068611145,,,,
26,medium,0.0248,sweep,rotation,10.0,10.0,,0.3,174,75,0.03968590497970581,0.09743833541870117,0.25882279872894287,0.2840431332588196,0.3614329397678375,,,,
26,medium,0.0248,sweep,rotation,20.0,20.0,,0.3,174,75,0.10405993461608887,0.2981332540512085,0.4494386613368988,0.7271983623504639,0.49759215116500854,,,,
26,medium,0.0248,sweep,rotation,30.0,30.0,,0.3,174,75,0.12996220588684082,0.4768223166465759,0.5133016109466553,0.8197939991950989,0.5964323878288269,,,,
26,medium,0.0248,sweep,rotation,45.0,45.0,,0.3,174,75,0.13238006830215454,0.4578602910041809,0.5527471303939819,1.0110423564910889,0.5875961780548096,,,,
26,medium,0.0248,ensemble,rotation,,10.0,10.0,0.3,174,75,,,,,,0.03692518174648285,0.05260901898145676,0.15068602561950684,0.1671513170003891
26,medium,0.0248,ensemble,rotation,,20.0,20.0,0.3,174,75,,,,,,0.05600939691066742,0.11883479356765747,0.25257644057273865,0.3352622389793396
26,medium,0.0248,ensemble,rotation,,30.0,30.0,0.3,174,75,,,,,,0.09199081361293793,0.23342061042785645,0.3458910286426544,0.48949864506721497
26,medium,0.0248,sweep,translation,0.0,0.0,,0.3,174,75,9.5367431640625e-07,2.205371856689453e-06,5.576879630098119e-06,7.244640300996252e-07,5.576879630098119e-06,,,,
26,medium,0.0248,sweep,translation,1.0,1.0,,0.3,174,75,0.017453372478485107,0.05075383186340332,0.13138729333877563,0.12860560417175293,0.18722783029079437,,,,
26,medium,0.0248,sweep,translation,2.0,2.0,,0.3,174,75,0.028432905673980713,0.13263648748397827,0.28595635294914246,0.28744328022003174,0.30429190397262573,,,,
26,medium,0.0248,sweep,translation,4.0,4.0,,0.3,174,75,0.053349077701568604,0.19011175632476807,0.32626762986183167,0.37220820784568787,0.35165664553642273,,,,
26,medium,0.0248,sweep,translation,6.0,6.0,,0.3,174,75,0.10871779918670654,0.15848004817962646,0.34813573956489563,0.45546603202819824,0.41116657853126526,,,,
26,medium,0.0248,sweep,translation,8.0,8.0,,0.3,174,75,0.08299875259399414,0.16431599855422974,0.36775845289230347,0.5079073309898376,0.4166332483291626,,,,
26,medium,0.0248,ensemble,translation,,2.0,2.0,0.3,174,75,,,,,,0.0671779066324234,0.217165008187294,0.30562183260917664,0.34310057759284973
26,medium,0.0248,ensemble,translation,,4.0,4.0,0.3,174,75,,,,,,0.09075072407722473,0.2342095524072647,0.42465850710868835,0.5260283946990967
26,medium,0.0248,ensemble,translation,,6.0,6.0,0.3,174,75,,,,,,0.10230131447315216,0.2689216136932373,0.4816247522830963,0.5942189693450928
26,medium,0.0248,sweep,scaling,0.8,0.2231435513142097,,0.3,174,75,0.05624091625213623,0.15729522705078125,0.33651238679885864,0.41634631156921387,0.39049896597862244,,,,
26,medium,0.0248,sweep,scaling,0.9,0.10536051565782628,,0.3,174,75,0.07642543315887451,0.16446006298065186,0.3247216045856476,0.3723123371601105,0.346110999584198,,,,
26,medium,0.0248,sweep,scaling,1.0,0.0,,0.3,174,75,9.5367431640625e-07,2.205371856689453e-06,5.576879630098119e-06,7.244640300996252e-07,5.576879630098119e-06,,,,
26,medium,0.0248,sweep,scaling,1.1,0.09531017980432493,,0.3,174,75,0.06437522172927856,0.07629305124282837,0.22380445897579193,0.24522343277931213,0.3203679621219635,,,,
26,medium,0.0248,sweep,scaling,1.25,0.22314355131420976,,0.3,174,75,0.057628750801086426,0.1756882667541504,0.3271581530570984,0.4275093078613281,0.5170934200286865,,,,
26,medium,0.0248,sweep,scaling,1.5,0.4054651081081644,,0.3,174,75,0.19112181663513184,0.4881664514541626,0.5274795889854431,0.7269351482391357,0.6840115785598755,,,,
26,medium,0.0248,ensemble,scaling,,0.1,0.1,0.3,174,75,,,,,,0.047602180391550064,0.09898830950260162,0.23107093572616577,0.25320905447006226
26,medium,0.0248,ensemble,scaling,,0.2,0.2,0.3,174,75,,,,,,0.06535311788320541,0.1496107578277588,0.28793853521347046,0.33914682269096375
26,medium,0.0248,ensemble,scaling,,0.3,0.3,0.3,174,75,,,,,,0.07343488931655884,0.16088996827602386,0.34475740790367126,0.3911624848842621
26,medium,0.0248,sweep,flip,0.0,0.0,,0.3,174,75,2.5033950805664062e-06,2.7418136596679688e-06,8.145302672346588e-06,1.4000296459926176e-06,8.145302672346588e-06,,,,
26,medium,0.0248,sweep,flip,1.0,1.0,,0.3,174,75,0.1687275767326355,0.6147139072418213,0.5263135433197021,0.6038719415664673,0.5560362339019775,,,,
26,medium,0.0248,sweep,shear,0.0,0.0,,0.3,174,75,1.7285346984863281e-06,7.748603820800781e-07,1.840373670347617e-06,2.9936515488770965e-07,1.840373670347617e-06,,,,
26,medium,0.0248,sweep,shear,0.05,0.05,,0.3,174,75,0.03282660245895386,0.02486950159072876,0.07229799032211304,0.06975112855434418,0.09767289459705353,,,,
26,medium,0.0248,sweep,shear,0.1,0.1,,0.3,174,75,0.03639167547225952,0.02789759635925293,0.085323266685009,0.0799151062965393,0.12964098155498505,,,,
26,medium,0.0248,sweep,shear,0.2,0.2,,0.3,174,75,0.07264727354049683,0.11861550807952881,0.30204862356185913,0.30492132902145386,0.33822667598724365,,,,
26,medium,0.0248,sweep,shear,0.3,0.3,,0.3,174,75,0.08111542463302612,0.1470416784286499,0.33245864510536194,0.3610658049583435,0.37366771697998047,,,,
26,medium,0.0248,ensemble,shear,,0.1,0.1,0.3,174,75,,,,,,0.014152495190501213,0.020057212561368942,0.04724728316068649,0.04025651142001152
26,medium,0.0248,ensemble,shear,,0.2,0.2,0.3,174,75,,,,,,0.05814676731824875,0.14257559180259705,0.18013624846935272,0.16096630692481995
26,medium,0.0248,ensemble,shear,,0.3,0.3,0.3,174,75,,,,,,0.08237246423959732,0.23813006281852722,0.2595530152320862,0.2470601499080658
26,medium,0.0248,sweep,rotation,0.0,0.0,,0.5,124,125,7.152557373046875e-07,4.887580871582031e-06,2.403809730822104e-06,3.204341396667587e-07,2.403809730822104e-06,,,,
26,medium,0.0248,sweep,rotation,5.0,5.0,,0.5,124,125,0.0649418830871582,0.26376307010650635,0.28821462392807007,0.25824442505836487,0.2868538200855255,,,,
26,medium,0.0248,sweep,rotation,10.0,10.0,,0.5,124,125,0.08546257019042969,0.3441692590713501,0.37501704692840576,0.3645043671131134,0.3323892056941986,,,,
26,medium,0.0248,sweep,rotation,20.0,20.0,,0.5,124,125,0.09531068801879883,0.35528457164764404,0.5359811186790466,0.531670093536377,0.4229765832424164,,,,
26,medium,0.0248,sweep,rotation,30.0,30.0,,0.5,124,125,0.14768600463867188,0.45625925064086914,0.5955245494842529,0.6100941896438599,0.46051278710365295,,,,
26,medium,0.0248,sweep,rotation,45.0,45.0,,0.5,124,125,0.11954402923583984,0.36427927017211914,0.6112839579582214,0.6675270795822144,0.44376251101493835,,,,
26,medium,0.0248,ensemble,rotation,,10.0,10.0,0.5,124,125,,,,,,0.05346554145216942,0.23520351946353912,0.2556792199611664,0.2460813671350479
26,medium,0.0248,ensemble,rotation,,20.0,20.0,0.5,124,125,,,,,,0.06197040528059006,0.2704603672027588,0.3901747465133667,0.38208457827568054
26,medium,0.0248,ensemble,rotation,,30.0,30.0,0.5,124,125,,,,,,0.08008543401956558,0.3388673961162567,0.4868425726890564,0.5060290694236755
26,medium,0.0248,sweep,translation,0.0,0.0,,0.5,124,125,7.152557373046875e-07,4.887580871582031e-06,2.403809730822104e-06,3.204341396667587e-07,2.403809730822104e-06,,,,
26,medium,0.0248,sweep,translation,1.0,1.0,,0.5,124,125,0.07420527935028076,0.35419243574142456,0.32341107726097107,0.31217095255851746,0.33064770698547363,,,,
26,medium,0.0248,sweep,translation,2.0,2.0,,0.5,124,125,0.06351375579833984,0.388289213180542,0.3212713301181793,0.3346477150917053,0.3315584063529968,,,,
26,medium,0.0248,sweep,translation,4.0,4.0,,0.5,124,125,0.11601132154464722,0.48909831047058105,0.3963285982608795,0.36157143115997314,0.40412113070487976,,,,
26,medium,0.0248,sweep,translation,6.0,6.0,,0.5,124,125,0.1098981499671936,0.3844263553619385,0.4390202760696411,0.4299393892288208,0.4393676519393921,,,,
26,medium,0.0248,sweep,translation,8.0,8.0,,0.5,124,125,0.05796438455581665,0.3923952579498291,0.40091606974601746,0.42725107073783875,0.3674635887145996,,,,
26,medium,0.0248,ensemble,translation,,2.0,2.0,0.5,124,125,,,,,,0.05638592690229416,0.2226352095603943,0.362665057182312,0.3562854528427124
26,medium,0.0248,ensemble,translation,,4.0,4.0,0.5,124,125,,,,,,0.056757181882858276,0.2326759696006775,0.4696379005908966,0.48054322600364685
26,medium,0.0248,ensemble,translation,,6.0,6.0,0.5,124,125,,,,,,0.06316867470741272,0.2670898139476776,0.5292758941650391,0.5657464861869812
26,medium,0.0248,sweep,scaling,0.8,0.2231435513142097,,0.5,124,125,0.06365180015563965,0.33400946855545044,0.43482184410095215,0.3972092270851135,0.44184496998786926,,,,
26,medium,0.0248,sweep,scaling,0.9,0.10536051565782628,,0.5,124,125,0.05403345823287964,0.40328967571258545,0.33998924493789673,0.34240782260894775,0.3356371223926544,,,,
26,medium,0.0248,sweep,scaling,1.0,0.0,,0.5,124,125,7.152557373046875e-07,4.887580871582031e-06,2.403809730822104e-06,3.204341396667587e-07,2.403809730822104e-06,,,,
26,medium,0.0248,sweep,scaling,1.1,0.09531017980432493,,0.5,124,125,0.055538058280944824,0.40487492084503174,0.3907529413700104,0.3778250217437744,0.4008133113384247,,,,
26,medium,0.0248,sweep,scaling,1.25,0.22314355131420976,,0.5,124,125,0.07354110479354858,0.3349339962005615,0.45877164602279663,0.5153062343597412,0.45323386788368225,,,,
26,medium,0.0248,sweep,scaling,1.5,0.4054651081081644,,0.5,124,125,0.07161980867385864,0.2950270175933838,0.45950740575790405,0.5805456638336182,0.476175457239151,,,,
26,medium,0.0248,ensemble,scaling,,0.1,0.1,0.5,124,125,,,,,,0.01689048856496811,0.0668708011507988,0.11686426401138306,0.0741632729768753
26,medium,0.0248,ensemble,scaling,,0.2,0.2,0.5,124,125,,,,,,0.033543795347213745,0.15716320276260376,0.22894349694252014,0.19089242815971375
26,medium,0.0248,ensemble,scaling,,0.3,0.3,0.5,124,125,,,,,,0.03922652453184128,0.1965649276971817,0.2934192717075348,0.24981394410133362
26,medium,0.0248,sweep,flip,0.0,0.0,,0.5,124,125,3.5762786865234375e-07,1.430511474609375e-06,1.3118389006194775e-06,1.170596704014315e-07,1.3118389006194775e-06,,,,
26,medium,0.0248,sweep,flip,1.0,1.0,,0.5,124,125,0.040720462799072266,0.26330626010894775,0.40081143379211426,0.4642912745475769,0.3081469237804413,,,,
26,medium,0.0248,sweep,shear,0.0,0.0,,0.5,124,125,5.960464477539062e-07,2.5033950805664062e-06,1.8864441244659247e-06,2.464723820594372e-07,1.8864441244659247e-06,,,,
26,medium,0.0248,sweep,shear,0.05,0.05,,0.5,124,125,0.05122840404510498,0.41874516010284424,0.32591187953948975,0.3069692850112915,0.3201245665550232,,,,
26,medium,0.0248,sweep,shear,0.1,0.1,,0.5,124,125,0.05415380001068115,0.38560283184051514,0.314655601978302,0.2998645603656769,0.3128323256969452,,,,
26,medium,0.0248,sweep,shear,0.2,0.2,,0.5,124,125,0.05205744504928589,0.39915090799331665,0.3309250473976135,0.3283764719963074,0.3296028673648834,,,,
26,medium,0.0248,sweep,shear,0.3,0.3,,0.5,124,125,0.05851083993911743,0.3905884027481079,0.3689262568950653,0.3642648458480835,0.37195688486099243,,,,
26,medium,0.0248,ensemble,shear,,0.1,0.1,0.5,124,125,,,,,,0.029884273186326027,0.1768261045217514,0.1634313464164734,0.14871786534786224
26,medium,0.0248,ensemble,shear,,0.2,0.2,0.5,124,125,,,,,,0.049999553710222244,0.2414986789226532,0.20484285056591034,0.19238074123859406
26,medium,0.0248,ensemble,shear,,0.3,0.3,0.5,124,125,,,,,,0.05248386785387993,0.24420540034770966,0.22686198353767395,0.20571810007095337
26,medium,0.0248,sweep,rotation,0.0,0.0,,0.7,75,174,3.5762786865234375e-07,8.940696716308594e-07,8.234853794419905e-07,2.339452898070249e-08,8.234853794419905e-07,,,,
26,medium,0.0248,sweep,rotation,5.0,5.0,,0.7,75,174,0.038908958435058594,0.1309119462966919,0.2817522883415222,0.2517149746417999,0.27808696031570435,,,,
26,medium,0.0248,sweep,rotation,10.0,10.0,,0.7,75,174,0.061921775341033936,0.1340351104736328,0.35670268535614014,0.375687837600708,0.2754708230495453,,,,
26,medium,0.0248,sweep,rotation,20.0,20.0,,0.7,75,174,0.06547969579696655,0.17817974090576172,0.5132174491882324,0.48684683442115784,0.3125384449958801,,,,
26,medium,0.0248,sweep,rotation,30.0,30.0,,0.7,75,174,0.2037804126739502,0.5027629733085632,0.5897002220153809,0.5665715932846069,0.3880153298377991,,,,
26,medium,0.0248,sweep,rotation,45.0,45.0,,0.7,75,174,0.11931264400482178,0.2715674638748169,0.6839349269866943,0.6872879862785339,0.38165080547332764,,,,
26,medium,0.0248,ensemble,rotation,,10.0,10.0,0.7,75,174,,,,,,0.04038276895880699,0.14105114340782166,0.2510778605937958,0.23221798241138458
26,medium,0.0248,ensemble,rotation,,20.0,20.0,0.7,75,174,,,,,,0.051654260605573654,0.1681942343711853,0.38988909125328064,0.36570820212364197
26,medium,0.0248,ensemble,rotation,,30.0,30.0,0.7,75,174,,,,,,0.0851619616150856,0.2968507707118988,0.4729292392730713,0.45980605483055115
26,medium,0.0248,sweep,translation,0.0,0.0,,0.7,75,174,3.5762786865234375e-07,8.940696716308594e-07,8.234853794419905e-07,2.339452898070249e-08,8.234853794419905e-07,,,,
26,medium,0.0248,sweep,translation,1.0,1.0,,0.7,75,174,0.04684251546859741,0.11873245239257812,0.14746907353401184,0.2508304715156555,0.13929632306098938,,,,
26,medium,0.0248,sweep,translation,2.0,2.0,,0.7,75,174,0.04037880897521973,0.15627551078796387,0.2285383939743042,0.30182236433029175,0.2007329761981964,,,,
26,medium,0.0248,sweep,translation,4.0,4.0,,0.7,75,174,0.040641188621520996,0.1733277440071106,0.24055539071559906,0.35000354051589966,0.19917866587638855,,,,
26,medium,0.0248,sweep,translation,6.0,6.0,,0.7,75,174,0.06239485740661621,0.18846237659454346,0.34850969910621643,0.39005565643310547,0.2845635712146759,,,,
26,medium,0.0248,sweep,translation,8.0,8.0,,0.7,75,174,0.09224945306777954,0.2713702321052551,0.3699016273021698,0.3977920413017273,0.31156086921691895,,,,
26,medium,0.0248,ensemble,translation,,2.0,2.0,0.7,75,174,,,,,,0.044511955231428146,0.12012142688035965,0.3397930860519409,0.360285222530365
26,medium,0.0248,ensemble,translation,,4.0,4.0,0.7,75,174,,,,,,0.055479228496551514,0.17078746855258942,0.468479722738266,0.4746752381324768
26,medium,0.0248,ensemble,translation,,6.0,6.0,0.7,75,174,,,,,,0.07027667760848999,0.21453838050365448,0.5582401752471924,0.568794846534729
26,medium,0.0248,sweep,scaling,0.8,0.2231435513142097,,0.7,75,174,0.05688965320587158,0.13474124670028687,0.35222509503364563,0.30819833278656006,0.3257434666156769,,,,
26,medium,0.0248,sweep,scaling,0.9,0.10536051565782628,,0.7,75,174,0.04092109203338623,0.09047001600265503,0.27263492345809937,0.22695672512054443,0.2586457133293152,,,,
26,medium,0.0248,sweep,scaling,1.0,0.0,,0.7,75,174,3.5762786865234375e-07,8.940696716308594e-07,8.234853794419905e-07,2.339452898070249e-08,8.234853794419905e-07,,,,
26,medium,0.0248,sweep,scaling,1.1,0.09531017980432493,,0.7,75,174,0.04039788246154785,0.11287212371826172,0.27019286155700684,0.20509743690490723,0.25966906547546387,,,,
26,medium,0.0248,sweep,scaling,1.25,0.22314355131420976,,0.7,75,174,0.1626942753791809,0.42639797925949097,0.47572410106658936,0.29574087262153625,0.45624279975891113,,,,
26,medium,0.0248,sweep,scaling,1.5,0.4054651081081644,,0.7,75,174,0.12425631284713745,0.4901103973388672,0.6060783267021179,0.43514057993888855,0.5795810222625732,,,,
26,medium,0.0248,ensemble,scaling,,0.1,0.1,0.7,75,174,,,,,,0.025655101984739304,0.08962801098823547,0.14049232006072998,0.11244197934865952
26,medium,0.0248,ensemble,scaling,,0.2,0.2,0.7,75,174,,,,,,0.04984244331717491,0.22338330745697021,0.23859469592571259,0.19152291119098663
26,medium,0.0248,ensemble,scaling,,0.3,0.3,0.7,75,174,,,,,,0.07754768431186676,0.20120158791542053,0.34344980120658875,0.25846463441848755
26,medium,0.0248,sweep,flip,0.0,0.0,,0.7,75,174,1.7881393432617188e-07,9.5367431640625e-07,9.294121241509856e-07,3.071567533652342e-08,9.294121241509856e-07,,,,
26,medium,0.0248,sweep,flip,1.0,1.0,,0.7,75,174,0.06292176246643066,0.20349502563476562,0.4224703311920166,0.5064070224761963,0.25867271423339844,,,,
26,medium,0.0248,sweep,shear,0.0,0.0,,0.7,75,174,3.5762786865234375e-07,7.152557373046875e-07,7.990381618583342e-07,2.3477618071865436e-08,7.990381618583342e-07,,,,
26,medium,0.0248,sweep,shear,0.05,0.05,,0.7,75,174,0.035385191440582275,0.07343184947967529,0.17541974782943726,0.09664911031723022,0.17411455512046814,,,,
26,medium,0.0248,sweep,shear,0.1,0.1,,0.7,75,174,0.025310993194580078,0.08003902435302734,0.1917532980442047,0.13349635899066925,0.19132943451404572,,,,
26,medium,0.0248,sweep,shear,0.2,0.2,,0.7,75,174,0.03875935077667236,0.08813822269439697,0.228457972407341,0.1891343891620636,0.2234208881855011,,,,
26,medium,0.0248,sweep,shear,0.3,0.3,,0.7,75,174,0.034514427185058594,0.08473443984985352,0.22302789986133575,0.23312829434871674,0.21004527807235718,,,,
26,medium,0.0248,ensemble,shear,,0.1,0.1,0.7,75,174,,,,,,0.02005665935575962,0.04736824706196785,0.0931687206029892,0.05978107824921608
26,medium,0.0248,ensemble,shear,,0.2,0.2,0.7,75,174,,,,,,0.02858821675181389,0.07221429795026779,0.13997620344161987,0.11840207129716873
26,medium,0.0248,ensemble,shear,,0.3,0.3,0.7,75,174,,,,,,0.02941579557955265,0.08217957615852356,0.16122213006019592,0.15585868060588837
94,medium,0.0244,sweep,rotation,0.0,0.0,,0.3,174,75,1.1324882507324219e-06,8.344650268554688e-07,1.530854888187605e-06,4.2807775457731623e-07,1.530854888187605e-06,,,,
94,medium,0.0244,sweep,rotation,5.0,5.0,,0.3,174,75,0.07697618007659912,0.1422027349472046,0.4377215802669525,0.49308618903160095,0.4491201639175415,,,,
94,medium,0.0244,sweep,rotation,10.0,10.0,,0.3,174,75,0.06968057155609131,0.14661020040512085,0.45775067806243896,0.5877953767776489,0.47851788997650146,,,,
94,medium,0.0244,sweep,rotation,20.0,20.0,,0.3,174,75,0.11487650871276855,0.15583139657974243,0.7109369039535522,0.9245659112930298,0.7001632452011108,,,,
94,medium,0.0244,sweep,rotation,30.0,30.0,,0.3,174,75,0.1224755048751831,0.17106813192367554,0.73343425989151,0.9240080118179321,0.7436648607254028,,,,
94,medium,0.0244,sweep,rotation,45.0,45.0,,0.3,174,75,0.08631742000579834,0.1239844560623169,0.6554183959960938,1.0019018650054932,0.7223570346832275,,,,
94,medium,0.0244,ensemble,rotation,,10.0,10.0,0.3,174,75,,,,,,0.05938045307993889,0.09089909493923187,0.30682510137557983,0.3704749047756195
94,medium,0.0244,ensemble,rotation,,20.0,20.0,0.3,174,75,,,,,,0.07206063717603683,0.12407825142145157,0.47183239459991455,0.6208555102348328
94,medium,0.0244,ensemble,rotation,,30.0,30.0,0.3,174,75,,,,,,0.08783615380525589,0.10903812944889069,0.5166198015213013,0.6793449521064758
94,medium,0.0244,sweep,translation,0.0,0.0,,0.3,174,75,1.1324882507324219e-06,8.344650268554688e-07,1.530854888187605e-06,4.2807775457731623e-07,1.530854888187605e-06,,,,
94,medium,0.0244,sweep,translation,1.0,1.0,,0.3,174,75,0.04580259323120117,0.06632184982299805,0.11589114367961884,0.23932214081287384,0.18104766309261322,,,,
94,medium,0.0244,sweep,translation,2.0,2.0,,0.3,174,75,0.05918538570404053,0.06287121772766113,0.20602183043956757,0.3615841269493103,0.3236871659755707,,,,
94,medium,0.0244,sweep,translation,4.0,4.0,,0.3,174,75,0.08503133058547974,0.12531185150146484,0.6805766224861145,0.9759213924407959,0.6938973069190979,,,,
94,medium,0.0244,sweep,translation,6.0,6.0,,0.3,174,75,0.13477694988250732,0.08458828926086426,0.6762851476669312,1.0423927307128906,0.610151469707489,,,,
94,medium,0.0244,sweep,translation,8.0,8.0,,0.3,174,75,0.10423064231872559,0.14310765266418457,0.7203592658042908,1.0095715522766113,0.6880680322647095,,,,
94,medium,0.0244,ensemble,translation,,2.0,2.0,0.3,174,75,,,,,,0.09187107533216476,0.100969098508358,0.4308091998100281,0.6430853009223938
94,medium,0.0244,ensemble,translation,,4.0,4.0,0.3,174,75,,,,,,0.06268639862537384,0.1237039789557457,0.4891132712364197,0.7616904377937317
94,medium,0.0244,ensemble,translation,,6.0,6.0,0.3,174,75,,,,,,0.09128070622682571,0.14059573411941528,0.5572261214256287,0.8514483571052551
94,medium,0.0244,sweep,scaling,0.8,0.2231435513142097,,0.3,174,75,0.04625213146209717,0.11959660053253174,0.3290878236293793,0.3295760452747345,0.423857182264328,,,,
94,medium,0.0244,sweep,scaling,0.9,0.10536051565782628,,0.3,174,75,0.028701186180114746,0.062036871910095215,0.0799105241894722,0.12538376450538635,0.1812158226966858,,,,
94,medium,0.0244,sweep,scaling,1.0,0.0,,0.3,174,75,1.1324882507324219e-06,8.344650268554688e-07,1.530854888187605e-06,4.2807775457731623e-07,1.530854888187605e-06,,,,
94,medium,0.0244,sweep,scaling,1.1,0.09531017980432493,,0.3,174,75,0.059101402759552,0.11421418190002441,0.4111134707927704,0.5083391070365906,0.40323925018310547,,,,
94,medium,0.0244,sweep,scaling,1.25,0.22314355131420976,,0.3,174,75,0.12259912490844727,0.11078554391860962,0.6598107814788818,0.8545538187026978,0.7268913388252258,,,,
94,medium,0.0244,sweep,scaling,1.5,0.4054651081081644,,0.3,174,75,0.08409380912780762,0.14263081550598145,0.7200661897659302,0.9933606386184692,0.7924980521202087,,,,
94,medium,0.0244,ensemble,scaling,,0.1,0.1,0.3,174,75,,,,,,0.04747876152396202,0.0752047523856163,0.24896128475666046,0.3015955090522766
94,medium,0.0244,ensemble,scaling,,0.2,0.2,0.3,174,75,,,,,,0.07836532592773438,0.10265161842107773,0.3568214774131775,0.4561547040939331
94,medium,0.0244,ensemble,scaling,,0.3,0.3,0.3,174,75,,,,,,0.08618321269750595,0.13545402884483337,0.46343982219696045,0.5848591327667236
94,medium,0.0244,sweep,flip,0.0,0.0,,0.3,174,75,1.3113021850585938e-06,1.6689300537109375e-06,3.656430635601282e-06,1.1488792779346113e-06,3.656430635601282e-06,,,,
94,medium,0.0244,sweep,flip,1.0,1.0,,0.3,174,75,0.12849563360214233,0.27083820104599,0.5539693236351013,0.6970412731170654,0.7264869809150696,,,,
94,medium,0.0244,sweep,shear,0.0,0.0,,0.3,174,75,9.5367431640625e-07,8.940696716308594e-07,1.475277031204314e-06,2.8447320232771744e-07,1.475277031204314e-06,,,,
94,medium,0.0244,sweep,shear,0.05,0.05,,0.3,174,75,0.019977211952209473,0.011702179908752441,0.017918284982442856,0.013209818862378597,0.046016041189432144,,,,
94,medium,0.0244,sweep,shear,0.1,0.1,,0.3,174,75,0.05978161096572876,0.04721808433532715,0.15122142434120178,0.24432134628295898,0.1862427145242691,,,,
94,medium,0.0244,sweep,shear,0.2,0.2,,0.3,174,75,0.05375748872756958,0.08327758312225342,0.36491328477859497,0.4487456679344177,0.43879884481430054,,,,
94,medium,0.0244,sweep,shear,0.3,0.3,,0.3,174,75,0.053385913372039795,0.09236735105514526,0.4518328011035919,0.6159946918487549,0.5047252178192139,,,,
94,medium,0.0244,ensemble,shear,,0.1,0.1,0.3,174,75,,,,,,0.03984192758798599,0.055896975100040436,0.21062685549259186,0.2532848119735718
94,medium,0.0244,ensemble,shear,,0.2,0.2,0.3,174,75,,,,,,0.042399827390909195,0.05821220576763153,0.22303514182567596,0.2824435234069824
94,medium,0.0244,ensemble,shear,,0.3,0.3,0.3,174,75,,,,,,0.05063950642943382,0.07914195954799652,0.3247307538986206,0.40858104825019836
94,medium,0.0244,sweep,rotation,0.0,0.0,,0.5,124,125,1.9073486328125e-06,5.364418029785156e-07,3.9520071482002095e-07,5.589411244955045e-08,3.9520071482002095e-07,,,,
94,medium,0.0244,sweep,rotation,5.0,5.0,,0.5,124,125,0.08372682332992554,0.09762418270111084,0.1986309289932251,0.2606706917285919,0.2235024869441986,,,,
94,medium,0.0244,sweep,rotation,10.0,10.0,,0.5,124,125,0.10564661026000977,0.10361236333847046,0.30972862243652344,0.3222418427467346,0.30425986647605896,,,,
94,medium,0.0244,sweep,rotation,20.0,20.0,,0.5,124,125,0.1243930459022522,0.17844998836517334,0.4192974269390106,0.538621723651886,0.2988358736038208,,,,
94,medium,0.0244,sweep,rotation,30.0,30.0,,0.5,124,125,0.16430389881134033,0.15305203199386597,0.5234218835830688,0.584924578666687,0.38375207781791687,,,,
94,medium,0.0244,sweep,rotation,45.0,45.0,,0.5,124,125,0.12130188941955566,0.13453412055969238,0.5660582780838013,0.6071664094924927,0.3189374804496765,,,,
94,medium,0.0244,ensemble,rotation,,10.0,10.0,0.5,124,125,,,,,,0.0917973667383194,0.15066638588905334,0.2701442837715149,0.269926518201828
94,medium,0.0244,ensemble,rotation,,20.0,20.0,0.5,124,125,,,,,,0.11994582414627075,0.1819285750389099,0.3438798487186432,0.38029617071151733
94,medium,0.0244,ensemble,rotation,,30.0,30.0,0.5,124,125,,,,,,0.11110224574804306,0.17443743348121643,0.3905560076236725,0.43497195839881897
94,medium,0.0244,sweep,translation,0.0,0.0,,0.5,124,125,1.9073486328125e-06,5.364418029785156e-07,3.9520071482002095e-07,5.589411244955045e-08,3.9520071482002095e-07,,,,
94,medium,0.0244,sweep,translation,1.0,1.0,,0.5,124,125,0.19217610359191895,0.14617156982421875,0.4156486690044403,0.5067377686500549,0.38238123059272766,,,,
94,medium,0.0244,sweep,translation,2.0,2.0,,0.5,124,125,0.0973665714263916,0.1972658634185791,0.4036546051502228,0.5207412242889404,0.35103482007980347,,,,
94,medium,0.0244,sweep,translation,4.0,4.0,,0.5,124,125,0.12022817134857178,0.1470102071762085,0.3686133027076721,0.40022513270378113,0.26058197021484375,,,,
94,medium,0.0244,sweep,translation,6.0,6.0,,0.5,124,125,0.1165086030960083,0.20676159858703613,0.4940963387489319,0.6130704879760742,0.37771880626678467,,,,
94,medium,0.0244,sweep,translation,8.0,8.0,,0.5,124,125,0.1107933521270752,0.1282578706741333,0.5564737319946289,0.5952582955360413,0.4592429995536804,,,,
94,medium,0.0244,ensemble,translation,,2.0,2.0,0.5,124,125,,,,,,0.11865856498479843,0.13374727964401245,0.36129462718963623,0.40372565388679504
94,medium,0.0244,ensemble,translation,,4.0,4.0,0.5,124,125,,,,,,0.11304841935634613,0.13802292943000793,0.3889842629432678,0.4026607275009155
94,medium,0.0244,ensemble,translation,,6.0,6.0,0.5,124,125,,,,,,0.14903175830841064,0.1837143748998642,0.46909451484680176,0.4266285002231598
94,medium,0.0244,sweep,scaling,0.8,0.2231435513142097,,0.5,124,125,0.1568586826324463,0.10075008869171143,0.3302953243255615,0.3350713849067688,0.36040616035461426,,,,
94,medium,0.0244,sweep,scaling,0.9,0.10536051565782628,,0.5,124,125,0.10609352588653564,0.11908650398254395,0.330121248960495,0.27622878551483154,0.32424554228782654,,,,
94,medium,0.0244,sweep,scaling,1.0,0.0,,0.5,124,125,1.9073486328125e-06,5.364418029785156e-07,3.9520071482002095e-07,5.589411244955045e-08,3.9520071482002095e-07,,,,
94,medium,0.0244,sweep,scaling,1.1,0.09531017980432493,,0.5,124,125,0.08511531352996826,0.16074520349502563,0.21590614318847656,0.3135559558868408,0.1891050785779953,,,,
94,medium,0.0244,sweep,scaling,1.25,0.22314355131420976,,0.5,124,125,0.0937698483467102,0.13955986499786377,0.32067230343818665,0.46051356196403503,0.24972258508205414,,,,
94,medium,0.0244,sweep,scaling,1.5,0.4054651081081644,,0.5,124,125,0.10930037498474121,0.24667489528656006,0.5412660837173462,0.6619640588760376,0.4773833155632019,,,,
94,medium,0.0244,ensemble,scaling,,0.1,0.1,0.5,124,125,,,,,,0.08916392177343369,0.11411604285240173,0.2261117696762085,0.20659534633159637
94,medium,0.0244,ensemble,scaling,,0.2,0.2,0.5,124,125,,,,,,0.11497584730386734,0.10482870787382126,0.23206274211406708,0.24062076210975647
94,medium,0.0244,ensemble,scaling,,0.3,0.3,0.5,124,125,,,,,,0.13310210406780243,0.1565682590007782,0.2894837260246277,0.31400930881500244
94,medium,0.0244,sweep,flip,0.0,0.0,,0.5,124,125,2.1457672119140625e-06,9.5367431640625e-07,6.66974244722951e-07,1.3426949863060145e-07,6.66974244722951e-07,,,,
94,medium,0.0244,sweep,flip,1.0,1.0,,0.5,124,125,0.09113681316375732,0.19603967666625977,0.6222522258758545,0.5584466457366943,0.3598240613937378,,,,
94,medium,0.0244,sweep,shear,0.0,0.0,,0.5,124,125,4.887580871582031e-06,8.344650268554688e-07,4.696273379067861e-07,8.284092700705514e-08,4.696273379067861e-07,,,,
94,medium,0.0244,sweep,shear,0.05,0.05,,0.5,124,125,0.07599914073944092,0.18003404140472412,0.25358161330223083,0.21067500114440918,0.26183241605758667,,,,
94,medium,0.0244,sweep,shear,0.1,0.1,,0.5,124,125,0.16779106855392456,0.17037570476531982,0.4034355878829956,0.35374653339385986,0.41199925541877747,,,,
94,medium,0.0244,sweep,shear,0.2,0.2,,0.5,124,125,0.1426134705543518,0.1384320855140686,0.39214685559272766,0.41208478808403015,0.40647438168525696,,,,
94,medium,0.0244,sweep,shear,0.3,0.3,,0.5,124,125,0.09808671474456787,0.13112688064575195,0.43653982877731323,0.4639723300933838,0.45150938630104065,,,,
94,medium,0.0244,ensemble,shear,,0.1,0.1,0.5,124,125,,,,,,0.07871469855308533,0.10323317348957062,0.21027709543704987,0.19956780970096588
94,medium,0.0244,ensemble,shear,,0.2,0.2,0.5,124,125,,,,,,0.117097407579422,0.1233331561088562,0.2901659905910492,0.30508697032928467
94,medium,0.0244,ensemble,shear,,0.3,0.3,0.5,124,125,,,,,,0.1246371865272522,0.164030060172081,0.3177982568740845,0.3613947927951813
94,medium,0.0244,sweep,rotation,0.0,0.0,,0.7,75,174,0.0005022883415222168,0.0007724761962890625,0.00028385152108967304,5.506708475877531e-05,0.00028385152108967304,,,,
94,medium,0.0244,sweep,rotation,5.0,5.0,,0.7,75,174,0.06092792749404907,0.06933718919754028,0.19077233970165253,0.2612834572792053,0.1396474689245224,,,,
94,medium,0.0244,sweep,rotation,10.0,10.0,,0.7,75,174,0.05433732271194458,0.08812057971954346,0.2714669108390808,0.33567458391189575,0.1646265834569931,,,,
94,medium,0.0244,sweep,rotation,20.0,20.0,,0.7,75,174,0.054788291454315186,0.09125858545303345,0.35144275426864624,0.41342663764953613,0.1829008013010025,,,,
94,medium,0.0244,sweep,rotation,30.0,30.0,,0.7,75,174,0.06437987089157104,0.10435742139816284,0.4272785186767578,0.4347211718559265,0.18642941117286682,,,,
94,medium,0.0244,sweep,rotation,45.0,45.0,,0.7,75,174,0.07067549228668213,0.15623164176940918,0.5339159965515137,0.5140341520309448,0.20543953776359558,,,,
94,medium,0.0244,ensemble,rotation,,10.0,10.0,0.7,75,174,,,,,,0.05887414142489433,0.11238370835781097,0.22917334735393524,0.24723374843597412
94,medium,0.0244,ensemble,rotation,,20.0,20.0,0.7,75,174,,,,,,0.06945409625768661,0.10321031510829926,0.30152976512908936,0.3306722044944763
94,medium,0.0244,ensemble,rotation,,30.0,30.0,0.7,75,174,,,,,,0.06417052447795868,0.11962898075580597,0.35388055443763733,0.3732184171676636
94,medium,0.0244,sweep,translation,0.0,0.0,,0.7,75,174,0.0005022883415222168,0.0007724761962890625,0.00028385152108967304,5.506708475877531e-05,0.00028385152108967304,,,,
94,medium,0.0244,sweep,translation,1.0,1.0,,0.7,75,174,0.0629773736000061,0.29864269495010376,0.22254729270935059,0.325572669506073,0.15738005936145782,,,,
94,medium,0.0244,sweep,translation,2.0,2.0,,0.7,75,174,0.04466116428375244,0.10176712274551392,0.2936598062515259,0.47974130511283875,0.14364981651306152,,,,
94,medium,0.0244,sweep,translation,4.0,4.0,,0.7,75,174,0.04250681400299072,0.08817648887634277,0.4048663079738617,0.5047334432601929,0.13943389058113098,,,,
94,medium,0.0244,sweep,translation,6.0,6.0,,0.7,75,174,0.047339677810668945,0.12230175733566284,0.42008501291275024,0.4474808871746063,0.15264566242694855,,,,
94,medium,0.0244,sweep,translation,8.0,8.0,,0.7,75,174,0.04975783824920654,0.1663607358932495,0.4285164475440979,0.4775635898113251,0.14719095826148987,,,,
94,medium,0.0244,ensemble,translation,,2.0,2.0,0.7,75,174,,,,,,0.06544189155101776,0.11090733110904694,0.2757492959499359,0.3287579119205475
94,medium,0.0244,ensemble,translation,,4.0,4.0,0.7,75,174,,,,,,0.07741504907608032,0.12859582901000977,0.35419970750808716,0.4058156907558441
94,medium,0.0244,ensemble,translation,,6.0,6.0,0.7,75,174,,,,,,0.07091887295246124,0.11050405353307724,0.4153237044811249,0.4214261770248413
94,medium,0.0244,sweep,scaling,0.8,0.2231435513142097,,0.7,75,174,0.08530783653259277,0.12505364418029785,0.32480141520500183,0.3962309956550598,0.21125085651874542,,,,
94,medium,0.0244,sweep,scaling,0.9,0.10536051565782628,,0.7,75,174,0.08235973119735718,0.10569345951080322,0.18644943833351135,0.26226934790611267,0.14413900673389435,,,,
94,medium,0.0244,sweep,scaling,1.0,0.0,,0.7,75,174,0.0005022883415222168,0.0007724761962890625,0.00028385152108967304,5.506708475877531e-05,0.00028385152108967304,,,,
94,medium,0.0244,sweep,scaling,1.1,0.09531017980432493,,0.7,75,174,0.03906172513961792,0.05691993236541748,0.2011701464653015,0.26458489894866943,0.13388973474502563,,,,
94,medium,0.0244,sweep,scaling,1.25,0.22314355131420976,,0.7,75,174,0.04227161407470703,0.07010650634765625,0.33339744806289673,0.3975779712200165,0.17226561903953552,,,,
94,medium,0.0244,sweep,scaling,1.5,0.4054651081081644,,0.7,75,174,0.11371326446533203,0.1425328254699707,0.4183559715747833,0.48107200860977173,0.2165742814540863,,,,
94,medium,0.0244,ensemble,scaling,,0.1,0.1,0.7,75,174,,,,,,0.060037776827812195,0.09113363176584244,0.17206236720085144,0.17503227293491364
94,medium,0.0244,ensemble,scaling,,0.2,0.2,0.7,75,174,,,,,,0.07548913359642029,0.12897606194019318,0.2542792558670044,0.2650188207626343
94,medium,0.0244,ensemble,scaling,,0.3,0.3,0.7,75,174,,,,,,0.07947089523077011,0.1287735104560852,0.3020322918891907,0.31323012709617615
94,medium,0.0244,sweep,flip,0.0,0.0,,0.7,75,174,0.00028955936431884766,0.0004417300224304199,0.00016210436297114938,3.2181218557525426e-05,0.00016210436297114938,,,,
94,medium,0.0244,sweep,flip,1.0,1.0,,0.7,75,174,0.0532870888710022,0.20487576723098755,0.5340611934661865,0.5522757768630981,0.2024133950471878,,,,
94,medium,0.0244,sweep,shear,0.0,0.0,,0.7,75,174,4.094839096069336e-05,7.140636444091797e-05,3.052789543289691e-05,6.428803317248821e-06,3.052789543289691e-05,,,,
94,medium,0.0244,sweep,shear,0.05,0.05,,0.7,75,174,0.04987335205078125,0.08517169952392578,0.16506914794445038,0.14447703957557678,0.14292402565479279,,,,
94,medium,0.0244,sweep,shear,0.1,0.1,,0.7,75,174,0.05091124773025513,0.15707790851593018,0.21906419098377228,0.29331618547439575,0.16389751434326172,,,,
94,medium,0.0244,sweep,shear,0.2,0.2,,0.7,75,174,0.034856200218200684,0.11475443840026855,0.2828602194786072,0.3764302432537079,0.16384384036064148,,,,
94,medium,0.0244,sweep,shear,0.3,0.3,,0.7,75,174,0.049848079681396484,0.15578341484069824,0.3254288136959076,0.44468146562576294,0.16798321902751923,,,,
94,medium,0.0244,ensemble,shear,,0.1,0.1,0.7,75,174,,,,,,0.03052234649658203,0.09505347162485123,0.15137577056884766,0.16305063664913177
94,medium,0.0244,ensemble,shear,,0.2,0.2,0.7,75,174,,,,,,0.05569539964199066,0.11853601783514023,0.2215048372745514,0.2718525826931
94,medium,0.0244,ensemble,shear,,0.3,0.3,0.7,75,174,,,,,,0.07488419115543365,0.12184390425682068,0.28068405389785767,0.3317910134792328
69,medium,0.0232,sweep,rotation,0.0,0.0,,0.3,174,75,1.9073486328125e-06,6.794929504394531e-06,6.055667199689196e-06,1.3081175893603358e-06,6.055667199689196e-06,,,,
69,medium,0.0232,sweep,rotation,5.0,5.0,,0.3,174,75,0.08053845167160034,0.09889006614685059,0.2095755934715271,0.17809414863586426,0.24978062510490417,,,,
69,medium,0.0232,sweep,rotation,10.0,10.0,,0.3,174,75,0.06610900163650513,0.12026983499526978,0.23997870087623596,0.24096566438674927,0.3047601580619812,,,,
69,medium,0.0232,sweep,rotation,20.0,20.0,,0.3,174,75,0.10139662027359009,0.14499115943908691,0.28207188844680786,0.3111443519592285,0.4202022850513458,,,,
69,medium,0.0232,sweep,rotation,30.0,30.0,,0.3,174,75,0.08458572626113892,0.18400514125823975,0.32520177960395813,0.38961201906204224,0.4309574067592621,,,,
69,medium,0.0232,sweep,rotation,45.0,45.0,,0.3,174,75,0.09133994579315186,0.22118771076202393,0.4773794412612915,0.6607719659805298,0.5318542122840881,,,,
69,medium,0.0232,ensemble,rotation,,10.0,10.0,0.3,174,75,,,,,,0.07416953891515732,0.12204525619745255,0.23136532306671143,0.23139145970344543
69,medium,0.0232,ensemble,rotation,,20.0,20.0,0.3,174,75,,,,,,0.0646297037601471,0.12659333646297455,0.2739534080028534,0.3078421354293823
69,medium,0.0232,ensemble,rotation,,30.0,30.0,0.3,174,75,,,,,,0.06691571325063705,0.14977775514125824,0.30911481380462646,0.3650985062122345
69,medium,0.0232,sweep,translation,0.0,0.0,,0.3,174,75,1.9073486328125e-06,6.794929504394531e-06,6.055667199689196e-06,1.3081175893603358e-06,6.055667199689196e-06,,,,
69,medium,0.0232,sweep,translation,1.0,1.0,,0.3,174,75,0.018228650093078613,0.037247419357299805,0.08250796794891357,0.07707561552524567,0.13110357522964478,,,,
69,medium,0.0232,sweep,translation,2.0,2.0,,0.3,174,75,0.058543860912323,0.08392524719238281,0.22781617939472198,0.23354893922805786,0.31899014115333557,,,,
69,medium,0.0232,sweep,translation,4.0,4.0,,0.3,174,75,0.059921443462371826,0.1949751377105713,0.3630617558956146,0.4611058235168457,0.4383307993412018,,,,
69,medium,0.0232,sweep,translation,6.0,6.0,,0.3,174,75,0.13389039039611816,0.14547181129455566,0.39648735523223877,0.7735376358032227,0.476951003074646,,,,
69,medium,0.0232,sweep,translation,8.0,8.0,,0.3,174,75,0.11960023641586304,0.2085004448890686,0.4310212731361389,0.5874131917953491,0.480532705783844,,,,
69,medium,0.0232,ensemble,translation,,2.0,2.0,0.3,174,75,,,,,,0.05267081782221794,0.09636547416448593,0.23673823475837708,0.23379068076610565
69,medium,0.0232,ensemble,translation,,4.0,4.0,0.3,174,75,,,,,,0.07794969528913498,0.11123080551624298,0.3379298150539398,0.42497313022613525
69,medium,0.0232,ensemble,translation,,6.0,6.0,0.3,174,75,,,,,,0.10137038677930832,0.18611885607242584,0.41516655683517456,0.6431941390037537
69,medium,0.0232,sweep,scaling,0.8,0.2231435513142097,,0.3,174,75,0.06123703718185425,0.07918047904968262,0.22888576984405518,0.26012924313545227,0.3063405156135559,,,,
69,medium,0.0232,sweep,scaling,0.9,0.10536051565782628,,0.3,174,75,0.017621278762817383,0.04501819610595703,0.10804121196269989,0.07966825366020203,0.20992030203342438,,,,
69,medium,0.0232,sweep,scaling,1.0,0.0,,0.3,174,75,1.9073486328125e-06,6.794929504394531e-06,6.055667199689196e-06,1.3081175893603358e-06,6.055667199689196e-06,,,,
69,medium,0.0232,sweep,scaling,1.1,0.09531017980432493,,0.3,174,75,0.11749553680419922,0.17106491327285767,0.34337475895881653,0.39842870831489563,0.4106962978839874,,,,
69,medium,0.0232,sweep,scaling,1.25,0.22314355131420976,,0.3,174,75,0.07646739482879639,0.11807924509048462,0.38537001609802246,0.4076114296913147,0.48185989260673523,,,,
69,medium,0.0232,sweep,scaling,1.5,0.4054651081081644,,0.3,174,75,0.11667776107788086,0.34714293479919434,0.5835505723953247,1.0604286193847656,0.627765417098999,,,,
69,medium,0.0232,ensemble,scaling,,0.1,0.1,0.3,174,75,,,,,,0.04782608896493912,0.08320718258619308,0.17635342478752136,0.18971778452396393
69,medium,0.0232,ensemble,scaling,,0.2,0.2,0.3,174,75,,,,,,0.0836973711848259,0.15245214104652405,0.28285202383995056,0.32551953196525574
69,medium,0.0232,ensemble,scaling,,0.3,0.3,0.3,174,75,,,,,,0.10189597308635712,0.17720690369606018,0.3431040346622467,0.4131332337856293
69,medium,0.0232,sweep,flip,0.0,0.0,,0.3,174,75,1.2099742889404297e-05,4.756450653076172e-05,5.783405504189432e-05,1.4554188965121284e-05,5.783405504189432e-05,,,,
69,medium,0.0232,sweep,flip,1.0,1.0,,0.3,174,75,0.06754779815673828,0.10864084959030151,0.2521617114543915,0.2837359607219696,0.37097296118736267,,,,
69,medium,0.0232,sweep,shear,0.0,0.0,,0.3,174,75,1.1920928955078125e-06,3.3974647521972656e-06,5.267039341561031e-06,7.098928449522646e-07,5.267039341561031e-06,,,,
69,medium,0.0232,sweep,shear,0.05,0.05,,0.3,174,75,0.012642383575439453,0.03185474872589111,0.038735438138246536,0.020849153399467468,0.06403535604476929,,,,
69,medium,0.0232,sweep,shear,0.1,0.1,,0.3,174,75,0.04045754671096802,0.041486144065856934,0.12696775794029236,0.07553903758525848,0.15945123136043549,,,,
69,medium,0.0232,sweep,shear,0.2,0.2,,0.3,174,75,0.04930591583251953,0.06479310989379883,0.16658928990364075,0.12192966043949127,0.23888657987117767,,,,
69,medium,0.0232,sweep,shear,0.3,0.3,,0.3,174,75,0.11480695009231567,0.11845505237579346,0.2380906194448471,0.24636685848236084,0.2975241243839264,,,,
69,medium,0.0232,ensemble,shear,,0.1,0.1,0.3,174,75,,,,,,0.04827084019780159,0.08287487924098969,0.18145187199115753,0.1578558087348938
69,medium,0.0232,ensemble,shear,,0.2,0.2,0.3,174,75,,,,,,0.058985039591789246,0.09247996658086777,0.21635529398918152,0.1986488699913025
69,medium,0.0232,ensemble,shear,,0.3,0.3,0.3,174,75,,,,,,0.07707729935646057,0.09010011702775955,0.244781032204628,0.25100836157798767
69,medium,0.0232,sweep,rotation,0.0,0.0,,0.5,124,125,1.0728836059570312e-06,1.0132789611816406e-06,1.5145991483223042e-06,1.844878170231823e-07,1.5145991483223042e-06,,,,
69,medium,0.0232,sweep,rotation,5.0,5.0,,0.5,124,125,0.059581756591796875,0.058507561683654785,0.21963194012641907,0.19294077157974243,0.22179873287677765,,,,
69,medium,0.0232,sweep,rotation,10.0,10.0,,0.5,124,125,0.05216604471206665,0.04906398057937622,0.26100292801856995,0.28840577602386475,0.2758636772632599,,,,
69,medium,0.0232,sweep,rotation,20.0,20.0,,0.5,124,125,0.03773915767669678,0.04036301374435425,0.3569198250770569,0.4362218976020813,0.3485305607318878,,,,
69,medium,0.0232,sweep,rotation,30.0,30.0,,0.5,124,125,0.051800668239593506,0.09919118881225586,0.4479478597640991,0.5684943199157715,0.4312557280063629,,,,
69,medium,0.0232,sweep,rotation,45.0,45.0,,0.5,124,125,0.06056278944015503,0.11864912509918213,0.555546760559082,0.8561252355575562,0.44090715050697327,,,,
69,medium,0.0232,ensemble,rotation,,10.0,10.0,0.5,124,125,,,,,,0.05554798245429993,0.06570461392402649,0.24000971019268036,0.25330719351768494
69,medium,0.0232,ensemble,rotation,,20.0,20.0,0.5,124,125,,,,,,0.06077229231595993,0.10785151273012161,0.3397133946418762,0.39610999822616577
69,medium,0.0232,ensemble,rotation,,30.0,30.0,0.5,124,125,,,,,,0.07331572473049164,0.1442670375108719,0.41841039061546326,0.5096756219863892
69,medium,0.0232,sweep,translation,0.0,0.0,,0.5,124,125,1.0728836059570312e-06,1.0132789611816406e-06,1.5145991483223042e-06,1.844878170231823e-07,1.5145991483223042e-06,,,,
69,medium,0.0232,sweep,translation,1.0,1.0,,0.5,124,125,0.06631606817245483,0.1171649694442749,0.24432654678821564,0.35332781076431274,0.2403332144021988,,,,
69,medium,0.0232,sweep,translation,2.0,2.0,,0.5,124,125,0.03968346118927002,0.1348503828048706,0.33249789476394653,0.383592814207077,0.29309868812561035,,,,
69,medium,0.0232,sweep,translation,4.0,4.0,,0.5,124,125,0.06188833713531494,0.14803290367126465,0.40115731954574585,0.45783424377441406,0.33433640003204346,,,,
69,medium,0.0232,sweep,translation,6.0,6.0,,0.5,124,125,0.10723626613616943,0.14289236068725586,0.38897931575775146,0.4753653407096863,0.32649070024490356,,,,
69,medium,0.0232,sweep,translation,8.0,8.0,,0.5,124,125,0.12284117937088013,0.26114046573638916,0.37866097688674927,0.42543119192123413,0.39633801579475403,,,,
69,medium,0.0232,ensemble,translation,,2.0,2.0,0.5,124,125,,,,,,0.07056324183940887,0.09863981604576111,0.3472805917263031,0.40543586015701294
69,medium,0.0232,ensemble,translation,,4.0,4.0,0.5,124,125,,,,,,0.0687587559223175,0.1270011067390442,0.45108136534690857,0.5721684694290161
69,medium,0.0232,ensemble,translation,,6.0,6.0,0.5,124,125,,,,,,0.12669289112091064,0.19018708169460297,0.5505492091178894,0.7916256189346313
69,medium,0.0232,sweep,scaling,0.8,0.2231435513142097,,0.5,124,125,0.1063162088394165,0.2582923173904419,0.4523310661315918,0.5536484718322754,0.30361589789390564,,,,
69,medium,0.0232,sweep,scaling,0.9,0.10536051565782628,,0.5,124,125,0.05025148391723633,0.09270548820495605,0.3472372889518738,0.40469837188720703,0.275381863117218,,,,
69,medium,0.0232,sweep,scaling,1.0,0.0,,0.5,124,125,1.0728836059570312e-06,1.0132789611816406e-06,1.5145991483223042e-06,1.844878170231823e-07,1.5145991483223042e-06,,,,
69,medium,0.0232,sweep,scaling,1.1,0.09531017980432493,,0.5,124,125,0.03988468647003174,0.05364096164703369,0.25285062193870544,0.3670091927051544,0.25151264667510986,,,,
69,medium,0.0232,sweep,scaling,1.25,0.22314355131420976,,0.5,124,125,0.03872525691986084,0.10091131925582886,0.36240720748901367,0.5285146236419678,0.3485444486141205,,,,
69,medium,0.0232,sweep,scaling,1.5,0.4054651081081644,,0.5,124,125,0.10699152946472168,0.26410436630249023,0.7035067677497864,1.0854697227478027,0.7013163566589355,,,,
69,medium,0.0232,ensemble,scaling,,0.1,0.1,0.5,124,125,,,,,,0.053507544100284576,0.06964192539453506,0.247855544090271,0.2638223171234131
69,medium,0.0232,ensemble,scaling,,0.2,0.2,0.5,124,125,,,,,,0.06455361098051071,0.0951676070690155,0.31125152111053467,0.3745347559452057
69,medium,0.0232,ensemble,scaling,,0.3,0.3,0.5,124,125,,,,,,0.09280285239219666,0.18243061006069183,0.39185935258865356,0.5113334059715271
69,medium,0.0232,sweep,flip,0.0,0.0,,0.5,124,125,2.384185791015625e-07,1.0728836059570312e-06,1.22161168292223e-06,1.4285311067396833e-07,1.22161168292223e-06,,,,
69,medium,0.0232,sweep,flip,1.0,1.0,,0.5,124,125,0.09630048274993896,0.22191810607910156,0.5238167643547058,0.6137763857841492,0.4745761752128601,,,,
69,medium,0.0232,sweep,shear,0.0,0.0,,0.5,124,125,1.6689300537109375e-06,8.940696716308594e-07,1.225070718646748e-06,1.3372047646953433e-07,1.225070718646748e-06,,,,
69,medium,0.0232,sweep,shear,0.05,0.05,,0.5,124,125,0.026170969009399414,0.04432100057601929,0.15504100918769836,0.15576323866844177,0.164027601480484,,,,
69,medium,0.0232,sweep,shear,0.1,0.1,,0.5,124,125,0.053092360496520996,0.07257968187332153,0.2356947362422943,0.22478486597537994,0.23398064076900482,,,,
69,medium,0.0232,sweep,shear,0.2,0.2,,0.5,124,125,0.08561170101165771,0.21300554275512695,0.3756515383720398,0.38062578439712524,0.35985347628593445,,,,
69,medium,0.0232,sweep,shear,0.3,0.3,,0.5,124,125,0.07438993453979492,0.1953732967376709,0.36879655718803406,0.40041589736938477,0.3408561944961548,,,,
69,medium,0.0232,ensemble,shear,,0.1,0.1,0.5,124,125,,,,,,0.05113167688250542,0.06448372453451157,0.1606162041425705,0.1387174278497696
69,medium,0.0232,ensemble,shear,,0.2,0.2,0.5,124,125,,,,,,0.06243721395730972,0.09666194766759872,0.2489355504512787,0.2397853285074234
69,medium,0.0232,ensemble,shear,,0.3,0.3,0.5,124,125,,,,,,0.054823946207761765,0.11780248582363129,0.27627506852149963,0.27193132042884827
69,medium,0.0232,sweep,rotation,0.0,0.0,,0.7,75,174,4.51207160949707e-05,9.5367431640625e-07,9.63854859037383e-07,4.96418337547766e-08,9.63854859037383e-07,,,,
69,medium,0.0232,sweep,rotation,5.0,5.0,,0.7,75,174,0.07162374258041382,0.09111738204956055,0.27352848649024963,0.25790464878082275,0.24856768548488617,,,,
69,medium,0.0232,sweep,rotation,10.0,10.0,,0.7,75,174,0.1210680603981018,0.09821557998657227,0.3341427445411682,0.4095267951488495,0.2683689594268799,,,,
69,medium,0.0232,sweep,rotation,20.0,20.0,,0.7,75,174,0.09678876399993896,0.11074018478393555,0.47276419401168823,0.6273728609085083,0.2759372293949127,,,,
69,medium,0.0232,sweep,rotation,30.0,30.0,,0.7,75,174,0.10751175880432129,0.11051738262176514,0.5541591644287109,0.8352895975112915,0.3174675703048706,,,,
69,medium,0.0232,sweep,rotation,45.0,45.0,,0.7,75,174,0.10714399814605713,0.08317732810974121,0.6185752153396606,0.8568829298019409,0.3222394585609436,,,,
69,medium,0.0232,ensemble,rotation,,10.0,10.0,0.7,75,174,,,,,,0.06071086600422859,0.07860403507947922,0.23097272217273712,0.26513493061065674
69,medium,0.0232,ensemble,rotation,,20.0,20.0,0.7,75,174,,,,,,0.07550051808357239,0.09056154638528824,0.3301789164543152,0.42004939913749695
69,medium,0.0232,ensemble,rotation,,30.0,30.0,0.7,75,174,,,,,,0.08013220131397247,0.0940699651837349,0.4164009392261505,0.560621440410614
69,medium,0.0232,sweep,translation,0.0,0.0,,0.7,75,174,4.51207160949707e-05,9.5367431640625e-07,9.63854859037383e-07,4.96418337547766e-08,9.63854859037383e-07,,,,
69,medium,0.0232,sweep,translation,1.0,1.0,,0.7,75,174,0.04923379421234131,0.07500022649765015,0.17713749408721924,0.41399648785591125,0.145024836063385,,,,
69,medium,0.0232,sweep,translation,2.0,2.0,,0.7,75,174,0.04542464017868042,0.0727154016494751,0.2705638110637665,0.40844962000846863,0.19148790836334229,,,,
69,medium,0.0232,sweep,translation,4.0,4.0,,0.7,75,174,0.061413466930389404,0.09731054306030273,0.33242517709732056,0.5056325793266296,0.20413930714130402,,,,
69,medium,0.0232,sweep,translation,6.0,6.0,,0.7,75,174,0.08590459823608398,0.1013440489768982,0.42668890953063965,0.5629478096961975,0.23035471141338348,,,,
69,medium,0.0232,sweep,translation,8.0,8.0,,0.7,75,174,0.12388896942138672,0.10545229911804199,0.447491317987442,0.5811524987220764,0.2601858675479889,,,,
69,medium,0.0232,ensemble,translation,,2.0,2.0,0.7,75,174,,,,,,0.06762800365686417,0.09957145154476166,0.3283880949020386,0.4183184504508972
69,medium,0.0232,ensemble,translation,,4.0,4.0,0.7,75,174,,,,,,0.09528858214616776,0.11403660476207733,0.44951075315475464,0.602398157119751
69,medium,0.0232,ensemble,translation,,6.0,6.0,0.7,75,174,,,,,,0.10893547534942627,0.09984614700078964,0.5370544195175171,0.7885148525238037
69,medium,0.0232,sweep,scaling,0.8,0.2231435513142097,,0.7,75,174,0.07597625255584717,0.13624310493469238,0.3816673457622528,0.5433639287948608,0.21734577417373657,,,,
69,medium,0.0232,sweep,scaling,0.9,0.10536051565782628,,0.7,75,174,0.07174557447433472,0.06952738761901855,0.27853822708129883,0.4174175262451172,0.19055461883544922,,,,
69,medium,0.0232,sweep,scaling,1.0,0.0,,0.7,75,174,4.51207160949707e-05,9.5367431640625e-07,9.63854859037383e-07,4.96418337547766e-08,9.63854859037383e-07,,,,
69,medium,0.0232,sweep,scaling,1.1,0.09531017980432493,,0.7,75,174,0.07784342765808105,0.09740900993347168,0.31884947419166565,0.4129597842693329,0.27571970224380493,,,,
69,medium,0.0232,sweep,scaling,1.25,0.22314355131420976,,0.7,75,174,0.15534305572509766,0.15052568912506104,0.47972458600997925,0.6268686056137085,0.40348586440086365,,,,
69,medium,0.0232,sweep,scaling,1.5,0.4054651081081644,,0.7,75,174,0.18279069662094116,0.30158841609954834,0.6618213653564453,0.8565778732299805,0.6000133752822876,,,,
69,medium,0.0232,ensemble,scaling,,0.1,0.1,0.7,75,174,,,,,,0.05040924996137619,0.07336326688528061,0.210373654961586,0.2510799169540405
69,medium,0.0232,ensemble,scaling,,0.2,0.2,0.7,75,174,,,,,,0.07041436433792114,0.0922928899526596,0.31185469031333923,0.4047914445400238
69,medium,0.0232,ensemble,scaling,,0.3,0.3,0.7,75,174,,,,,,0.09235242754220963,0.1270333230495453,0.38297584652900696,0.5111075639724731
69,medium,0.0232,sweep,flip,0.0,0.0,,0.7,75,174,8.344650268554688e-07,8.940696716308594e-07,9.336620792055328e-07,5.3472678729349354e-08,9.336620792055328e-07,,,,
69,medium,0.0232,sweep,flip,1.0,1.0,,0.7,75,174,0.06952130794525146,0.15731245279312134,0.4696960151195526,0.6717571020126343,0.2307155728340149,,,,
69,medium,0.0232,sweep,shear,0.0,0.0,,0.7,75,174,2.1457672119140625e-05,8.344650268554688e-07,8.723054634174332e-07,4.833752598187857e-08,8.723054634174332e-07,,,,
69,medium,0.0232,sweep,shear,0.05,0.05,,0.7,75,174,0.02298569679260254,0.05421024560928345,0.08120252192020416,0.047017186880111694,0.09859127551317215,,,,
69,medium,0.0232,sweep,shear,0.1,0.1,,0.7,75,174,0.036918580532073975,0.0453413724899292,0.13453590869903564,0.13238951563835144,0.15081845223903656,,,,
69,medium,0.0232,sweep,shear,0.2,0.2,,0.7,75,174,0.0425686240196228,0.07374346256256104,0.18796318769454956,0.2530727982521057,0.17550988495349884,,,,
69,medium,0.0232,sweep,shear,0.3,0.3,,0.7,75,174,0.06707590818405151,0.07240194082260132,0.2272583544254303,0.3284778594970703,0.18911071121692657,,,,
69,medium,0.0232,ensemble,shear,,0.1,0.1,0.7,75,174,,,,,,0.03812740743160248,0.03549233824014664,0.09011689573526382,0.08666983246803284
69,medium,0.0232,ensemble,shear,,0.2,0.2,0.7,75,174,,,,,,0.0669604167342186,0.08349582552909851,0.15608878433704376,0.18504886329174042
69,medium,0.0232,ensemble,shear,,0.3,0.3,0.7,75,174,,,,,,0.08139155805110931,0.09364370256662369,0.19883812963962555,0.2477000206708908
15,easiest,0.0097,sweep,rotation,0.0,0.0,,0.3,174,75,1.2516975402832031e-06,5.4836273193359375e-06,4.636568519345019e-06,1.2579969279613579e-06,4.636568519345019e-06,,,,
15,easiest,0.0097,sweep,rotation,5.0,5.0,,0.3,174,75,0.043212056159973145,0.1791445016860962,0.3541012108325958,0.41562893986701965,0.366665780544281,,,,
15,easiest,0.0097,sweep,rotation,10.0,10.0,,0.3,174,75,0.0437626838684082,0.15755224227905273,0.35353612899780273,0.45834553241729736,0.39827871322631836,,,,
15,easiest,0.0097,sweep,rotation,20.0,20.0,,0.3,174,75,0.09770071506500244,0.3367062211036682,0.662618100643158,0.7275841236114502,0.6592596769332886,,,,
15,easiest,0.0097,sweep,rotation,30.0,30.0,,0.3,174,75,0.05590873956680298,0.20002281665802002,0.48234492540359497,0.5573641061782837,0.5342808961868286,,,,
15,easiest,0.0097,sweep,rotation,45.0,45.0,,0.3,174,75,0.036568641662597656,0.14798510074615479,0.4587227404117584,0.5640996694564819,0.5688384771347046,,,,
15,easiest,0.0097,ensemble,rotation,,10.0,10.0,0.3,174,75,,,,,,0.04975765198469162,0.14499637484550476,0.2179744988679886,0.24675223231315613
15,easiest,0.0097,ensemble,rotation,,20.0,20.0,0.3,174,75,,,,,,0.05916754901409149,0.1661529541015625,0.33262401819229126,0.38811197876930237
15,easiest,0.0097,ensemble,rotation,,30.0,30.0,0.3,174,75,,,,,,0.06966733187437057,0.20314525067806244,0.45099520683288574,0.55634605884552
15,easiest,0.0097,sweep,translation,0.0,0.0,,0.3,174,75,1.2516975402832031e-06,5.4836273193359375e-06,4.636568519345019e-06,1.2579969279613579e-06,4.636568519345019e-06,,,,
15,easiest,0.0097,sweep,translation,1.0,1.0,,0.3,174,75,0.06359231472015381,0.20502698421478271,0.4498833417892456,0.46399593353271484,0.42591941356658936,,,,
15,easiest,0.0097,sweep,translation,2.0,2.0,,0.3,174,75,0.05215942859649658,0.15910214185714722,0.4834267497062683,0.49379807710647583,0.46357446908950806,,,,
15,easiest,0.0097,sweep,translation,4.0,4.0,,0.3,174,75,0.07560569047927856,0.1832398772239685,0.6020178198814392,0.7277771234512329,0.5222529172897339,,,,
15,easiest,0.0097,sweep,translation,6.0,6.0,,0.3,174,75,0.14104199409484863,0.23970121145248413,0.5998007655143738,0.7950235605239868,0.6320971846580505,,,,
15,easiest,0.0097,sweep,translation,8.0,8.0,,0.3,174,75,0.06160777807235718,0.15677905082702637,0.49088919162750244,0.6256376504898071,0.5589102506637573,,,,
15,easiest,0.0097,ensemble,translation,,2.0,2.0,0.3,174,75,,,,,,0.0730539932847023,0.25434961915016174,0.4952935576438904,0.5365710854530334
15,easiest,0.0097,ensemble,translation,,4.0,4.0,0.3,174,75,,,,,,0.07696983963251114,0.2501475512981415,0.5056794881820679,0.6160262227058411
15,easiest,0.0097,ensemble,translation,,6.0,6.0,0.3,174,75,,,,,,0.0784868374466896,0.253447026014328,0.5666577816009521,0.6992813944816589
15,easiest,0.0097,sweep,scaling,0.8,0.2231435513142097,,0.3,174,75,0.07735300064086914,0.2489720582962036,0.36679157614707947,0.3899938464164734,0.42243584990501404,,,,
15,easiest,0.0097,sweep,scaling,0.9,0.10536051565782628,,0.3,174,75,0.06568306684494019,0.26840734481811523,0.2898348569869995,0.3229145407676697,0.34009063243865967,,,,
15,easiest,0.0097,sweep,scaling,1.0,0.0,,0.3,174,75,1.2516975402832031e-06,5.4836273193359375e-06,4.636568519345019e-06,1.2579969279613579e-06,4.636568519345019e-06,,,,
15,easiest,0.0097,sweep,scaling,1.1,0.09531017980432493,,0.3,174,75,0.10325706005096436,0.20592457056045532,0.3200319707393646,0.3750426173210144,0.3790524899959564,,,,
15,easiest,0.0097,sweep,scaling,1.25,0.22314355131420976,,0.3,174,75,0.1047818660736084,0.20438134670257568,0.27005499601364136,0.36243221163749695,0.4353100657463074,,,,
15,easiest,0.0097,sweep,scaling,1.5,0.4054651081081644,,0.3,174,75,0.10225355625152588,0.3583258390426636,0.6483371257781982,0.7923489809036255,0.6603915095329285,,,,
15,easiest,0.0097,ensemble,scaling,,0.1,0.1,0.3,174,75,,,,,,0.0501822754740715,0.12881283462047577,0.21004334092140198,0.2151571661233902
15,easiest,0.0097,ensemble,scaling,,0.2,0.2,0.3,174,75,,,,,,0.07214905321598053,0.1520281881093979,0.3121819496154785,0.3196810483932495
15,easiest,0.0097,ensemble,scaling,,0.3,0.3,0.3,174,75,,,,,,0.0749274492263794,0.16464713215827942,0.32136309146881104,0.3275225758552551
15,easiest,0.0097,sweep,flip,0.0,0.0,,0.3,174,75,2.980232238769531e-07,1.3113021850585938e-06,2.448288569212309e-06,7.692057693020615e-07,2.448288569212309e-06,,,,
15,easiest,0.0097,sweep,flip,1.0,1.0,,0.3,174,75,0.05792832374572754,0.1863154172897339,0.44341301918029785,0.507159948348999,0.7340420484542847,,,,
15,easiest,0.0097,sweep,shear,0.0,0.0,,0.3,174,75,1.430511474609375e-06,5.0067901611328125e-06,6.693619980069343e-06,1.5187069948296994e-06,6.693619980069343e-06,,,,
15,easiest,0.0097,sweep,shear,0.05,0.05,,0.3,174,75,0.09157407283782959,0.20003050565719604,0.2566418945789337,0.31393250823020935,0.26658934354782104,,,,
15,easiest,0.0097,sweep,shear,0.1,0.1,,0.3,174,75,0.07621872425079346,0.1942673921585083,0.22108975052833557,0.2485312968492508,0.25536417961120605,,,,
15,easiest,0.0097,sweep,shear,0.2,0.2,,0.3,174,75,0.018915414810180664,0.10794079303741455,0.16765591502189636,0.1995437890291214,0.22683438658714294,,,,
15,easiest,0.0097,sweep,shear,0.3,0.3,,0.3,174,75,0.10231518745422363,0.44211137294769287,0.6275569200515747,0.7412634491920471,0.6476492285728455,,,,
15,easiest,0.0097,ensemble,shear,,0.1,0.1,0.3,174,75,,,,,,0.04466674476861954,0.14760680496692657,0.18674221634864807,0.20163659751415253
15,easiest,0.0097,ensemble,shear,,0.2,0.2,0.3,174,75,,,,,,0.0739264190196991,0.19371123611927032,0.286821573972702,0.29301899671554565
15,easiest,0.0097,ensemble,shear,,0.3,0.3,0.3,174,75,,,,,,0.0893104150891304,0.25102704763412476,0.3995459973812103,0.4372677206993103
15,easiest,0.0097,sweep,rotation,0.0,0.0,,0.5,124,125,3.4570693969726562e-06,1.1920928955078125e-06,2.6198663363175e-06,2.994128749378433e-07,2.6198663363175e-06,,,,
15,easiest,0.0097,sweep,rotation,5.0,5.0,,0.5,124,125,0.08480477333068848,0.0951012372970581,0.3033777177333832,0.3430178165435791,0.29957330226898193,,,,
15,easiest,0.0097,sweep,rotation,10.0,10.0,,0.5,124,125,0.11227536201477051,0.12897074222564697,0.3712339997291565,0.46674951910972595,0.33737051486968994,,,,
15,easiest,0.0097,sweep,rotation,20.0,20.0,,0.5,124,125,0.10471439361572266,0.1755084991455078,0.4785557985305786,0.5874854922294617,0.38778477907180786,,,,
15,easiest,0.0097,sweep,rotation,30.0,30.0,,0.5,124,125,0.10774040222167969,0.1997671127319336,0.5642386674880981,0.6479041576385498,0.41374775767326355,,,,
15,easiest,0.0097,sweep,rotation,45.0,45.0,,0.5,124,125,0.1203991174697876,0.21723008155822754,0.6123814582824707,0.7050124406814575,0.5243063569068909,,,,
15,easiest,0.0097,ensemble,rotation,,10.0,10.0,0.5,124,125,,,,,,0.04844987019896507,0.08455615490674973,0.24460025131702423,0.30094045400619507
15,easiest,0.0097,ensemble,rotation,,20.0,20.0,0.5,124,125,,,,,,0.03875089809298515,0.11615258455276489,0.3566690981388092,0.4355563223361969
15,easiest,0.0097,ensemble,rotation,,30.0,30.0,0.5,124,125,,,,,,0.045333344489336014,0.1391008347272873,0.41660210490226746,0.5208995342254639
15,easiest,0.0097,sweep,translation,0.0,0.0,,0.5,124,125,3.4570693969726562e-06,1.1920928955078125e-06,2.6198663363175e-06,2.994128749378433e-07,2.6198663363175e-06,,,,
15,easiest,0.0097,sweep,translation,1.0,1.0,,0.5,124,125,0.05826228857040405,0.10668635368347168,0.16683591902256012,0.24096406996250153,0.172770157456398,,,,
15,easiest,0.0097,sweep,translation,2.0,2.0,,0.5,124,125,0.0856485366821289,0.09274947643280029,0.44799748063087463,0.4297873377799988,0.3933928906917572,,,,
15,easiest,0.0097,sweep,translation,4.0,4.0,,0.5,124,125,0.045018136501312256,0.13568884134292603,0.36915379762649536,0.4014197587966919,0.21885214745998383,,,,
15,easiest,0.0097,sweep,translation,6.0,6.0,,0.5,124,125,0.059346675872802734,0.1478726863861084,0.4897826015949249,0.5446670055389404,0.3268263339996338,,,,
15,easiest,0.0097,sweep,translation,8.0,8.0,,0.5,124,125,0.06962180137634277,0.11094146966934204,0.4649990200996399,0.5430687665939331,0.27437886595726013,,,,
15,easiest,0.0097,ensemble,translation,,2.0,2.0,0.5,124,125,,,,,,0.05979711189866066,0.13949261605739594,0.34857699275016785,0.37594619393348694
15,easiest,0.0097,ensemble,translation,,4.0,4.0,0.5,124,125,,,,,,0.06182533875107765,0.17771503329277039,0.4517706036567688,0.4995690882205963
15,easiest,0.0097,ensemble,translation,,6.0,6.0,0.5,124,125,,,,,,0.07177300751209259,0.1817217320203781,0.5096510052680969,0.6057226061820984
15,easiest,0.0097,sweep,scaling,0.8,0.2231435513142097,,0.5,124,125,0.07464420795440674,0.13583964109420776,0.3573307394981384,0.4320366382598877,0.3154580891132355,,,,
15,easiest,0.0097,sweep,scaling,0.9,0.10536051565782628,,0.5,124,125,0.07388126850128174,0.11093699932098389,0.3470809757709503,0.39045247435569763,0.3319052457809448,,,,
15,easiest,0.0097,sweep,scaling,1.0,0.0,,0.5,124,125,3.4570693969726562e-06,1.1920928955078125e-06,2.6198663363175e-06,2.994128749378433e-07,2.6198663363175e-06,,,,
15,easiest,0.0097,sweep,scaling,1.1,0.09531017980432493,,0.5,124,125,0.08882999420166016,0.08485949039459229,0.27089887857437134,0.30423858761787415,0.2899837791919708,,,,
15,easiest,0.0097,sweep,scaling,1.25,0.22314355131420976,,0.5,124,125,0.10843110084533691,0.13849204778671265,0.369045615196228,0.5934138298034668,0.35226932168006897,,,,
15,easiest,0.0097,sweep,scaling,1.5,0.4054651081081644,,0.5,124,125,0.12314820289611816,0.16793012619018555,0.5152064561843872,0.5478466749191284,0.438007652759552,,,,
15,easiest,0.0097,ensemble,scaling,,0.1,0.1,0.5,124,125,,,,,,0.03211597353219986,0.05633632838726044,0.21589043736457825,0.2041448950767517
15,easiest,0.0097,ensemble,scaling,,0.2,0.2,0.5,124,125,,,,,,0.06415007263422012,0.08593104779720306,0.3194845914840698,0.34477394819259644
15,easiest,0.0097,ensemble,scaling,,0.3,0.3,0.5,124,125,,,,,,0.07975801825523376,0.1267649233341217,0.39363792538642883,0.4128928482532501
15,easiest,0.0097,sweep,flip,0.0,0.0,,0.5,124,125,1.1324882507324219e-06,3.159046173095703e-06,3.553746864781715e-06,5.896313268749509e-07,3.553746864781715e-06,,,,
15,easiest,0.0097,sweep,flip,1.0,1.0,,0.5,124,125,0.06669872999191284,0.13414055109024048,0.45237496495246887,0.4857751429080963,0.28287413716316223,,,,
15,easiest,0.0097,sweep,shear,0.0,0.0,,0.5,124,125,3.516674041748047e-06,1.7881393432617188e-06,2.0942875380569603e-06,3.5653880559038953e-07,2.0942875380569603e-06,,,,
15,easiest,0.0097,sweep,shear,0.05,0.05,,0.5,124,125,0.06577098369598389,0.053597331047058105,0.2274901419878006,0.19726407527923584,0.2392137348651886,,,,
15,easiest,0.0097,sweep,shear,0.1,0.1,,0.5,124,125,0.07953822612762451,0.06822311878204346,0.25487062335014343,0.26933932304382324,0.26037657260894775,,,,
15,easiest,0.0097,sweep,shear,0.2,0.2,,0.5,124,125,0.06907427310943604,0.07220017910003662,0.23305000364780426,0.23103220760822296,0.25253260135650635,,,,
15,easiest,0.0097,sweep,shear,0.3,0.3,,0.5,124,125,0.049984753131866455,0.07724303007125854,0.1660669445991516,0.19933152198791504,0.20864446461200714,,,,
15,easiest,0.0097,ensemble,shear,,0.1,0.1,0.5,124,125,,,,,,0.03778507560491562,0.04658851772546768,0.15182773768901825,0.14528639614582062
15,easiest,0.0097,ensemble,shear,,0.2,0.2,0.5,124,125,,,,,,0.04113836959004402,0.06620422005653381,0.16553814709186554,0.19071608781814575
15,easiest,0.0097,ensemble,shear,,0.3,0.3,0.5,124,125,,,,,,0.04346732422709465,0.07083931565284729,0.17235355079174042,0.2037760615348816
15,easiest,0.0097,sweep,rotation,0.0,0.0,,0.7,75,174,1.0132789611816406e-06,7.152557373046875e-07,9.411401151737664e-07,4.820567056640357e-08,9.411401151737664e-07,,,,
15,easiest,0.0097,sweep,rotation,5.0,5.0,,0.7,75,174,0.06803786754608154,0.08558070659637451,0.28856509923934937,0.32925617694854736,0.26055553555488586,,,,
15,easiest,0.0097,sweep,rotation,10.0,10.0,,0.7,75,174,0.14679598808288574,0.14133989810943604,0.4402082860469818,0.453674852848053,0.37944814562797546,,,,
15,easiest,0.0097,sweep,rotation,20.0,20.0,,0.7,75,174,0.09500110149383545,0.12826597690582275,0.4734921455383301,0.5197437405586243,0.34548085927963257,,,,
15,easiest,0.0097,sweep,rotation,30.0,30.0,,0.7,75,174,0.14781725406646729,0.28303641080856323,0.6432275772094727,0.6238034963607788,0.48763275146484375,,,,
15,easiest,0.0097,sweep,rotation,45.0,45.0,,0.7,75,174,0.22217905521392822,0.2751963138580322,0.6956184506416321,0.7163776159286499,0.5070385932922363,,,,
15,easiest,0.0097,ensemble,rotation,,10.0,10.0,0.7,75,174,,,,,,0.05387939140200615,0.09687655419111252,0.2130592316389084,0.26812049746513367
15,easiest,0.0097,ensemble,rotation,,20.0,20.0,0.7,75,174,,,,,,0.11638607829809189,0.12449023127555847,0.34248611330986023,0.4028564393520355
15,easiest,0.0097,ensemble,rotation,,30.0,30.0,0.7,75,174,,,,,,0.1273711770772934,0.15971200168132782,0.42686569690704346,0.489060640335083
15,easiest,0.0097,sweep,translation,0.0,0.0,,0.7,75,174,1.0132789611816406e-06,7.152557373046875e-07,9.411401151737664e-07,4.820567056640357e-08,9.411401151737664e-07,,,,
15,easiest,0.0097,sweep,translation,1.0,1.0,,0.7,75,174,0.02728259563446045,0.09297877550125122,0.16901399195194244,0.29043301939964294,0.1507364958524704,,,,
15,easiest,0.0097,sweep,translation,2.0,2.0,,0.7,75,174,0.04984515905380249,0.09122586250305176,0.24860504269599915,0.37285977602005005,0.1750572919845581,,,,
15,easiest,0.0097,sweep,translation,4.0,4.0,,0.7,75,174,0.08629858493804932,0.09269654750823975,0.32479292154312134,0.4488394260406494,0.1681700199842453,,,,
15,easiest,0.0097,sweep,translation,6.0,6.0,,0.7,75,174,0.05047106742858887,0.09894871711730957,0.40593504905700684,0.5444947481155396,0.19768106937408447,,,,
15,easiest,0.0097,sweep,translation,8.0,8.0,,0.7,75,174,0.06503736972808838,0.13484406471252441,0.4494800269603729,0.5792423486709595,0.22669634222984314,,,,
15,easiest,0.0097,ensemble,translation,,2.0,2.0,0.7,75,174,,,,,,0.08515957742929459,0.10365735739469528,0.3552418649196625,0.40337878465652466
15,easiest,0.0097,ensemble,translation,,4.0,4.0,0.7,75,174,,,,,,0.09839751571416855,0.14799201488494873,0.46201953291893005,0.5359322428703308
15,easiest,0.0097,ensemble,translation,,6.0,6.0,0.7,75,174,,,,,,0.07913356274366379,0.13371644914150238,0.5327615737915039,0.6141368746757507
15,easiest,0.0097,sweep,scaling,0.8,0.2231435513142097,,0.7,75,174,0.05696767568588257,0.12540513277053833,0.46976056694984436,0.5371326208114624,0.37036505341529846,,,,
15,easiest,0.0097,sweep,scaling,0.9,0.10536051565782628,,0.7,75,174,0.07153677940368652,0.07957875728607178,0.31570056080818176,0.3738718032836914,0.27861282229423523,,,,
15,easiest,0.0097,sweep,scaling,1.0,0.0,,0.7,75,174,1.0132789611816406e-06,7.152557373046875e-07,9.411401151737664e-07,4.820567056640357e-08,9.411401151737664e-07,,,,
15,easiest,0.0097,sweep,scaling,1.1,0.09531017980432493,,0.7,75,174,0.07207036018371582,0.10275638103485107,0.4361099302768707,0.42528241872787476,0.3840700387954712,,,,
15,easiest,0.0097,sweep,scaling,1.25,0.22314355131420976,,0.7,75,174,0.09861111640930176,0.14544612169265747,0.5246151685714722,0.5980933904647827,0.42561623454093933,,,,
15,easiest,0.0097,sweep,scaling,1.5,0.4054651081081644,,0.7,75,174,0.1216893196105957,0.20801448822021484,0.6645362377166748,0.7430475950241089,0.46966448426246643,,,,
15,easiest,0.0097,ensemble,scaling,,0.1,0.1,0.7,75,174,,,,,,0.05105861276388168,0.05844823271036148,0.17990216612815857,0.2138802856206894
15,easiest,0.0097,ensemble,scaling,,0.2,0.2,0.7,75,174,,,,,,0.08678615838289261,0.10407131165266037,0.3066953122615814,0.3736609220504761
15,easiest,0.0097,ensemble,scaling,,0.3,0.3,0.7,75,174,,,,,,0.0937756821513176,0.1373520940542221,0.3744170367717743,0.4571111798286438
15,easiest,0.0097,sweep,flip,0.0,0.0,,0.7,75,174,5.960464477539062e-07,7.748603820800781e-07,1.2813723060389748e-06,5.950717962832641e-08,1.2813723060389748e-06,,,,
15,easiest,0.0097,sweep,flip,1.0,1.0,,0.7,75,174,0.05256474018096924,0.1390802264213562,0.45086362957954407,0.5744405388832092,0.22744449973106384,,,,
15,easiest,0.0097,sweep,shear,0.0,0.0,,0.7,75,174,4.76837158203125e-07,8.344650268554688e-07,1.057188342201698e-06,5.470871755619555e-08,1.057188342201698e-06,,,,
15,easiest,0.0097,sweep,shear,0.05,0.05,,0.7,75,174,0.030640363693237305,0.06210142374038696,0.15915122628211975,0.09908093512058258,0.1881083995103836,,,,
15,easiest,0.0097,sweep,shear,0.1,0.1,,0.7,75,174,0.04236936569213867,0.07864421606063843,0.17980238795280457,0.17902706563472748,0.20277279615402222,,,,
15,easiest,0.0097,sweep,shear,0.2,0.2,,0.7,75,174,0.04721832275390625,0.07316732406616211,0.19425643980503082,0.23904839158058167,0.2031247317790985,,,,
15,easiest,0.0097,sweep,shear,0.3,0.3,,0.7,75,174,0.0388372540473938,0.09330117702484131,0.240279421210289,0.293205589056015,0.23995839059352875,,,,
15,easiest,0.0097,ensemble,shear,,0.1,0.1,0.7,75,174,,,,,,0.023039478808641434,0.04955678433179855,0.08022160828113556,0.0888439193367958
15,easiest,0.0097,ensemble,shear,,0.2,0.2,0.7,75,174,,,,,,0.03634501248598099,0.06788764148950577,0.11786139756441116,0.1630876064300537
15,easiest,0.0097,ensemble,shear,,0.3,0.3,0.7,75,174,,,,,,0.03506653010845184,0.08631793409585953,0.15339940786361694,0.21690630912780762
92,easiest,0.0096,sweep,rotation,0.0,0.0,,0.3,174,75,7.152557373046875e-07,8.940696716308594e-07,4.942398277307802e-07,6.74928486432691e-08,4.942398277307802e-07,,,,
92,easiest,0.0096,sweep,rotation,5.0,5.0,,0.3,174,75,0.03104311227798462,0.046203672885894775,0.06284131854772568,0.09600580483675003,0.1566879153251648,,,,
92,easiest,0.0096,sweep,rotation,10.0,10.0,,0.3,174,75,0.03459125757217407,0.0552791953086853,0.07853781431913376,0.11778121441602707,0.27550944685935974,,,,
92,easiest,0.0096,sweep,rotation,20.0,20.0,,0.3,174,75,0.0967608094215393,0.1806703805923462,0.5211929082870483,0.6205085515975952,0.46977218985557556,,,,
92,easiest,0.0096,sweep,rotation,30.0,30.0,,0.3,174,75,0.08349192142486572,0.17452704906463623,0.41463160514831543,0.4447251558303833,0.5348048806190491,,,,
92,easiest,0.0096,sweep,rotation,45.0,45.0,,0.3,174,75,0.07144832611083984,0.1595238447189331,0.4005126655101776,0.4228060245513916,0.45316943526268005,,,,
92,easiest,0.0096,ensemble,rotation,,10.0,10.0,0.3,174,75,,,,,,0.036316804587841034,0.07403305917978287,0.13062255084514618,0.2091146558523178
92,easiest,0.0096,ensemble,rotation,,20.0,20.0,0.3,174,75,,,,,,0.05799411982297897,0.11298312991857529,0.3070312440395355,0.44354140758514404
92,easiest,0.0096,ensemble,rotation,,30.0,30.0,0.3,174,75,,,,,,0.07165227085351944,0.14904318749904633,0.34523794054985046,0.4474724531173706
92,easiest,0.0096,sweep,translation,0.0,0.0,,0.3,174,75,7.152557373046875e-07,8.940696716308594e-07,4.942398277307802e-07,6.74928486432691e-08,4.942398277307802e-07,,,,
92,easiest,0.0096,sweep,translation,1.0,1.0,,0.3,174,75,0.06657254695892334,0.07589054107666016,0.08083775639533997,0.11898742616176605,0.12111952900886536,,,,
92,easiest,0.0096,sweep,translation,2.0,2.0,,0.3,174,75,0.12297624349594116,0.28899073600769043,0.3641577363014221,0.37630659341812134,0.38631781935691833,,,,
92,easiest,0.0096,sweep,translation,4.0,4.0,,0.3,174,75,0.06918871402740479,0.16624224185943604,0.39548221230506897,0.4762718081474304,0.42700710892677307,,,,
92,easiest,0.0096,sweep,translation,6.0,6.0,,0.3,174,75,0.076904296875,0.24297195672988892,0.49930399656295776,0.7488694190979004,0.5471217632293701,,,,
92,easiest,0.0096,sweep,translation,8.0,8.0,,0.3,174,75,0.106040358543396,0.31833505630493164,0.3429812490940094,0.4452091455459595,0.4405415654182434,,,,
92,easiest,0.0096,ensemble,translation,,2.0,2.0,0.3,174,75,,,,,,0.0588829331099987,0.128105029463768,0.1591968983411789,0.19778448343276978
92,easiest,0.0096,ensemble,translation,,4.0,4.0,0.3,174,75,,,,,,0.08072587847709656,0.19612793624401093,0.3573414385318756,0.45145383477211
92,easiest,0.0096,ensemble,translation,,6.0,6.0,0.3,174,75,,,,,,0.07235213369131088,0.2019144892692566,0.43782782554626465,0.6267163753509521
92,easiest,0.0096,sweep,scaling,0.8,0.2231435513142097,,0.3,174,75,0.03372448682785034,0.07519114017486572,0.14698559045791626,0.19996963441371918,0.22642050683498383,,,,
92,easiest,0.0096,sweep,scaling,0.9,0.10536051565782628,,0.3,174,75,0.04094517230987549,0.052199363708496094,0.07720085978507996,0.11300498247146606,0.08286412060260773,,,,
92,easiest,0.0096,sweep,scaling,1.0,0.0,,0.3,174,75,7.152557373046875e-07,8.940696716308594e-07,4.942398277307802e-07,6.74928486432691e-08,4.942398277307802e-07,,,,
92,easiest,0.0096,sweep,scaling,1.1,0.09531017980432493,,0.3,174,75,0.02605491876602173,0.07576286792755127,0.06923310458660126,0.08891244232654572,0.0824851244688034,,,,
92,easiest,0.0096,sweep,scaling,1.25,0.22314355131420976,,0.3,174,75,0.04097247123718262,0.09196341037750244,0.19153523445129395,0.3736310303211212,0.18757084012031555,,,,
92,easiest,0.0096,sweep,scaling,1.5,0.4054651081081644,,0.3,174,75,0.09975051879882812,0.10488158464431763,0.3146628141403198,0.41036257147789,0.34526440501213074,,,,
92,easiest,0.0096,ensemble,scaling,,0.1,0.1,0.3,174,75,,,,,,0.018473250791430473,0.042406536638736725,0.04062189534306526,0.05240466073155403
92,easiest,0.0096,ensemble,scaling,,0.2,0.2,0.3,174,75,,,,,,0.024024540558457375,0.04823889955878258,0.053708843886852264,0.07677652686834335
92,easiest,0.0096,ensemble,scaling,,0.3,0.3,0.3,174,75,,,,,,0.05398863926529884,0.10364232212305069,0.21128493547439575,0.2829989790916443
92,easiest,0.0096,sweep,flip,0.0,0.0,,0.3,174,75,1.7881393432617188e-07,1.2516975402832031e-06,4.380302698336891e-07,1.4006997162141488e-07,4.380302698336891e-07,,,,
92,easiest,0.0096,sweep,flip,1.0,1.0,,0.3,174,75,0.05289649963378906,0.1397354006767273,0.4575347900390625,0.5130524635314941,0.3774386942386627,,,,
92,easiest,0.0096,sweep,shear,0.0,0.0,,0.3,174,75,1.0728836059570312e-06,9.5367431640625e-07,4.6801022790532443e-07,7.147990288558503e-08,4.6801022790532443e-07,,,,
92,easiest,0.0096,sweep,shear,0.05,0.05,,0.3,174,75,0.002591848373413086,0.00981229543685913,0.013589609414339066,0.014204283244907856,0.03282270208001137,,,,
92,easiest,0.0096,sweep,shear,0.1,0.1,,0.3,174,75,0.01893472671508789,0.04219549894332886,0.053388431668281555,0.06142558157444,0.08960603177547455,,,,
92,easiest,0.0096,sweep,shear,0.2,0.2,,0.3,174,75,0.021097302436828613,0.06761801242828369,0.05716013163328171,0.0732543021440506,0.1634153574705124,,,,
92,easiest,0.0096,sweep,shear,0.3,0.3,,0.3,174,75,0.05472683906555176,0.10038197040557861,0.2500635087490082,0.36647993326187134,0.19165313243865967,,,,
92,easiest,0.0096,ensemble,shear,,0.1,0.1,0.3,174,75,,,,,,0.011226605623960495,0.02518470399081707,0.02440607361495495,0.029316917061805725
92,easiest,0.0096,ensemble,shear,,0.2,0.2,0.3,174,75,,,,,,0.020171459764242172,0.04287030175328255,0.04342801496386528,0.05666746571660042
92,easiest,0.0096,ensemble,shear,,0.3,0.3,0.3,174,75,,,,,,0.04717734828591347,0.08032494783401489,0.17907463014125824,0.22603946924209595
92,easiest,0.0096,sweep,rotation,0.0,0.0,,0.5,124,125,1.0132789611816406e-06,1.3113021850585938e-06,5.473547162182513e-07,9.239487752665809e-08,5.473547162182513e-07,,,,
92,easiest,0.0096,sweep,rotation,5.0,5.0,,0.5,124,125,0.04522359371185303,0.2090766429901123,0.19215527176856995,0.3014988899230957,0.1689615398645401,,,,
92,easiest,0.0096,sweep,rotation,10.0,10.0,,0.5,124,125,0.09192490577697754,0.26072466373443604,0.24637146294116974,0.35947930812835693,0.20718252658843994,,,,
92,easiest,0.0096,sweep,rotation,20.0,20.0,,0.5,124,125,0.10891926288604736,0.3504795432090759,0.3612886071205139,0.4258493185043335,0.23123645782470703,,,,
92,easiest,0.0096,sweep,rotation,30.0,30.0,,0.5,124,125,0.08335167169570923,0.2743438482284546,0.4118765592575073,0.4197733998298645,0.3552697002887726,,,,
92,easiest,0.0096,sweep,rotation,45.0,45.0,,0.5,124,125,0.15071511268615723,0.37596404552459717,0.4307515025138855,0.4441811442375183,0.28314661979675293,,,,
92,easiest,0.0096,ensemble,rotation,,10.0,10.0,0.5,124,125,,,,,,0.05824367702007294,0.13480910658836365,0.21687862277030945,0.22802944481372833
92,easiest,0.0096,ensemble,rotation,,20.0,20.0,0.5,124,125,,,,,,0.07962649315595627,0.2399720698595047,0.3395695984363556,0.32561418414115906
92,easiest,0.0096,ensemble,rotation,,30.0,30.0,0.5,124,125,,,,,,0.08032172918319702,0.23289616405963898,0.348515123128891,0.34212324023246765
92,easiest,0.0096,sweep,translation,0.0,0.0,,0.5,124,125,1.0132789611816406e-06,1.3113021850585938e-06,5.473547162182513e-07,9.239487752665809e-08,5.473547162182513e-07,,,,
92,easiest,0.0096,sweep,translation,1.0,1.0,,0.5,124,125,0.06457006931304932,0.2123807668685913,0.21144995093345642,0.38599449396133423,0.1621486246585846,,,,
92,easiest,0.0096,sweep,translation,2.0,2.0,,0.5,124,125,0.11189490556716919,0.2550950050354004,0.3271729052066803,0.4838692247867584,0.22154927253723145,,,,
92,easiest,0.0096,sweep,translation,4.0,4.0,,0.5,124,125,0.10230189561843872,0.325880229473114,0.40017563104629517,0.5211086273193359,0.20006810128688812,,,,
92,easiest,0.0096,sweep,translation,6.0,6.0,,0.5,124,125,0.08435839414596558,0.22233861684799194,0.39462751150131226,0.5061619281768799,0.17564146220684052,,,,
92,easiest,0.0096,sweep,translation,8.0,8.0,,0.5,124,125,0.11403626203536987,0.2819565534591675,0.43513399362564087,0.5549055933952332,0.15512438118457794,,,,
92,easiest,0.0096,ensemble,translation,,2.0,2.0,0.5,124,125,,,,,,0.059662722051143646,0.1276349574327469,0.19196082651615143,0.2541986405849457
92,easiest,0.0096,ensemble,translation,,4.0,4.0,0.5,124,125,,,,,,0.06712765246629715,0.15273480117321014,0.29475080966949463,0.34337693452835083
92,easiest,0.0096,ensemble,translation,,6.0,6.0,0.5,124,125,,,,,,0.0686606913805008,0.17981083691120148,0.3568752408027649,0.4088665246963501
92,easiest,0.0096,sweep,scaling,0.8,0.2231435513142097,,0.5,124,125,0.10184699296951294,0.27318906784057617,0.343461811542511,0.33559650182724,0.3442707657814026,,,,
92,easiest,0.0096,sweep,scaling,0.9,0.10536051565782628,,0.5,124,125,0.09281885623931885,0.25411343574523926,0.3199775815010071,0.32645198702812195,0.3238770067691803,,,,
92,easiest,0.0096,sweep,scaling,1.0,0.0,,0.5,124,125,1.0132789611816406e-06,1.3113021850585938e-06,5.473547162182513e-07,9.239487752665809e-08,5.473547162182513e-07,,,,
92,easiest,0.0096,sweep,scaling,1.1,0.09531017980432493,,0.5,124,125,0.0929800271987915,0.2699349522590637,0.2823028564453125,0.32078084349632263,0.2887759208679199,,,,
92,easiest,0.0096,sweep,scaling,1.25,0.22314355131420976,,0.5,124,125,0.09148764610290527,0.2882814407348633,0.24789170920848846,0.32656174898147583,0.23547837138175964,,,,
92,easiest,0.0096,sweep,scaling,1.5,0.4054651081081644,,0.5,124,125,0.06937068700790405,0.1532813310623169,0.3519878685474396,0.4543330669403076,0.35165420174598694,,,,
92,easiest,0.0096,ensemble,scaling,,0.1,0.1,0.5,124,125,,,,,,0.03335963934659958,0.07682386040687561,0.16124704480171204,0.12056314945220947
92,easiest,0.0096,ensemble,scaling,,0.2,0.2,0.5,124,125,,,,,,0.048699960112571716,0.1069665178656578,0.1817426085472107,0.14867764711380005
92,easiest,0.0096,ensemble,scaling,,0.3,0.3,0.5,124,125,,,,,,0.06910691410303116,0.1629149317741394,0.23762363195419312,0.2130894809961319
92,easiest,0.0096,sweep,flip,0.0,0.0,,0.5,124,125,5.960464477539062e-07,9.5367431640625e-07,4.268530631179601e-07,3.706545470549827e-08,4.268530631179601e-07,,,,
92,easiest,0.0096,sweep,flip,1.0,1.0,,0.5,124,125,0.10454010963439941,0.27992212772369385,0.5029020309448242,0.5175919532775879,0.36449891328811646,,,,
92,easiest,0.0096,sweep,shear,0.0,0.0,,0.5,124,125,5.960464477539062e-07,1.1920928955078125e-06,4.622968674539152e-07,4.2149391532575464e-08,4.622968674539152e-07,,,,
92,easiest,0.0096,sweep,shear,0.05,0.05,,0.5,124,125,0.09158188104629517,0.27209222316741943,0.3285565972328186,0.33804717659950256,0.3412533700466156,,,,
92,easiest,0.0096,sweep,shear,0.1,0.1,,0.5,124,125,0.08927488327026367,0.22421562671661377,0.3260677754878998,0.32316628098487854,0.33775603771209717,,,,
92,easiest,0.0096,sweep,shear,0.2,0.2,,0.5,124,125,0.07352280616760254,0.20340865850448608,0.4231162965297699,0.44926244020462036,0.39593005180358887,,,,
92,easiest,0.0096,sweep,shear,0.3,0.3,,0.5,124,125,0.11706078052520752,0.2645602226257324,0.4343220293521881,0.44086939096450806,0.32216453552246094,,,,
92,easiest,0.0096,ensemble,shear,,0.1,0.1,0.5,124,125,,,,,,0.05562933161854744,0.11755290627479553,0.17926865816116333,0.14055012166500092
92,easiest,0.0096,ensemble,shear,,0.2,0.2,0.5,124,125,,,,,,0.05523056164383888,0.1362501084804535,0.24078993499279022,0.21060678362846375
92,easiest,0.0096,ensemble,shear,,0.3,0.3,0.5,124,125,,,,,,0.06895419955253601,0.14394354820251465,0.29232484102249146,0.270630419254303
92,easiest,0.0096,sweep,rotation,0.0,0.0,,0.7,75,174,2.384185791015625e-06,9.5367431640625e-07,3.830856485365075e-07,2.6585080803442906e-08,3.830856485365075e-07,,,,
92,easiest,0.0096,sweep,rotation,5.0,5.0,,0.7,75,174,0.06977707147598267,0.16037750244140625,0.14842644333839417,0.24560630321502686,0.10304207354784012,,,,
92,easiest,0.0096,sweep,rotation,10.0,10.0,,0.7,75,174,0.06830602884292603,0.11558693647384644,0.22651083767414093,0.3233887553215027,0.1123717799782753,,,,
92,easiest,0.0096,sweep,rotation,20.0,20.0,,0.7,75,174,0.0748128890991211,0.20071041584014893,0.30173832178115845,0.41739824414253235,0.11255085468292236,,,,
92,easiest,0.0096,sweep,rotation,30.0,30.0,,0.7,75,174,0.07495748996734619,0.23238933086395264,0.3479987382888794,0.41837847232818604,0.18058516085147858,,,,
92,easiest,0.0096,sweep,rotation,45.0,45.0,,0.7,75,174,0.08628696203231812,0.2754839062690735,0.4647907316684723,0.47991088032722473,0.1742486208677292,,,,
92,easiest,0.0096,ensemble,rotation,,10.0,10.0,0.7,75,174,,,,,,0.06162659823894501,0.1319483369588852,0.1906166523694992,0.2222433090209961
92,easiest,0.0096,ensemble,rotation,,20.0,20.0,0.7,75,174,,,,,,0.05823323130607605,0.1834673285484314,0.27367109060287476,0.3226059079170227
92,easiest,0.0096,ensemble,rotation,,30.0,30.0,0.7,75,174,,,,,,0.05383691191673279,0.19297298789024353,0.31678739190101624,0.36192646622657776
92,easiest,0.0096,sweep,translation,0.0,0.0,,0.7,75,174,2.384185791015625e-06,9.5367431640625e-07,3.830856485365075e-07,2.6585080803442906e-08,3.830856485365075e-07,,,,
92,easiest,0.0096,sweep,translation,1.0,1.0,,0.7,75,174,0.045282840728759766,0.12652897834777832,0.18167069554328918,0.40832579135894775,0.08999516814947128,,,,
92,easiest,0.0096,sweep,translation,2.0,2.0,,0.7,75,174,0.061429500579833984,0.15250730514526367,0.2811339795589447,0.4685393273830414,0.11335855722427368,,,,
92,easiest,0.0096,sweep,translation,4.0,4.0,,0.7,75,174,0.052163541316986084,0.17170190811157227,0.3761679530143738,0.5309472680091858,0.09573841094970703,,,,
92,easiest,0.0096,sweep,translation,6.0,6.0,,0.7,75,174,0.09067970514297485,0.14879345893859863,0.4350893497467041,0.5553773641586304,0.1158130094408989,,,,
92,easiest,0.0096,sweep,translation,8.0,8.0,,0.7,75,174,0.10925871133804321,0.13443005084991455,0.49856969714164734,0.6057613492012024,0.11163447052240372,,,,
92,easiest,0.0096,ensemble,translation,,2.0,2.0,0.7,75,174,,,,,,0.06016237661242485,0.12101906538009644,0.21029990911483765,0.3316144347190857
92,easiest,0.0096,ensemble,translation,,4.0,4.0,0.7,75,174,,,,,,0.0706791803240776,0.15705405175685883,0.29584842920303345,0.3805777430534363
92,easiest,0.0096,ensemble,translation,,6.0,6.0,0.7,75,174,,,,,,0.07525520771741867,0.14793117344379425,0.35598742961883545,0.4353835880756378
92,easiest,0.0096,sweep,scaling,0.8,0.2231435513142097,,0.7,75,174,0.06094086170196533,0.15516889095306396,0.17980316281318665,0.1833108365535736,0.15662436187267303,,,,
92,easiest,0.0096,sweep,scaling,0.9,0.10536051565782628,,0.7,75,174,0.092926025390625,0.09544503688812256,0.13022351264953613,0.14692534506320953,0.1261972188949585,,,,
92,easiest,0.0096,sweep,scaling,1.0,0.0,,0.7,75,174,2.384185791015625e-06,9.5367431640625e-07,3.830856485365075e-07,2.6585080803442906e-08,3.830856485365075e-07,,,,
92,easiest,0.0096,sweep,scaling,1.1,0.09531017980432493,,0.7,75,174,0.055204033851623535,0.10416281223297119,0.10408491641283035,0.14762119948863983,0.08056896924972534,,,,
92,easiest,0.0096,sweep,scaling,1.25,0.22314355131420976,,0.7,75,174,0.0795556902885437,0.15472114086151123,0.20768842101097107,0.2896724343299866,0.1291910707950592,,,,
92,easiest,0.0096,sweep,scaling,1.5,0.4054651081081644,,0.7,75,174,0.07945013046264648,0.29766178131103516,0.30767059326171875,0.4622705578804016,0.18200096487998962,,,,
92,easiest,0.0096,ensemble,scaling,,0.1,0.1,0.7,75,174,,,,,,0.04818001016974449,0.07870637625455856,0.10359653830528259,0.09445040673017502
92,easiest,0.0096,ensemble,scaling,,0.2,0.2,0.7,75,174,,,,,,0.04953690618276596,0.0977310836315155,0.13704252243041992,0.1434386819601059
92,easiest,0.0096,ensemble,scaling,,0.3,0.3,0.7,75,174,,,,,,0.05373799055814743,0.13862231373786926,0.1763191521167755,0.20145434141159058
92,easiest,0.0096,sweep,flip,0.0,0.0,,0.7,75,174,6.556510925292969e-07,9.5367431640625e-07,4.148500067913119e-07,2.882164196194026e-08,4.148500067913119e-07,,,,
92,easiest,0.0096,sweep,flip,1.0,1.0,,0.7,75,174,0.06564480066299438,0.17214453220367432,0.5420457720756531,0.5724903345108032,0.1542666256427765,,,,
92,easiest,0.0096,sweep,shear,0.0,0.0,,0.7,75,174,2.86102294921875e-06,9.5367431640625e-07,3.875608172165812e-07,2.5196907671443114e-08,3.875608172165812e-07,,,,
92,easiest,0.0096,sweep,shear,0.05,0.05,,0.7,75,174,0.04816174507141113,0.05984389781951904,0.08649493753910065,0.10782618075609207,0.08256365358829498,,,,
92,easiest,0.0096,sweep,shear,0.1,0.1,,0.7,75,174,0.049981117248535156,0.12831604480743408,0.15692977607250214,0.24446874856948853,0.09650552272796631,,,,
92,easiest,0.0096,sweep,shear,0.2,0.2,,0.7,75,174,0.07481563091278076,0.12828093767166138,0.24252231419086456,0.33868318796157837,0.11849091947078705,,,,
92,easiest,0.0096,sweep,shear,0.3,0.3,,0.7,75,174,0.060063958168029785,0.15284723043441772,0.30032920837402344,0.4287392795085907,0.10941693186759949,,,,
92,easiest,0.0096,ensemble,shear,,0.1,0.1,0.7,75,174,,,,,,0.05619822070002556,0.08782374113798141,0.11058035492897034,0.14122465252876282
92,easiest,0.0096,ensemble,shear,,0.2,0.2,0.7,75,174,,,,,,0.08280660957098007,0.11453327536582947,0.19129283726215363,0.2342803031206131
92,easiest,0.0096,ensemble,shear,,0.3,0.3,0.7,75,174,,,,,,0.06700990349054337,0.13044551014900208,0.2341662347316742,0.29245224595069885
19,easiest,0.0084,sweep,rotation,0.0,0.0,,0.3,174,75,1.430511474609375e-06,2.682209014892578e-06,2.7072496777691413e-06,5.299868917063577e-07,2.7072496777691413e-06,,,,
19,easiest,0.0084,sweep,rotation,5.0,5.0,,0.3,174,75,0.09950339794158936,0.2554331421852112,0.4963604211807251,0.5652490854263306,0.47906994819641113,,,,
19,easiest,0.0084,sweep,rotation,10.0,10.0,,0.3,174,75,0.1101757287979126,0.29113590717315674,0.5321945548057556,0.6945379972457886,0.5355435609817505,,,,
19,easiest,0.0084,sweep,rotation,20.0,20.0,,0.3,174,75,0.08497041463851929,0.21513259410858154,0.39466893672943115,0.5272343158721924,0.4925824701786041,,,,
19,easiest,0.0084,sweep,rotation,30.0,30.0,,0.3,174,75,0.0870434045791626,0.17341285943984985,0.5414217710494995,0.6674470901489258,0.5894855260848999,,,,
19,easiest,0.0084,sweep,rotation,45.0,45.0,,0.3,174,75,0.09837228059768677,0.18231940269470215,0.5243379473686218,0.6909089684486389,0.6135342717170715,,,,
19,easiest,0.0084,ensemble,rotation,,10.0,10.0,0.3,174,75,,,,,,0.07828270643949509,0.18193252384662628,0.3763074576854706,0.4307624399662018
19,easiest,0.0084,ensemble,rotation,,20.0,20.0,0.3,174,75,,,,,,0.07967153936624527,0.1969151645898819,0.3985823392868042,0.4898148775100708
19,easiest,0.0084,ensemble,rotation,,30.0,30.0,0.3,174,75,,,,,,0.07079886645078659,0.21585871279239655,0.4478309154510498,0.5867068767547607
19,easiest,0.0084,sweep,translation,0.0,0.0,,0.3,174,75,1.430511474609375e-06,2.682209014892578e-06,2.7072496777691413e-06,5.299868917063577e-07,2.7072496777691413e-06,,,,
19,easiest,0.0084,sweep,translation,1.0,1.0,,0.3,174,75,0.08328700065612793,0.24773073196411133,0.2546852231025696,0.2784467041492462,0.29659655690193176,,,,
19,easiest,0.0084,sweep,translation,2.0,2.0,,0.3,174,75,0.08259761333465576,0.2156497836112976,0.4083079397678375,0.5442591309547424,0.3999018371105194,,,,
19,easiest,0.0084,sweep,translation,4.0,4.0,,0.3,174,75,0.09324944019317627,0.2852625250816345,0.48011714220046997,0.7686158418655396,0.5443901419639587,,,,
19,easiest,0.0084,sweep,translation,6.0,6.0,,0.3,174,75,0.14877259731292725,0.24379515647888184,0.5956416130065918,1.0997376441955566,0.6340078115463257,,,,
19,easiest,0.0084,sweep,translation,8.0,8.0,,0.3,174,75,0.09207916259765625,0.21464860439300537,0.5511252880096436,0.9152037501335144,0.6288447976112366,,,,
19,easiest,0.0084,ensemble,translation,,2.0,2.0,0.3,174,75,,,,,,0.07246748358011246,0.2329610288143158,0.40162885189056396,0.49679696559906006
19,easiest,0.0084,ensemble,translation,,4.0,4.0,0.3,174,75,,,,,,0.07953601330518723,0.22608233988285065,0.4369022846221924,0.5826784372329712
19,easiest,0.0084,ensemble,translation,,6.0,6.0,0.3,174,75,,,,,,0.07308214902877808,0.19535095989704132,0.4803898334503174,0.6899524927139282
19,easiest,0.0084,sweep,scaling,0.8,0.2231435513142097,,0.3,174,75,0.07147997617721558,0.11821621656417847,0.22732070088386536,0.33492258191108704,0.3350389003753662,,,,
19,easiest,0.0084,sweep,scaling,0.9,0.10536051565782628,,0.3,174,75,0.07686924934387207,0.11665713787078857,0.215448260307312,0.23476603627204895,0.2444356381893158,,,,
19,easiest,0.0084,sweep,scaling,1.0,0.0,,0.3,174,75,1.430511474609375e-06,2.682209014892578e-06,2.7072496777691413e-06,5.299868917063577e-07,2.7072496777691413e-06,,,,
19,easiest,0.0084,sweep,scaling,1.1,0.09531017980432493,,0.3,174,75,0.07945114374160767,0.2452174425125122,0.4021396040916443,0.460242360830307,0.4359622597694397,,,,
19,easiest,0.0084,sweep,scaling,1.25,0.22314355131420976,,0.3,174,75,0.07530224323272705,0.2720346450805664,0.37175068259239197,0.5726836323738098,0.4432586133480072,,,,
19,easiest,0.0084,sweep,scaling,1.5,0.4054651081081644,,0.3,174,75,0.12026214599609375,0.2506754994392395,0.6716063022613525,0.9305524826049805,0.7180922627449036,,,,
19,easiest,0.0084,ensemble,scaling,,0.1,0.1,0.3,174,75,,,,,,0.07112231850624084,0.1695360243320465,0.2621908187866211,0.2876438796520233
19,easiest,0.0084,ensemble,scaling,,0.2,0.2,0.3,174,75,,,,,,0.07299475371837616,0.23918099701404572,0.35804250836372375,0.43060529232025146
19,easiest,0.0084,ensemble,scaling,,0.3,0.3,0.3,174,75,,,,,,0.08050163090229034,0.20171599090099335,0.3704521059989929,0.4605445861816406
19,easiest,0.0084,sweep,flip,0.0,0.0,,0.3,174,75,4.410743713378906e-06,1.5020370483398438e-05,1.3859842511010356e-05,2.798996320052538e-06,1.3859842511010356e-05,,,,
19,easiest,0.0084,sweep,flip,1.0,1.0,,0.3,174,75,0.0972059965133667,0.22238433361053467,0.5468965172767639,0.6791253685951233,0.7064337134361267,,,,
19,easiest,0.0084,sweep,shear,0.0,0.0,,0.3,174,75,2.086162567138672e-06,5.0067901611328125e-06,5.027018232794944e-06,1.0787985047500115e-06,5.027018232794944e-06,,,,
19,easiest,0.0084,sweep,shear,0.05,0.05,,0.3,174,75,0.013740897178649902,0.05734419822692871,0.06743031740188599,0.05511447787284851,0.0861477255821228,,,,
19,easiest,0.0084,sweep,shear,0.1,0.1,,0.3,174,75,0.03537696599960327,0.05759692192077637,0.08602214604616165,0.059055205434560776,0.13021741807460785,,,,
19,easiest,0.0084,sweep,shear,0.2,0.2,,0.3,174,75,0.04354357719421387,0.06843984127044678,0.12561869621276855,0.11640580743551254,0.21615728735923767,,,,
19,easiest,0.0084,sweep,shear,0.3,0.3,,0.3,174,75,0.03572583198547363,0.04781383275985718,0.14991998672485352,0.1602085828781128,0.269929438829422,,,,
19,easiest,0.0084,ensemble,shear,,0.1,0.1,0.3,174,75,,,,,,0.031841546297073364,0.03805631399154663,0.05877146124839783,0.03598044812679291
19,easiest,0.0084,ensemble,shear,,0.2,0.2,0.3,174,75,,,,,,0.06113561987876892,0.15489530563354492,0.21188750863075256,0.2235843688249588
19,easiest,0.0084,ensemble,shear,,0.3,0.3,0.3,174,75,,,,,,0.0751689076423645,0.1822706162929535,0.29634183645248413,0.3264267146587372
19,easiest,0.0084,sweep,rotation,0.0,0.0,,0.5,124,125,9.5367431640625e-07,6.556510925292969e-07,7.367843295469356e-07,8.79233112982547e-08,7.367843295469356e-07,,,,
19,easiest,0.0084,sweep,rotation,5.0,5.0,,0.5,124,125,0.05604290962219238,0.14013683795928955,0.3737160861492157,0.2942349314689636,0.3785193860530853,,,,
19,easiest,0.0084,sweep,rotation,10.0,10.0,,0.5,124,125,0.06354629993438721,0.14092093706130981,0.4403149485588074,0.39071884751319885,0.4346291422843933,,,,
19,easiest,0.0084,sweep,rotation,20.0,20.0,,0.5,124,125,0.07827413082122803,0.19218695163726807,0.5037853717803955,0.5575922727584839,0.44822919368743896,,,,
19,easiest,0.0084,sweep,rotation,30.0,30.0,,0.5,124,125,0.08760082721710205,0.19421744346618652,0.5601882934570312,0.6754496693611145,0.5382078289985657,,,,
19,easiest,0.0084,sweep,rotation,45.0,45.0,,0.5,124,125,0.09299397468566895,0.2848650813102722,0.5994257926940918,0.8489354848861694,0.46505752205848694,,,,
19,easiest,0.0084,ensemble,rotation,,10.0,10.0,0.5,124,125,,,,,,0.060558415949344635,0.17168070375919342,0.2757278382778168,0.32845327258110046
19,easiest,0.0084,ensemble,rotation,,20.0,20.0,0.5,124,125,,,,,,0.05373372510075569,0.21733562648296356,0.3236149549484253,0.44210124015808105
19,easiest,0.0084,ensemble,rotation,,30.0,30.0,0.5,124,125,,,,,,0.05418085306882858,0.22433823347091675,0.3580349385738373,0.5514799952507019
19,easiest,0.0084,sweep,translation,0.0,0.0,,0.5,124,125,9.5367431640625e-07,6.556510925292969e-07,7.367843295469356e-07,8.79233112982547e-08,7.367843295469356e-07,,,,
19,easiest,0.0084,sweep,translation,1.0,1.0,,0.5,124,125,0.07358694076538086,0.16978251934051514,0.3596532940864563,0.39522355794906616,0.34523630142211914,,,,
19,easiest,0.0084,sweep,translation,2.0,2.0,,0.5,124,125,0.06932651996612549,0.1363065242767334,0.3733324408531189,0.5398213863372803,0.3210388123989105,,,,
19,easiest,0.0084,sweep,translation,4.0,4.0,,0.5,124,125,0.07621157169342041,0.24784815311431885,0.5910482406616211,0.6578596830368042,0.5297882556915283,,,,
19,easiest,0.0084,sweep,translation,6.0,6.0,,0.5,124,125,0.113211989402771,0.2812720537185669,0.5531908273696899,0.7568217515945435,0.4821694493293762,,,,
19,easiest,0.0084,sweep,translation,8.0,8.0,,0.5,124,125,0.1591835618019104,0.292782187461853,0.5862730145454407,0.7635215520858765,0.518369734287262,,,,
19,easiest,0.0084,ensemble,translation,,2.0,2.0,0.5,124,125,,,,,,0.06148967146873474,0.19397379457950592,0.388764888048172,0.504694402217865
19,easiest,0.0084,ensemble,translation,,4.0,4.0,0.5,124,125,,,,,,0.04135269671678543,0.2047913521528244,0.4129713475704193,0.6063843965530396
19,easiest,0.0084,ensemble,translation,,6.0,6.0,0.5,124,125,,,,,,0.04881210997700691,0.1985148787498474,0.5021640658378601,0.6952239274978638
19,easiest,0.0084,sweep,scaling,0.8,0.2231435513142097,,0.5,124,125,0.07410544157028198,0.24306118488311768,0.5535567402839661,0.4963453412055969,0.5671277642250061,,,,
19,easiest,0.0084,sweep,scaling,0.9,0.10536051565782628,,0.5,124,125,0.06754988431930542,0.22382277250289917,0.5080271363258362,0.41032153367996216,0.5234934687614441,,,,
19,easiest,0.0084,sweep,scaling,1.0,0.0,,0.5,124,125,9.5367431640625e-07,6.556510925292969e-07,7.367843295469356e-07,8.79233112982547e-08,7.367843295469356e-07,,,,
19,easiest,0.0084,sweep,scaling,1.1,0.09531017980432493,,0.5,124,125,0.09174597263336182,0.11629348993301392,0.38188132643699646,0.30909764766693115,0.35762208700180054,,,,
19,easiest,0.0084,sweep,scaling,1.25,0.22314355131420976,,0.5,124,125,0.06746542453765869,0.14347493648529053,0.42915797233581543,0.4117146134376526,0.3507671654224396,,,,
19,easiest,0.0084,sweep,scaling,1.5,0.4054651081081644,,0.5,124,125,0.060878098011016846,0.20636510848999023,0.5111172199249268,0.5976266860961914,0.36744189262390137,,,,
19,easiest,0.0084,ensemble,scaling,,0.1,0.1,0.5,124,125,,,,,,0.044735297560691833,0.12059146165847778,0.19327899813652039,0.19476696848869324
19,easiest,0.0084,ensemble,scaling,,0.2,0.2,0.5,124,125,,,,,,0.05967675894498825,0.18040648102760315,0.26647961139678955,0.30320119857788086
19,easiest,0.0084,ensemble,scaling,,0.3,0.3,0.5,124,125,,,,,,0.06945905089378357,0.20774346590042114,0.2996487617492676,0.37152883410453796
19,easiest,0.0084,sweep,flip,0.0,0.0,,0.5,124,125,3.5762786865234375e-07,8.344650268554688e-07,1.2550448218462407e-06,2.1917520598435658e-07,1.2550448218462407e-06,,,,
19,easiest,0.0084,sweep,flip,1.0,1.0,,0.5,124,125,0.08082127571105957,0.23243200778961182,0.6829962134361267,1.0463534593582153,0.47746092081069946,,,,
19,easiest,0.0084,sweep,shear,0.0,0.0,,0.5,124,125,8.344650268554688e-07,1.7881393432617188e-06,1.891365400297218e-06,4.2674062683545344e-07,1.891365400297218e-06,,,,
19,easiest,0.0084,sweep,shear,0.05,0.05,,0.5,124,125,0.06296223402023315,0.11817049980163574,0.35362035036087036,0.23551003634929657,0.36394011974334717,,,,
19,easiest,0.0084,sweep,shear,0.1,0.1,,0.5,124,125,0.06273853778839111,0.10396409034729004,0.3425203263759613,0.27810418605804443,0.35178864002227783,,,,
19,easiest,0.0084,sweep,shear,0.2,0.2,,0.5,124,125,0.06931495666503906,0.12849485874176025,0.38571056723594666,0.3078708350658417,0.4131008982658386,,,,
19,easiest,0.0084,sweep,shear,0.3,0.3,,0.5,124,125,0.07101655006408691,0.1459101438522339,0.38025325536727905,0.3460041284561157,0.4390185475349426,,,,
19,easiest,0.0084,ensemble,shear,,0.1,0.1,0.5,124,125,,,,,,0.042614273726940155,0.10447404533624649,0.19845762848854065,0.1626078188419342
19,easiest,0.0084,ensemble,shear,,0.2,0.2,0.5,124,125,,,,,,0.04144836589694023,0.10479702055454254,0.1586572229862213,0.17344965040683746
19,easiest,0.0084,ensemble,shear,,0.3,0.3,0.5,124,125,,,,,,0.04685078561306,0.1328057497739792,0.21084851026535034,0.21978193521499634
19,easiest,0.0084,sweep,rotation,0.0,0.0,,0.7,75,174,5.960464477539062e-07,6.556510925292969e-07,4.463900040718727e-07,3.573110873844598e-08,4.463900040718727e-07,,,,
19,easiest,0.0084,sweep,rotation,5.0,5.0,,0.7,75,174,0.018510282039642334,0.06714242696762085,0.17741084098815918,0.24881203472614288,0.13118387758731842,,,,
19,easiest,0.0084,sweep,rotation,10.0,10.0,,0.7,75,174,0.025486111640930176,0.06868338584899902,0.29304444789886475,0.4525412619113922,0.1761777251958847,,,,
19,easiest,0.0084,sweep,rotation,20.0,20.0,,0.7,75,174,0.034901320934295654,0.11408597230911255,0.45689088106155396,0.6992627382278442,0.17163918912410736,,,,
19,easiest,0.0084,sweep,rotation,30.0,30.0,,0.7,75,174,0.023766160011291504,0.16414320468902588,0.5420162677764893,0.7956968545913696,0.20404452085494995,,,,
19,easiest,0.0084,sweep,rotation,45.0,45.0,,0.7,75,174,0.04442405700683594,0.21134257316589355,0.6063565611839294,0.8927630186080933,0.2201135754585266,,,,
19,easiest,0.0084,ensemble,rotation,,10.0,10.0,0.7,75,174,,,,,,0.017596567049622536,0.06272607296705246,0.21663716435432434,0.3052304983139038
19,easiest,0.0084,ensemble,rotation,,20.0,20.0,0.7,75,174,,,,,,0.027457060292363167,0.0806979089975357,0.351899653673172,0.5072422027587891
19,easiest,0.0084,ensemble,rotation,,30.0,30.0,0.7,75,174,,,,,,0.027845349162817,0.115012988448143,0.43375277519226074,0.6132514476776123
19,easiest,0.0084,sweep,translation,0.0,0.0,,0.7,75,174,5.960464477539062e-07,6.556510925292969e-07,4.463900040718727e-07,3.573110873844598e-08,4.463900040718727e-07,,,,
19,easiest,0.0084,sweep,translation,1.0,1.0,,0.7,75,174,0.022790074348449707,0.10483646392822266,0.16504709422588348,0.32279595732688904,0.11959254741668701,,,,
19,easiest,0.0084,sweep,translation,2.0,2.0,,0.7,75,174,0.02378755807876587,0.10029637813568115,0.2788022756576538,0.5262560844421387,0.1449764370918274,,,,
19,easiest,0.0084,sweep,translation,4.0,4.0,,0.7,75,174,0.029519319534301758,0.13221293687820435,0.45856788754463196,0.790454089641571,0.18754291534423828,,,,
19,easiest,0.0084,sweep,translation,6.0,6.0,,0.7,75,174,0.0563654899597168,0.1400405764579773,0.5186917781829834,0.8910914063453674,0.20167125761508942,,,,
19,easiest,0.0084,sweep,translation,8.0,8.0,,0.7,75,174,0.059830307960510254,0.2541113495826721,0.5509790182113647,0.9857465624809265,0.22093546390533447,,,,
19,easiest,0.0084,ensemble,translation,,2.0,2.0,0.7,75,174,,,,,,0.022346386685967445,0.09021232277154922,0.3284951448440552,0.5431802868843079
19,easiest,0.0084,ensemble,translation,,4.0,4.0,0.7,75,174,,,,,,0.031403932720422745,0.10329712927341461,0.46220862865448,0.71669602394104
19,easiest,0.0084,ensemble,translation,,6.0,6.0,0.7,75,174,,,,,,0.04452858120203018,0.14292912185192108,0.5459208488464355,0.7982849478721619
19,easiest,0.0084,sweep,scaling,0.8,0.2231435513142097,,0.7,75,174,0.02675187587738037,0.08218395709991455,0.3493174910545349,0.449401319026947,0.2764364778995514,,,,
19,easiest,0.0084,sweep,scaling,0.9,0.10536051565782628,,0.7,75,174,0.021626055240631104,0.0717887282371521,0.18524374067783356,0.3055896461009979,0.1411173939704895,,,,
19,easiest,0.0084,sweep,scaling,1.0,0.0,,0.7,75,174,5.960464477539062e-07,6.556510925292969e-07,4.463900040718727e-07,3.573110873844598e-08,4.463900040718727e-07,,,,
19,easiest,0.0084,sweep,scaling,1.1,0.09531017980432493,,0.7,75,174,0.037061333656311035,0.07403445243835449,0.24051977694034576,0.3175511658191681,0.15785014629364014,,,,
19,easiest,0.0084,sweep,scaling,1.25,0.22314355131420976,,0.7,75,174,0.03736180067062378,0.1212836503982544,0.4012677073478699,0.5453442931175232,0.2082962989807129,,,,
19,easiest,0.0084,sweep,scaling,1.5,0.4054651081081644,,0.7,75,174,0.043215274810791016,0.15778827667236328,0.5380308628082275,0.7781882882118225,0.23750118911266327,,,,
19,easiest,0.0084,ensemble,scaling,,0.1,0.1,0.7,75,174,,,,,,0.02416195720434189,0.05734920874238014,0.1648356020450592,0.18639437854290009
19,easiest,0.0084,ensemble,scaling,,0.2,0.2,0.7,75,174,,,,,,0.042436011135578156,0.08245034515857697,0.2596409022808075,0.3108448386192322
19,easiest,0.0084,ensemble,scaling,,0.3,0.3,0.7,75,174,,,,,,0.0315011702477932,0.09872675687074661,0.3308432698249817,0.3964002728462219
19,easiest,0.0084,sweep,flip,0.0,0.0,,0.7,75,174,5.364418029785156e-07,8.344650268554688e-07,4.972358738086768e-07,3.6062647978951645e-08,4.972358738086768e-07,,,,
19,easiest,0.0084,sweep,flip,1.0,1.0,,0.7,75,174,0.052977919578552246,0.15972942113876343,0.6725398302078247,1.1857746839523315,0.214644655585289,,,,
19,easiest,0.0084,sweep,shear,0.0,0.0,,0.7,75,174,2.384185791015625e-07,7.748603820800781e-07,5.048831894782779e-07,4.462928515636122e-08,5.048831894782779e-07,,,,
19,easiest,0.0084,sweep,shear,0.05,0.05,,0.7,75,174,0.006119430065155029,0.020568251609802246,0.051266010850667953,0.03940647095441818,0.053189706057310104,,,,
19,easiest,0.0084,sweep,shear,0.1,0.1,,0.7,75,174,0.01409149169921875,0.07104760408401489,0.1028875783085823,0.11800709366798401,0.0872967541217804,,,,
19,easiest,0.0084,sweep,shear,0.2,0.2,,0.7,75,174,0.022263050079345703,0.07139164209365845,0.17846104502677917,0.23884376883506775,0.11453495919704437,,,,
19,easiest,0.0084,sweep,shear,0.3,0.3,,0.7,75,174,0.02399766445159912,0.07602035999298096,0.23385505378246307,0.34772080183029175,0.14349855482578278,,,,
19,easiest,0.0084,ensemble,shear,,0.1,0.1,0.7,75,174,,,,,,0.01126845646649599,0.027120457962155342,0.055769726634025574,0.06022053211927414
19,easiest,0.0084,ensemble,shear,,0.2,0.2,0.7,75,174,,,,,,0.02018342725932598,0.044920098036527634,0.12177671492099762,0.14960305392742157
19,easiest,0.0084,ensemble,shear,,0.3,0.3,0.7,75,174,,,,,,0.019879981875419617,0.06200254708528519,0.16472573578357697,0.22613991796970367
14,easiest,0.0078,sweep,rotation,0.0,0.0,,0.3,174,75,0.0019450783729553223,0.002952277660369873,0.00902676209807396,0.003253254806622863,0.00902676209807396,,,,
14,easiest,0.0078,sweep,rotation,5.0,5.0,,0.3,174,75,0.09566235542297363,0.28867363929748535,0.5084024667739868,0.7077752351760864,0.524508535861969,,,,
14,easiest,0.0078,sweep,rotation,10.0,10.0,,0.3,174,75,0.10596686601638794,0.2974376678466797,0.5477997064590454,0.7191013693809509,0.5761796236038208,,,,
14,easiest,0.0078,sweep,rotation,20.0,20.0,,0.3,174,75,0.10186350345611572,0.32094383239746094,0.5171481370925903,0.6907563805580139,0.6210208535194397,,,,
14,easiest,0.0078,sweep,rotation,30.0,30.0,,0.3,174,75,0.12761461734771729,0.2939181327819824,0.6095205545425415,0.7946516275405884,0.6167129278182983,,,,
14,easiest,0.0078,sweep,rotation,45.0,45.0,,0.3,174,75,0.1290324330329895,0.31664228439331055,0.5169239640235901,0.6908443570137024,0.5854710936546326,,,,
14,easiest,0.0078,ensemble,rotation,,10.0,10.0,0.3,174,75,,,,,,0.11689785867929459,0.2815682291984558,0.4663744270801544,0.632207989692688
14,easiest,0.0078,ensemble,rotation,,20.0,20.0,0.3,174,75,,,,,,0.10123873502016068,0.29970619082450867,0.5124058127403259,0.7342438101768494
14,easiest,0.0078,ensemble,rotation,,30.0,30.0,0.3,174,75,,,,,,0.09035340696573257,0.2526605725288391,0.5100175738334656,0.6912168264389038
14,easiest,0.0078,sweep,translation,0.0,0.0,,0.3,174,75,0.0019450783729553223,0.002952277660369873,0.00902676209807396,0.003253254806622863,0.00902676209807396,,,,
14,easiest,0.0078,sweep,translation,1.0,1.0,,0.3,174,75,0.11987960338592529,0.30310118198394775,0.46458297967910767,0.5316851139068604,0.4709213674068451,,,,
14,easiest,0.0078,sweep,translation,2.0,2.0,,0.3,174,75,0.0993230938911438,0.22559607028961182,0.40439414978027344,0.49278396368026733,0.4385581612586975,,,,
14,easiest,0.0078,sweep,translation,4.0,4.0,,0.3,174,75,0.13231885433197021,0.22106719017028809,0.5760388374328613,0.7578582167625427,0.6159101724624634,,,,
14,easiest,0.0078,sweep,translation,6.0,6.0,,0.3,174,75,0.10720163583755493,0.2825911045074463,0.6100833415985107,0.8758971691131592,0.7076454758644104,,,,
14,easiest,0.0078,sweep,translation,8.0,8.0,,0.3,174,75,0.10613834857940674,0.27822959423065186,0.4794839918613434,0.580765962600708,0.6707730889320374,,,,
14,easiest,0.0078,ensemble,translation,,2.0,2.0,0.3,174,75,,,,,,0.12260353565216064,0.29837194085121155,0.4794725775718689,0.6193689703941345
14,easiest,0.0078,ensemble,translation,,4.0,4.0,0.3,174,75,,,,,,0.11741147935390472,0.3015134036540985,0.49048712849617004,0.6309332251548767
14,easiest,0.0078,ensemble,translation,,6.0,6.0,0.3,174,75,,,,,,0.13575857877731323,0.31314510107040405,0.547253429889679,0.7700205445289612
14,easiest,0.0078,sweep,scaling,0.8,0.2231435513142097,,0.3,174,75,0.10214132070541382,0.2908710837364197,0.49834346771240234,0.609622597694397,0.5603787899017334,,,,
14,easiest,0.0078,sweep,scaling,0.9,0.10536051565782628,,0.3,174,75,0.03511238098144531,0.17535251379013062,0.25427448749542236,0.3323851227760315,0.30621984601020813,,,,
14,easiest,0.0078,sweep,scaling,1.0,0.0,,0.3,174,75,0.0019450783729553223,0.002952277660369873,0.00902676209807396,0.003253254806622863,0.00902676209807396,,,,
14,easiest,0.0078,sweep,scaling,1.1,0.09531017980432493,,0.3,174,75,0.11416018009185791,0.29262447357177734,0.5051424503326416,0.6846032738685608,0.5441440343856812,,,,
14,easiest,0.0078,sweep,scaling,1.25,0.22314355131420976,,0.3,174,75,0.05115008354187012,0.1549849510192871,0.2921975255012512,0.3248271942138672,0.34384885430336,,,,
14,easiest,0.0078,sweep,scaling,1.5,0.4054651081081644,,0.3,174,75,0.1300748586654663,0.2738291025161743,0.6278279423713684,0.8656455874443054,0.6041572093963623,,,,
14,easiest,0.0078,ensemble,scaling,,0.1,0.1,0.3,174,75,,,,,,0.10646744072437286,0.28581076860427856,0.43127110600471497,0.6351894736289978
14,easiest,0.0078,ensemble,scaling,,0.2,0.2,0.3,174,75,,,,,,0.11227357387542725,0.3044884204864502,0.5149106383323669,0.7093913555145264
14,easiest,0.0078,ensemble,scaling,,0.3,0.3,0.3,174,75,,,,,,0.11319252848625183,0.3083057403564453,0.5233065485954285,0.7764703631401062
14,easiest,0.0078,sweep,flip,0.0,0.0,,0.3,174,75,0.013122081756591797,0.07593739032745361,0.04174019768834114,0.029484014958143234,0.04174019768834114,,,,
14,easiest,0.0078,sweep,flip,1.0,1.0,,0.3,174,75,0.10308146476745605,0.27075839042663574,0.5103738307952881,0.6059561967849731,0.49803465604782104,,,,
14,easiest,0.0078,sweep,shear,0.0,0.0,,0.3,174,75,0.012993216514587402,0.07419252395629883,0.040905747562646866,0.028680626302957535,0.040905747562646866,,,,
14,easiest,0.0078,sweep,shear,0.05,0.05,,0.3,174,75,0.08904224634170532,0.19632893800735474,0.44598400592803955,0.5181834697723389,0.4465179443359375,,,,
14,easiest,0.0078,sweep,shear,0.1,0.1,,0.3,174,75,0.10628855228424072,0.2385028600692749,0.46614837646484375,0.5423374176025391,0.46274200081825256,,,,
14,easiest,0.0078,sweep,shear,0.2,0.2,,0.3,174,75,0.12891483306884766,0.3152109980583191,0.5166100859642029,0.6835852265357971,0.5370677709579468,,,,
14,easiest,0.0078,sweep,shear,0.3,0.3,,0.3,174,75,0.13204753398895264,0.33753836154937744,0.5208250880241394,0.7129471302032471,0.5550767779350281,,,,
14,easiest,0.0078,ensemble,shear,,0.1,0.1,0.3,174,75,,,,,,0.036261893808841705,0.16275770962238312,0.14623254537582397,0.19900557398796082
14,easiest,0.0078,ensemble,shear,,0.2,0.2,0.3,174,75,,,,,,0.08478738367557526,0.21147912740707397,0.31914931535720825,0.4832872152328491
14,easiest,0.0078,ensemble,shear,,0.3,0.3,0.3,174,75,,,,,,0.08274506032466888,0.22527672350406647,0.3576287627220154,0.5505116581916809
14,easiest,0.0078,sweep,rotation,0.0,0.0,,0.5,124,125,4.291534423828125e-06,1.3709068298339844e-06,1.3571949466495425e-06,5.017741955271049e-07,1.3571949466495425e-06,,,,
14,easiest,0.0078,sweep,rotation,5.0,5.0,,0.5,124,125,0.04555153846740723,0.08513075113296509,0.17970050871372223,0.2257220447063446,0.17717362940311432,,,,
14,easiest,0.0078,sweep,rotation,10.0,10.0,,0.5,124,125,0.026853978633880615,0.09266483783721924,0.20559978485107422,0.35390228033065796,0.19336310029029846,,,,
14,easiest,0.0078,sweep,rotation,20.0,20.0,,0.5,124,125,0.05675005912780762,0.18513816595077515,0.3462151288986206,0.4954821467399597,0.36044061183929443,,,,
14,easiest,0.0078,sweep,rotation,30.0,30.0,,0.5,124,125,0.1806187629699707,0.4267580509185791,0.49576038122177124,0.6014703512191772,0.4277523159980774,,,,
14,easiest,0.0078,sweep,rotation,45.0,45.0,,0.5,124,125,0.15589654445648193,0.45174920558929443,0.59784996509552,0.7972431182861328,0.45263558626174927,,,,
14,easiest,0.0078,ensemble,rotation,,10.0,10.0,0.5,124,125,,,,,,0.04481906443834305,0.07741856575012207,0.18042561411857605,0.22965653240680695
14,easiest,0.0078,ensemble,rotation,,20.0,20.0,0.5,124,125,,,,,,0.06263209134340286,0.13693566620349884,0.27232977747917175,0.3850204050540924
14,easiest,0.0078,ensemble,rotation,,30.0,30.0,0.5,124,125,,,,,,0.08129166066646576,0.17822857201099396,0.37024635076522827,0.5034900903701782
14,easiest,0.0078,sweep,translation,0.0,0.0,,0.5,124,125,4.291534423828125e-06,1.3709068298339844e-06,1.3571949466495425e-06,5.017741955271049e-07,1.3571949466495425e-06,,,,
14,easiest,0.0078,sweep,translation,1.0,1.0,,0.5,124,125,0.04340565204620361,0.07304644584655762,0.12018908560276031,0.17476807534694672,0.10128344595432281,,,,
14,easiest,0.0078,sweep,translation,2.0,2.0,,0.5,124,125,0.03545379638671875,0.11487561464309692,0.23278716206550598,0.3528705835342407,0.1692948043346405,,,,
14,easiest,0.0078,sweep,translation,4.0,4.0,,0.5,124,125,0.05420804023742676,0.20493972301483154,0.3181968629360199,0.5061782598495483,0.22117362916469574,,,,
14,easiest,0.0078,sweep,translation,6.0,6.0,,0.5,124,125,0.053945183753967285,0.24828892946243286,0.3678519129753113,0.6256561875343323,0.2332695722579956,,,,
14,easiest,0.0078,sweep,translation,8.0,8.0,,0.5,124,125,0.06234574317932129,0.17512595653533936,0.41562366485595703,0.7343218326568604,0.22319570183753967,,,,
14,easiest,0.0078,ensemble,translation,,2.0,2.0,0.5,124,125,,,,,,0.05394263565540314,0.15159104764461517,0.29201650619506836,0.4599672257900238
14,easiest,0.0078,ensemble,translation,,4.0,4.0,0.5,124,125,,,,,,0.06622454524040222,0.2400505691766739,0.41355589032173157,0.6731218695640564
14,easiest,0.0078,ensemble,translation,,6.0,6.0,0.5,124,125,,,,,,0.07728073000907898,0.2319488525390625,0.4684378504753113,0.7555763125419617
14,easiest,0.0078,sweep,scaling,0.8,0.2231435513142097,,0.5,124,125,0.1308755874633789,0.23533689975738525,0.39282727241516113,0.45286715030670166,0.346838116645813,,,,
14,easiest,0.0078,sweep,scaling,0.9,0.10536051565782628,,0.5,124,125,0.1092984676361084,0.1452542543411255,0.2721092998981476,0.364041268825531,0.23886047303676605,,,,
14,easiest,0.0078,sweep,scaling,1.0,0.0,,0.5,124,125,4.291534423828125e-06,1.3709068298339844e-06,1.3571949466495425e-06,5.017741955271049e-07,1.3571949466495425e-06,,,,
14,easiest,0.0078,sweep,scaling,1.1,0.09531017980432493,,0.5,124,125,0.06233477592468262,0.1126508116722107,0.2527909278869629,0.2737187147140503,0.2697005569934845,,,,
14,easiest,0.0078,sweep,scaling,1.25,0.22314355131420976,,0.5,124,125,0.08896529674530029,0.216621994972229,0.3747921586036682,0.4656217098236084,0.3984498679637909,,,,
14,easiest,0.0078,sweep,scaling,1.5,0.4054651081081644,,0.5,124,125,0.08929705619812012,0.22428983449935913,0.5793834924697876,0.800499439239502,0.4414694905281067,,,,
14,easiest,0.0078,ensemble,scaling,,0.1,0.1,0.5,124,125,,,,,,0.05886659026145935,0.09458962827920914,0.2038106769323349,0.22072619199752808
14,easiest,0.0078,ensemble,scaling,,0.2,0.2,0.5,124,125,,,,,,0.07954247295856476,0.10227317363023758,0.2458452731370926,0.29968902468681335
14,easiest,0.0078,ensemble,scaling,,0.3,0.3,0.5,124,125,,,,,,0.10613221675157547,0.15116508305072784,0.3186611533164978,0.4009495675563812
14,easiest,0.0078,sweep,flip,0.0,0.0,,0.5,124,125,1.0728836059570312e-06,9.5367431640625e-07,8.935352298067301e-07,3.7275128761393717e-07,8.935352298067301e-07,,,,
14,easiest,0.0078,sweep,flip,1.0,1.0,,0.5,124,125,0.05632692575454712,0.28598594665527344,0.5955632925033569,1.0252811908721924,0.3284928500652313,,,,
14,easiest,0.0078,sweep,shear,0.0,0.0,,0.5,124,125,2.9802322387695312e-06,1.6689300537109375e-06,2.7577548280532937e-06,8.148628580784134e-07,2.7577548280532937e-06,,,,
14,easiest,0.0078,sweep,shear,0.05,0.05,,0.5,124,125,0.031416356563568115,0.059896230697631836,0.09362249821424484,0.08508270233869553,0.09546922147274017,,,,
14,easiest,0.0078,sweep,shear,0.1,0.1,,0.5,124,125,0.03450113534927368,0.08548486232757568,0.10743729025125504,0.11824473738670349,0.12119553983211517,,,,
14,easiest,0.0078,sweep,shear,0.2,0.2,,0.5,124,125,0.03220707178115845,0.09730565547943115,0.11203718185424805,0.1422194391489029,0.14809609949588776,,,,
14,easiest,0.0078,sweep,shear,0.3,0.3,,0.5,124,125,0.04029566049575806,0.10338771343231201,0.17512217164039612,0.24166686832904816,0.20565034449100494,,,,
14,easiest,0.0078,ensemble,shear,,0.1,0.1,0.5,124,125,,,,,,0.016022317111492157,0.0544680692255497,0.06324384361505508,0.06393182277679443
14,easiest,0.0078,ensemble,shear,,0.2,0.2,0.5,124,125,,,,,,0.02767617255449295,0.07395928353071213,0.09645024687051773,0.1209520697593689
14,easiest,0.0078,ensemble,shear,,0.3,0.3,0.5,124,125,,,,,,0.03681378439068794,0.08636616915464401,0.13788194954395294,0.1885068714618683
14,easiest,0.0078,sweep,rotation,0.0,0.0,,0.7,75,174,5.960464477539062e-07,7.152557373046875e-07,4.355930514066131e-07,4.689442789640452e-08,4.355930514066131e-07,,,,
14,easiest,0.0078,sweep,rotation,5.0,5.0,,0.7,75,174,0.04994761943817139,0.10086548328399658,0.15530593693256378,0.2762971520423889,0.12996669113636017,,,,
14,easiest,0.0078,sweep,rotation,10.0,10.0,,0.7,75,174,0.05451059341430664,0.15073245763778687,0.2609090805053711,0.42022955417633057,0.1861419975757599,,,,
14,easiest,0.0078,sweep,rotation,20.0,20.0,,0.7,75,174,0.08257603645324707,0.21567916870117188,0.40617096424102783,0.5455564260482788,0.25750645995140076,,,,
14,easiest,0.0078,sweep,rotation,30.0,30.0,,0.7,75,174,0.05412149429321289,0.1852516531944275,0.4475182592868805,0.6869701743125916,0.19322516024112701,,,,
14,easiest,0.0078,sweep,rotation,45.0,45.0,,0.7,75,174,0.09229886531829834,0.3020070791244507,0.56831294298172,0.8869895935058594,0.2524821162223816,,,,
14,easiest,0.0078,ensemble,rotation,,10.0,10.0,0.7,75,174,,,,,,0.03659236058592796,0.07639936357736588,0.18598884344100952,0.2650183141231537
14,easiest,0.0078,ensemble,rotation,,20.0,20.0,0.7,75,174,,,,,,0.043235305696725845,0.12452015280723572,0.2857755422592163,0.4100704789161682
14,easiest,0.0078,ensemble,rotation,,30.0,30.0,0.7,75,174,,,,,,0.0489748977124691,0.14572960138320923,0.3505294919013977,0.5328683853149414
14,easiest,0.0078,sweep,translation,0.0,0.0,,0.7,75,174,5.960464477539062e-07,7.152557373046875e-07,4.355930514066131e-07,4.689442789640452e-08,4.355930514066131e-07,,,,
14,easiest,0.0078,sweep,translation,1.0,1.0,,0.7,75,174,0.03018718957901001,0.06261098384857178,0.14130979776382446,0.25888997316360474,0.10133496671915054,,,,
14,easiest,0.0078,sweep,translation,2.0,2.0,,0.7,75,174,0.02746570110321045,0.08543694019317627,0.20925042033195496,0.39637190103530884,0.10682028532028198,,,,
14,easiest,0.0078,sweep,translation,4.0,4.0,,0.7,75,174,0.048896610736846924,0.19022929668426514,0.305184543132782,0.5561282634735107,0.1358916461467743,,,,
14,easiest,0.0078,sweep,translation,6.0,6.0,,0.7,75,174,0.045097410678863525,0.18714851140975952,0.3488781452178955,0.652558445930481,0.138035386800766,,,,
14,easiest,0.0078,sweep,translation,8.0,8.0,,0.7,75,174,0.04546397924423218,0.1817435622215271,0.37717151641845703,0.7305920124053955,0.13904120028018951,,,,
14,easiest,0.0078,ensemble,translation,,2.0,2.0,0.7,75,174,,,,,,0.04876596853137016,0.10437630861997604,0.3048318326473236,0.4854617416858673
14,easiest,0.0078,ensemble,translation,,4.0,4.0,0.7,75,174,,,,,,0.05720159411430359,0.15369020402431488,0.4193018674850464,0.7058205008506775
14,easiest,0.0078,ensemble,translation,,6.0,6.0,0.7,75,174,,,,,,0.06105006858706474,0.14506018161773682,0.48868781328201294,0.8094553351402283
14,easiest,0.0078,sweep,scaling,0.8,0.2231435513142097,,0.7,75,174,0.07206499576568604,0.11984831094741821,0.31853121519088745,0.502183198928833,0.18798281252384186,,,,
14,easiest,0.0078,sweep,scaling,0.9,0.10536051565782628,,0.7,75,174,0.07506716251373291,0.09873712062835693,0.21222329139709473,0.30378443002700806,0.1976827085018158,,,,
14,easiest,0.0078,sweep,scaling,1.0,0.0,,0.7,75,174,5.960464477539062e-07,7.152557373046875e-07,4.355930514066131e-07,4.689442789640452e-08,4.355930514066131e-07,,,,
14,easiest,0.0078,sweep,scaling,1.1,0.09531017980432493,,0.7,75,174,0.03946197032928467,0.11935782432556152,0.21420174837112427,0.32165902853012085,0.16448764503002167,,,,
14,easiest,0.0078,sweep,scaling,1.25,0.22314355131420976,,0.7,75,174,0.06432592868804932,0.15685003995895386,0.4268077611923218,0.5329169034957886,0.2882062792778015,,,,
14,easiest,0.0078,sweep,scaling,1.5,0.4054651081081644,,0.7,75,174,0.11658251285552979,0.28174567222595215,0.5317484140396118,0.7443833351135254,0.3321356773376465,,,,
14,easiest,0.0078,ensemble,scaling,,0.1,0.1,0.7,75,174,,,,,,0.03874244913458824,0.06282341480255127,0.15762686729431152,0.19062404334545135
14,easiest,0.0078,ensemble,scaling,,0.2,0.2,0.7,75,174,,,,,,0.04611596837639809,0.08464114367961884,0.23018725216388702,0.32614749670028687
14,easiest,0.0078,ensemble,scaling,,0.3,0.3,0.7,75,174,,,,,,0.05954228341579437,0.12392447888851166,0.30956852436065674,0.441397488117218
14,easiest,0.0078,sweep,flip,0.0,0.0,,0.7,75,174,3.5762786865234375e-07,4.76837158203125e-07,4.4561522827279987e-07,2.807688659345331e-08,4.4561522827279987e-07,,,,
14,easiest,0.0078,sweep,flip,1.0,1.0,,0.7,75,174,0.027575671672821045,0.13823801279067993,0.5421491265296936,1.0843703746795654,0.14290516078472137,,,,
14,easiest,0.0078,sweep,shear,0.0,0.0,,0.7,75,174,7.152557373046875e-07,5.960464477539062e-07,4.654994256725331e-07,3.0230001613062996e-08,4.654994256725331e-07,,,,
14,easiest,0.0078,sweep,shear,0.05,0.05,,0.7,75,174,0.02568948268890381,0.05951392650604248,0.12751610577106476,0.082357257604599,0.13565707206726074,,,,
14,easiest,0.0078,sweep,shear,0.1,0.1,,0.7,75,174,0.02397632598876953,0.05189311504364014,0.09181288629770279,0.14386218786239624,0.09222691506147385,,,,
14,easiest,0.0078,sweep,shear,0.2,0.2,,0.7,75,174,0.03262460231781006,0.17167222499847412,0.1553560495376587,0.21437934041023254,0.1393682062625885,,,,
14,easiest,0.0078,sweep,shear,0.3,0.3,,0.7,75,174,0.0657767653465271,0.1867777705192566,0.19131052494049072,0.29376789927482605,0.16551363468170166,,,,
14,easiest,0.0078,ensemble,shear,,0.1,0.1,0.7,75,174,,,,,,0.01856335997581482,0.05669756233692169,0.0905686467885971,0.0831034928560257
14,easiest,0.0078,ensemble,shear,,0.2,0.2,0.7,75,174,,,,,,0.0274581927806139,0.1054517924785614,0.13338762521743774,0.1562405675649643
14,easiest,0.0078,ensemble,shear,,0.3,0.3,0.7,75,174,,,,,,0.033645905554294586,0.13551065325737,0.16553375124931335,0.21709711849689484
37,easiest,0.0075,sweep,rotation,0.0,0.0,,0.3,174,75,1.5497207641601562e-06,1.9073486328125e-06,2.1939554244454484e-06,2.8957936137885554e-07,2.1939554244454484e-06,,,,
37,easiest,0.0075,sweep,rotation,5.0,5.0,,0.3,174,75,0.05106830596923828,0.08912146091461182,0.20980986952781677,0.20707061886787415,0.2648525834083557,,,,
37,easiest,0.0075,sweep,rotation,10.0,10.0,,0.3,174,75,0.10392725467681885,0.1875813603401184,0.45229318737983704,0.5557706356048584,0.4638645648956299,,,,
37,easiest,0.0075,sweep,rotation,20.0,20.0,,0.3,174,75,0.04539912939071655,0.11717832088470459,0.2415752112865448,0.27591127157211304,0.4334537386894226,,,,
37,easiest,0.0075,sweep,rotation,30.0,30.0,,0.3,174,75,0.05632448196411133,0.14403867721557617,0.29676932096481323,0.30176565051078796,0.4777909517288208,,,,
37,easiest,0.0075,sweep,rotation,45.0,45.0,,0.3,174,75,0.08313250541687012,0.24419152736663818,0.403846800327301,0.4588119387626648,0.5757633447647095,,,,
37,easiest,0.0075,ensemble,rotation,,10.0,10.0,0.3,174,75,,,,,,0.0810568705201149,0.21912354230880737,0.3251430094242096,0.3513064682483673
37,easiest,0.0075,ensemble,rotation,,20.0,20.0,0.3,174,75,,,,,,0.08373329043388367,0.17086991667747498,0.3610781729221344,0.4323437809944153
37,easiest,0.0075,ensemble,rotation,,30.0,30.0,0.3,174,75,,,,,,0.07542967796325684,0.17884160578250885,0.3651760220527649,0.44911205768585205
37,easiest,0.0075,sweep,translation,0.0,0.0,,0.3,174,75,1.5497207641601562e-06,1.9073486328125e-06,2.1939554244454484e-06,2.8957936137885554e-07,2.1939554244454484e-06,,,,
37,easiest,0.0075,sweep,translation,1.0,1.0,,0.3,174,75,0.041165292263031006,0.07223421335220337,0.15314266085624695,0.13395191729068756,0.18729464709758759,,,,
37,easiest,0.0075,sweep,translation,2.0,2.0,,0.3,174,75,0.04239994287490845,0.0868692398071289,0.13643132150173187,0.11662814766168594,0.2160787433385849,,,,
37,easiest,0.0075,sweep,translation,4.0,4.0,,0.3,174,75,0.05152791738510132,0.16574281454086304,0.2523570656776428,0.275350421667099,0.35250651836395264,,,,
37,easiest,0.0075,sweep,translation,6.0,6.0,,0.3,174,75,0.04442399740219116,0.10721194744110107,0.31572821736335754,0.3118915557861328,0.4080798327922821,,,,
37,easiest,0.0075,sweep,translation,8.0,8.0,,0.3,174,75,0.05636453628540039,0.11207705736160278,0.2550644874572754,0.27457624673843384,0.3762446641921997,,,,
37,easiest,0.0075,ensemble,translation,,2.0,2.0,0.3,174,75,,,,,,0.05686221644282341,0.1984320729970932,0.3396758437156677,0.35495442152023315
37,easiest,0.0075,ensemble,translation,,4.0,4.0,0.3,174,75,,,,,,0.08311745524406433,0.2387123852968216,0.4318772554397583,0.4859377443790436
37,easiest,0.0075,ensemble,translation,,6.0,6.0,0.3,174,75,,,,,,0.10255109518766403,0.25046223402023315,0.4834119379520416,0.5724557042121887
37,easiest,0.0075,sweep,scaling,0.8,0.2231435513142097,,0.3,174,75,0.025634586811065674,0.036460936069488525,0.12375843524932861,0.07664713263511658,0.34269723296165466,,,,
37,easiest,0.0075,sweep,scaling,0.9,0.10536051565782628,,0.3,174,75,0.04251396656036377,0.18165802955627441,0.2697009742259979,0.3057250380516052,0.3394085764884949,,,,
37,easiest,0.0075,sweep,scaling,1.0,0.0,,0.3,174,75,1.5497207641601562e-06,1.9073486328125e-06,2.1939554244454484e-06,2.8957936137885554e-07,2.1939554244454484e-06,,,,
37,easiest,0.0075,sweep,scaling,1.1,0.09531017980432493,,0.3,174,75,0.12853240966796875,0.2527594566345215,0.43575069308280945,0.5408706665039062,0.442161500453949,,,,
37,easiest,0.0075,sweep,scaling,1.25,0.22314355131420976,,0.3,174,75,0.04625517129898071,0.1927153468132019,0.3169078826904297,0.3460787534713745,0.4106847643852234,,,,
37,easiest,0.0075,sweep,scaling,1.5,0.4054651081081644,,0.3,174,75,0.06689929962158203,0.19441020488739014,0.35390618443489075,0.4173797070980072,0.48835158348083496,,,,
37,easiest,0.0075,ensemble,scaling,,0.1,0.1,0.3,174,75,,,,,,0.0800112783908844,0.23293311893939972,0.35182076692581177,0.3823429346084595
37,easiest,0.0075,ensemble,scaling,,0.2,0.2,0.3,174,75,,,,,,0.071509949862957,0.2203330248594284,0.3553609549999237,0.3822958171367645
37,easiest,0.0075,ensemble,scaling,,0.3,0.3,0.3,174,75,,,,,,0.09406433999538422,0.23732449114322662,0.3570374548435211,0.4067947268486023
37,easiest,0.0075,sweep,flip,0.0,0.0,,0.3,174,75,1.1920928955078125e-06,2.205371856689453e-06,2.368973582633771e-06,2.386384494457161e-07,2.368973582633771e-06,,,,
37,easiest,0.0075,sweep,flip,1.0,1.0,,0.3,174,75,0.048174381256103516,0.09087204933166504,0.27940669655799866,0.2336244136095047,0.37236136198043823,,,,
37,easiest,0.0075,sweep,shear,0.0,0.0,,0.3,174,75,2.562999725341797e-06,2.2649765014648438e-06,3.5568973544286564e-06,4.3924171677645063e-07,3.5568973544286564e-06,,,,
37,easiest,0.0075,sweep,shear,0.05,0.05,,0.3,174,75,0.09292232990264893,0.11098170280456543,0.3267568349838257,0.3273869752883911,0.33296844363212585,,,,
37,easiest,0.0075,sweep,shear,0.1,0.1,,0.3,174,75,0.060573697090148926,0.08502197265625,0.2858077883720398,0.25360244512557983,0.3020351231098175,,,,
37,easiest,0.0075,sweep,shear,0.2,0.2,,0.3,174,75,0.037421584129333496,0.06341660022735596,0.19029971957206726,0.1276353895664215,0.23281192779541016,,,,
37,easiest,0.0075,sweep,shear,0.3,0.3,,0.3,174,75,0.036158084869384766,0.05040621757507324,0.14501816034317017,0.11985725909471512,0.239480122923851,,,,
37,easiest,0.0075,ensemble,shear,,0.1,0.1,0.3,174,75,,,,,,0.046591464430093765,0.08365796506404877,0.20269781351089478,0.1881701648235321
37,easiest,0.0075,ensemble,shear,,0.2,0.2,0.3,174,75,,,,,,0.04615689814090729,0.09404823184013367,0.22992479801177979,0.2165960967540741
37,easiest,0.0075,ensemble,shear,,0.3,0.3,0.3,174,75,,,,,,0.04275672882795334,0.09761717170476913,0.22444872558116913,0.20521889626979828
37,easiest,0.0075,sweep,rotation,0.0,0.0,,0.5,124,125,1.537799835205078e-05,4.118680953979492e-05,3.0104434699751437e-05,5.1447773330437485e-06,3.0104434699751437e-05,,,,
37,easiest,0.0075,sweep,rotation,5.0,5.0,,0.5,124,125,0.05476522445678711,0.128373384475708,0.25395041704177856,0.31106340885162354,0.2650490701198578,,,,
37,easiest,0.0075,sweep,rotation,10.0,10.0,,0.5,124,125,0.062331199645996094,0.16607880592346191,0.3163068890571594,0.4231294095516205,0.3036905825138092,,,,
37,easiest,0.0075,sweep,rotation,20.0,20.0,,0.5,124,125,0.09820795059204102,0.2038581371307373,0.4793041944503784,0.6358981132507324,0.4108555316925049,,,,
37,easiest,0.0075,sweep,rotation,30.0,30.0,,0.5,124,125,0.2368868589401245,0.2466563582420349,0.5610540509223938,0.5130187273025513,0.572907030582428,,,,
37,easiest,0.0075,sweep,rotation,45.0,45.0,,0.5,124,125,0.17601734399795532,0.26142585277557373,0.5943564176559448,0.6057252883911133,0.5991737842559814,,,,
37,easiest,0.0075,ensemble,rotation,,10.0,10.0,0.5,124,125,,,,,,0.027401389554142952,0.12941652536392212,0.24382609128952026,0.28302469849586487
37,easiest,0.0075,ensemble,rotation,,20.0,20.0,0.5,124,125,,,,,,0.053723983466625214,0.14858874678611755,0.3215672969818115,0.39474767446517944
37,easiest,0.0075,ensemble,rotation,,30.0,30.0,0.5,124,125,,,,,,0.06627856194972992,0.15531951189041138,0.3769862949848175,0.45039981603622437
37,easiest,0.0075,sweep,translation,0.0,0.0,,0.5,124,125,1.537799835205078e-05,4.118680953979492e-05,3.0104434699751437e-05,5.1447773330437485e-06,3.0104434699751437e-05,,,,
37,easiest,0.0075,sweep,translation,1.0,1.0,,0.5,124,125,0.05293697118759155,0.10741901397705078,0.25051894783973694,0.3053818643093109,0.2588590383529663,,,,
37,easiest,0.0075,sweep,translation,2.0,2.0,,0.5,124,125,0.04271078109741211,0.13157910108566284,0.2725770175457001,0.36031535267829895,0.301019549369812,,,,
37,easiest,0.0075,sweep,translation,4.0,4.0,,0.5,124,125,0.07198965549468994,0.1465926170349121,0.3115224838256836,0.38320332765579224,0.3460623025894165,,,,
37,easiest,0.0075,sweep,translation,6.0,6.0,,0.5,124,125,0.07863032817840576,0.18739843368530273,0.40260767936706543,0.5004451274871826,0.39609095454216003,,,,
37,easiest,0.0075,sweep,translation,8.0,8.0,,0.5,124,125,0.07357209920883179,0.16662776470184326,0.33665287494659424,0.4575929045677185,0.3930262327194214,,,,
37,easiest,0.0075,ensemble,translation,,2.0,2.0,0.5,124,125,,,,,,0.03349965438246727,0.12656307220458984,0.3400338292121887,0.4631775915622711
37,easiest,0.0075,ensemble,translation,,4.0,4.0,0.5,124,125,,,,,,0.032563865184783936,0.1537562906742096,0.4343109428882599,0.6333608627319336
37,easiest,0.0075,ensemble,translation,,6.0,6.0,0.5,124,125,,,,,,0.04594091698527336,0.19504345953464508,0.49178043007850647,0.7216375470161438
37,easiest,0.0075,sweep,scaling,0.8,0.2231435513142097,,0.5,124,125,0.07097858190536499,0.13924956321716309,0.3977849781513214,0.566615104675293,0.31965115666389465,,,,
37,easiest,0.0075,sweep,scaling,0.9,0.10536051565782628,,0.5,124,125,0.044365882873535156,0.09068864583969116,0.27972227334976196,0.3193126618862152,0.31354549527168274,,,,
37,easiest,0.0075,sweep,scaling,1.0,0.0,,0.5,124,125,1.537799835205078e-05,4.118680953979492e-05,3.0104434699751437e-05,5.1447773330437485e-06,3.0104434699751437e-05,,,,
37,easiest,0.0075,sweep,scaling,1.1,0.09531017980432493,,0.5,124,125,0.04452836513519287,0.12058204412460327,0.2830549478530884,0.3606167137622833,0.33824488520622253,,,,
37,easiest,0.0075,sweep,scaling,1.25,0.22314355131420976,,0.5,124,125,0.05520892143249512,0.15020203590393066,0.3282507061958313,0.5223804712295532,0.3832296133041382,,,,
37,easiest,0.0075,sweep,scaling,1.5,0.4054651081081644,,0.5,124,125,0.12702405452728271,0.2851675748825073,0.7019649147987366,0.7543458938598633,0.7429447174072266,,,,
37,easiest,0.0075,ensemble,scaling,,0.1,0.1,0.5,124,125,,,,,,0.02871025539934635,0.1179618239402771,0.23847965896129608,0.2783164978027344
37,easiest,0.0075,ensemble,scaling,,0.2,0.2,0.5,124,125,,,,,,0.044530563056468964,0.13667592406272888,0.30844995379447937,0.4027930200099945
37,easiest,0.0075,ensemble,scaling,,0.3,0.3,0.5,124,125,,,,,,0.037445928901433945,0.14739659428596497,0.35791561007499695,0.4893539547920227
37,easiest,0.0075,sweep,flip,0.0,0.0,,0.5,124,125,2.855062484741211e-05,7.557868957519531e-05,7.181234104791656e-05,1.2969521776540205e-05,7.181234104791656e-05,,,,
37,easiest,0.0075,sweep,flip,1.0,1.0,,0.5,124,125,0.04726219177246094,0.17919248342514038,0.3327055275440216,0.48164165019989014,0.31666553020477295,,,,
37,easiest,0.0075,sweep,shear,0.0,0.0,,0.5,124,125,8.463859558105469e-06,1.6748905181884766e-05,2.5153709430014715e-05,4.2556048356345855e-06,2.5153709430014715e-05,,,,
37,easiest,0.0075,sweep,shear,0.05,0.05,,0.5,124,125,0.058897554874420166,0.1312016248703003,0.2916328012943268,0.2887340486049652,0.2912149429321289,,,,
37,easiest,0.0075,sweep,shear,0.1,0.1,,0.5,124,125,0.03270822763442993,0.0731622576713562,0.24680304527282715,0.22399136424064636,0.2502148151397705,,,,
37,easiest,0.0075,sweep,shear,0.2,0.2,,0.5,124,125,0.05272841453552246,0.0954049825668335,0.24297599494457245,0.24297453463077545,0.2613620162010193,,,,
37,easiest,0.0075,sweep,shear,0.3,0.3,,0.5,124,125,0.04755401611328125,0.11553025245666504,0.30315274000167847,0.3429582715034485,0.31815478205680847,,,,
37,easiest,0.0075,ensemble,shear,,0.1,0.1,0.5,124,125,,,,,,0.0346083864569664,0.08805518597364426,0.18149004876613617,0.16049757599830627
37,easiest,0.0075,ensemble,shear,,0.2,0.2,0.5,124,125,,,,,,0.02890406735241413,0.10901918262243271,0.19921903312206268,0.19401703774929047
37,easiest,0.0075,ensemble,shear,,0.3,0.3,0.5,124,125,,,,,,0.03640168905258179,0.1377018243074417,0.24844269454479218,0.2786558270454407
37,easiest,0.0075,sweep,rotation,0.0,0.0,,0.7,75,174,3.5762786865234375e-07,9.5367431640625e-07,1.2089085430488922e-06,5.399617464263429e-08,1.2089085430488922e-06,,,,
37,easiest,0.0075,sweep,rotation,5.0,5.0,,0.7,75,174,0.0279233455657959,0.10081392526626587,0.27850550413131714,0.4192984700202942,0.27490049600601196,,,,
37,easiest,0.0075,sweep,rotation,10.0,10.0,,0.7,75,174,0.044744253158569336,0.09796911478042603,0.32877278327941895,0.5556449890136719,0.28803789615631104,,,,
37,easiest,0.0075,sweep,rotation,20.0,20.0,,0.7,75,174,0.062328457832336426,0.16547775268554688,0.43539226055145264,0.7369886636734009,0.32892194390296936,,,,
37,easiest,0.0075,sweep,rotation,30.0,30.0,,0.7,75,174,0.07347160577774048,0.175819993019104,0.49376049637794495,0.7812354564666748,0.34342435002326965,,,,
37,easiest,0.0075,sweep,rotation,45.0,45.0,,0.7,75,174,0.10466408729553223,0.2505713701248169,0.5981866121292114,0.7844477295875549,0.4169312119483948,,,,
37,easiest,0.0075,ensemble,rotation,,10.0,10.0,0.7,75,174,,,,,,0.03889218717813492,0.11424150317907333,0.2438468039035797,0.37230151891708374
37,easiest,0.0075,ensemble,rotation,,20.0,20.0,0.7,75,174,,,,,,0.039438046514987946,0.14417001605033875,0.33994805812835693,0.516474187374115
37,easiest,0.0075,ensemble,rotation,,30.0,30.0,0.7,75,174,,,,,,0.038510698825120926,0.1611059159040451,0.4052008092403412,0.6024558544158936
37,easiest,0.0075,sweep,translation,0.0,0.0,,0.7,75,174,3.5762786865234375e-07,9.5367431640625e-07,1.2089085430488922e-06,5.399617464263429e-08,1.2089085430488922e-06,,,,
37,easiest,0.0075,sweep,translation,1.0,1.0,,0.7,75,174,0.016383647918701172,0.08526408672332764,0.19391611218452454,0.49991506338119507,0.18585331737995148,,,,
37,easiest,0.0075,sweep,translation,2.0,2.0,,0.7,75,174,0.04788392782211304,0.0935484766960144,0.23939019441604614,0.4845487177371979,0.2246173620223999,,,,
37,easiest,0.0075,sweep,translation,4.0,4.0,,0.7,75,174,0.017298638820648193,0.09425508975982666,0.305423766374588,0.5989737510681152,0.2565786838531494,,,,
37,easiest,0.0075,sweep,translation,6.0,6.0,,0.7,75,174,0.031213819980621338,0.11844271421432495,0.37116968631744385,0.6595102548599243,0.2984400987625122,,,,
37,easiest,0.0075,sweep,translation,8.0,8.0,,0.7,75,174,0.0648455023765564,0.1636199951171875,0.3869650363922119,0.6733444333076477,0.2720600366592407,,,,
37,easiest,0.0075,ensemble,translation,,2.0,2.0,0.7,75,174,,,,,,0.037408165633678436,0.14217042922973633,0.3217291235923767,0.5224485993385315
37,easiest,0.0075,ensemble,translation,,4.0,4.0,0.7,75,174,,,,,,0.034863874316215515,0.1392248570919037,0.4213387668132782,0.6624881029129028
37,easiest,0.0075,ensemble,translation,,6.0,6.0,0.7,75,174,,,,,,0.04695272073149681,0.20956295728683472,0.5097384452819824,0.8012350797653198
37,easiest,0.0075,sweep,scaling,0.8,0.2231435513142097,,0.7,75,174,0.023753106594085693,0.11966460943222046,0.3848899304866791,0.6855945587158203,0.272131085395813,,,,
37,easiest,0.0075,sweep,scaling,0.9,0.10536051565782628,,0.7,75,174,0.030751168727874756,0.14009320735931396,0.33654165267944336,0.4812801778316498,0.3118498623371124,,,,
37,easiest,0.0075,sweep,scaling,1.0,0.0,,0.7,75,174,3.5762786865234375e-07,9.5367431640625e-07,1.2089085430488922e-06,5.399617464263429e-08,1.2089085430488922e-06,,,,
37,easiest,0.0075,sweep,scaling,1.1,0.09531017980432493,,0.7,75,174,0.029095947742462158,0.21177637577056885,0.3580326735973358,0.4764491319656372,0.3139866292476654,,,,
37,easiest,0.0075,sweep,scaling,1.25,0.22314355131420976,,0.7,75,174,0.03299415111541748,0.17344892024993896,0.4525265693664551,0.7587385177612305,0.34275054931640625,,,,
37,easiest,0.0075,sweep,scaling,1.5,0.4054651081081644,,0.7,75,174,0.14372682571411133,0.29581308364868164,0.7354382276535034,0.9285153150558472,0.6559470295906067,,,,
37,easiest,0.0075,ensemble,scaling,,0.1,0.1,0.7,75,174,,,,,,0.027497271075844765,0.11262502521276474,0.24400028586387634,0.2897883951663971
37,easiest,0.0075,ensemble,scaling,,0.2,0.2,0.7,75,174,,,,,,0.03188951686024666,0.14820286631584167,0.33523809909820557,0.4579835832118988
37,easiest,0.0075,ensemble,scaling,,0.3,0.3,0.7,75,174,,,,,,0.04070273041725159,0.15972203016281128,0.38580432534217834,0.5567236542701721
37,easiest,0.0075,sweep,flip,0.0,0.0,,0.7,75,174,3.5762786865234375e-07,1.1920928955078125e-06,1.2746621678161318e-06,7.675220814462591e-08,1.2746621678161318e-06,,,,
37,easiest,0.0075,sweep,flip,1.0,1.0,,0.7,75,174,0.02365213632583618,0.15697872638702393,0.39210742712020874,0.6322557330131531,0.2565933167934418,,,,
37,easiest,0.0075,sweep,shear,0.0,0.0,,0.7,75,174,3.5762786865234375e-07,8.344650268554688e-07,1.1852459920191905e-06,6.577006672614516e-08,1.1852459920191905e-06,,,,
37,easiest,0.0075,sweep,shear,0.05,0.05,,0.7,75,174,0.015704691410064697,0.05468583106994629,0.17318129539489746,0.10563816875219345,0.18116751313209534,,,,
37,easiest,0.0075,sweep,shear,0.1,0.1,,0.7,75,174,0.013425886631011963,0.0659530758857727,0.17333674430847168,0.2393755465745926,0.1709851324558258,,,,
37,easiest,0.0075,sweep,shear,0.2,0.2,,0.7,75,174,0.01707279682159424,0.07753193378448486,0.22583401203155518,0.3477751910686493,0.2196732610464096,,,,
37,easiest,0.0075,sweep,shear,0.3,0.3,,0.7,75,174,0.016216576099395752,0.10774463415145874,0.2700439691543579,0.41450268030166626,0.25007712841033936,,,,
37,easiest,0.0075,ensemble,shear,,0.1,0.1,0.7,75,174,,,,,,0.020145565271377563,0.0478333942592144,0.1218947023153305,0.1170099601149559
37,easiest,0.0075,ensemble,shear,,0.2,0.2,0.7,75,174,,,,,,0.026173120364546776,0.07606470584869385,0.17542260885238647,0.2301683872938156
37,easiest,0.0075,ensemble,shear,,0.3,0.3,0.7,75,174,,,,,,0.034054167568683624,0.09960154443979263,0.1996190994977951,0.2996768653392792
85,easiest,0.007,sweep,rotation,0.0,0.0,,0.3,174,75,1.7881393432617188e-06,5.602836608886719e-06,4.273822924005799e-06,1.1111055755463894e-06,4.273822924005799e-06,,,,
85,easiest,0.007,sweep,rotation,5.0,5.0,,0.3,174,75,0.013941645622253418,0.019930720329284668,0.06028321757912636,0.018417542800307274,0.17191541194915771,,,,
85,easiest,0.007,sweep,rotation,10.0,10.0,,0.3,174,75,0.09268951416015625,0.0598912239074707,0.2309650480747223,0.18160101771354675,0.32325777411460876,,,,
85,easiest,0.007,sweep,rotation,20.0,20.0,,0.3,174,75,0.10943543910980225,0.17566287517547607,0.3828519284725189,0.3522975444793701,0.45174452662467957,,,,
85,easiest,0.007,sweep,rotation,30.0,30.0,,0.3,174,75,0.11366432905197144,0.2340754270553589,0.300453245639801,0.26487529277801514,0.5652028322219849,,,,
85,easiest,0.007,sweep,rotation,45.0,45.0,,0.3,174,75,0.11276745796203613,0.20787793397903442,0.43004244565963745,0.4650832712650299,0.6177995204925537,,,,
85,easiest,0.007,ensemble,rotation,,10.0,10.0,0.3,174,75,,,,,,0.043143488466739655,0.04960767552256584,0.133377343416214,0.10892871767282486
85,easiest,0.007,ensemble,rotation,,20.0,20.0,0.3,174,75,,,,,,0.07071787118911743,0.08068136870861053,0.214922234416008,0.22642254829406738
85,easiest,0.007,ensemble,rotation,,30.0,30.0,0.3,174,75,,,,,,0.08532577008008957,0.0978955328464508,0.2703860104084015,0.29381194710731506
85,easiest,0.007,sweep,translation,0.0,0.0,,0.3,174,75,1.7881393432617188e-06,5.602836608886719e-06,4.273822924005799e-06,1.1111055755463894e-06,4.273822924005799e-06,,,,
85,easiest,0.007,sweep,translation,1.0,1.0,,0.3,174,75,0.034761786460876465,0.054430246353149414,0.04738345369696617,0.04519425332546234,0.12548232078552246,,,,
85,easiest,0.007,sweep,translation,2.0,2.0,,0.3,174,75,0.0731194019317627,0.11651194095611572,0.11500032246112823,0.15948493778705597,0.23942983150482178,,,,
85,easiest,0.007,sweep,translation,4.0,4.0,,0.3,174,75,0.12373232841491699,0.2020559310913086,0.6671954393386841,0.7109633684158325,0.6727702617645264,,,,
85,easiest,0.007,sweep,translation,6.0,6.0,,0.3,174,75,0.15279579162597656,0.18334084749221802,0.6290753483772278,0.6831373572349548,0.5772714018821716,,,,
85,easiest,0.007,sweep,translation,8.0,8.0,,0.3,174,75,0.1348801851272583,0.26850008964538574,0.7481223344802856,0.7736223936080933,0.7109197378158569,,,,
85,easiest,0.007,ensemble,translation,,2.0,2.0,0.3,174,75,,,,,,0.06822306662797928,0.09199194610118866,0.195092111825943,0.14647197723388672
85,easiest,0.007,ensemble,translation,,4.0,4.0,0.3,174,75,,,,,,0.10902456194162369,0.13842207193374634,0.37916043400764465,0.36278074979782104
85,easiest,0.007,ensemble,translation,,6.0,6.0,0.3,174,75,,,,,,0.13082502782344818,0.1612800806760788,0.49390214681625366,0.49662497639656067
85,easiest,0.007,sweep,scaling,0.8,0.2231435513142097,,0.3,174,75,0.09476101398468018,0.06626105308532715,0.11641433835029602,0.08339504152536392,0.3089948296546936,,,,
85,easiest,0.007,sweep,scaling,0.9,0.10536051565782628,,0.3,174,75,0.08644235134124756,0.05955088138580322,0.09555254131555557,0.060502342879772186,0.20513832569122314,,,,
85,easiest,0.007,sweep,scaling,1.0,0.0,,0.3,174,75,1.7881393432617188e-06,5.602836608886719e-06,4.273822924005799e-06,1.1111055755463894e-06,4.273822924005799e-06,,,,
85,easiest,0.007,sweep,scaling,1.1,0.09531017980432493,,0.3,174,75,0.03611946105957031,0.060357511043548584,0.08529803156852722,0.06067914515733719,0.1873249113559723,,,,
85,easiest,0.007,sweep,scaling,1.25,0.22314355131420976,,0.3,174,75,0.06501626968383789,0.1385999321937561,0.35930106043815613,0.38534867763519287,0.3516358733177185,,,,
85,easiest,0.007,sweep,scaling,1.5,0.4054651081081644,,0.3,174,75,0.094196617603302,0.11465740203857422,0.25948119163513184,0.28383347392082214,0.47736820578575134,,,,
85,easiest,0.007,ensemble,scaling,,0.1,0.1,0.3,174,75,,,,,,0.0552852563560009,0.055294305086135864,0.09827377647161484,0.060037948191165924
85,easiest,0.007,ensemble,scaling,,0.2,0.2,0.3,174,75,,,,,,0.06366471946239471,0.08383212983608246,0.16973935067653656,0.15621554851531982
85,easiest,0.007,ensemble,scaling,,0.3,0.3,0.3,174,75,,,,,,0.09863830357789993,0.11308185011148453,0.2966154217720032,0.3123686909675598
85,easiest,0.007,sweep,flip,0.0,0.0,,0.3,174,75,9.5367431640625e-07,2.0265579223632812e-06,2.2401732167054433e-06,4.6467965830743196e-07,2.2401732167054433e-06,,,,
85,easiest,0.007,sweep,flip,1.0,1.0,,0.3,174,75,0.06673872470855713,0.0880780816078186,0.19320648908615112,0.14393305778503418,0.7020114064216614,,,,
85,easiest,0.007,sweep,shear,0.0,0.0,,0.3,174,75,5.960464477539062e-07,7.152557373046875e-07,1.1162589999003103e-06,1.6799862123662024e-07,1.1162589999003103e-06,,,,
85,easiest,0.007,sweep,shear,0.05,0.05,,0.3,174,75,0.034423649311065674,0.0557439923286438,0.07346931844949722,0.04972207546234131,0.10298831760883331,,,,
85,easiest,0.007,sweep,shear,0.1,0.1,,0.3,174,75,0.03342944383621216,0.06994867324829102,0.06807547807693481,0.061810653656721115,0.1216576099395752,,,,
85,easiest,0.007,sweep,shear,0.2,0.2,,0.3,174,75,0.03446537256240845,0.06648087501525879,0.0908922627568245,0.06688232719898224,0.1947202980518341,,,,
85,easiest,0.007,sweep,shear,0.3,0.3,,0.3,174,75,0.04185265302658081,0.0915226936340332,0.1026102602481842,0.07838186621665955,0.2518802583217621,,,,
85,easiest,0.007,ensemble,shear,,0.1,0.1,0.3,174,75,,,,,,0.019872020930051804,0.04498191550374031,0.04946290701627731,0.03423164039850235
85,easiest,0.007,ensemble,shear,,0.2,0.2,0.3,174,75,,,,,,0.032486867159605026,0.05556456372141838,0.07220432907342911,0.04868478327989578
85,easiest,0.007,ensemble,shear,,0.3,0.3,0.3,174,75,,,,,,0.042564716190099716,0.06785867363214493,0.0949842780828476,0.07318873703479767
85,easiest,0.007,sweep,rotation,0.0,0.0,,0.5,124,125,5.662441253662109e-06,4.76837158203125e-07,1.5180779655565857e-06,1.9076878743362613e-07,1.5180779655565857e-06,,,,
85,easiest,0.007,sweep,rotation,5.0,5.0,,0.5,124,125,0.07313036918640137,0.10684418678283691,0.4674592614173889,0.4008544683456421,0.5127074718475342,,,,
85,easiest,0.007,sweep,rotation,10.0,10.0,,0.5,124,125,0.08564156293869019,0.06922399997711182,0.5300277471542358,0.4494495093822479,0.6005046367645264,,,,
85,easiest,0.007,sweep,rotation,20.0,20.0,,0.5,124,125,0.20515871047973633,0.40940725803375244,0.6259198188781738,0.5195051431655884,0.6192957758903503,,,,
85,easiest,0.007,sweep,rotation,30.0,30.0,,0.5,124,125,0.1272488832473755,0.14019674062728882,0.6247289776802063,0.571623682975769,0.7102103233337402,,,,
85,easiest,0.007,sweep,rotation,45.0,45.0,,0.5,124,125,0.14010882377624512,0.28784430027008057,0.7859746217727661,0.6470551490783691,0.7822444438934326,,,,
85,easiest,0.007,ensemble,rotation,,10.0,10.0,0.5,124,125,,,,,,0.0516355000436306,0.057380322366952896,0.29711616039276123,0.3205793499946594
85,easiest,0.007,ensemble,rotation,,20.0,20.0,0.5,124,125,,,,,,0.0879862830042839,0.13240393996238708,0.43075284361839294,0.4357661008834839
85,easiest,0.007,ensemble,rotation,,30.0,30.0,0.5,124,125,,,,,,0.09705821424722672,0.10668934136629105,0.4671468138694763,0.5026159286499023
85,easiest,0.007,sweep,translation,0.0,0.0,,0.5,124,125,5.662441253662109e-06,4.76837158203125e-07,1.5180779655565857e-06,1.9076878743362613e-07,1.5180779655565857e-06,,,,
85,easiest,0.007,sweep,translation,1.0,1.0,,0.5,124,125,0.07917332649230957,0.11377573013305664,0.2709314525127411,0.3401340842247009,0.23420853912830353,,,,
85,easiest,0.007,sweep,translation,2.0,2.0,,0.5,124,125,0.1274397373199463,0.11886042356491089,0.4208393692970276,0.38340818881988525,0.356732577085495,,,,
85,easiest,0.007,sweep,translation,4.0,4.0,,0.5,124,125,0.08171087503433228,0.07108312845230103,0.48827946186065674,0.5479522943496704,0.36172711849212646,,,,
85,easiest,0.007,sweep,translation,6.0,6.0,,0.5,124,125,0.09444206953048706,0.13433241844177246,0.5779017210006714,0.5552951693534851,0.49960649013519287,,,,
85,easiest,0.007,sweep,translation,8.0,8.0,,0.5,124,125,0.18393296003341675,0.27557694911956787,0.6506648063659668,0.5607277750968933,0.6103334426879883,,,,
85,easiest,0.007,ensemble,translation,,2.0,2.0,0.5,124,125,,,,,,0.05585210397839546,0.08631878346204758,0.369210809469223,0.37549489736557007
85,easiest,0.007,ensemble,translation,,4.0,4.0,0.5,124,125,,,,,,0.0867864117026329,0.12622033059597015,0.48901981115341187,0.49504145979881287
85,easiest,0.007,ensemble,translation,,6.0,6.0,0.5,124,125,,,,,,0.11344045400619507,0.11343439668416977,0.5788605213165283,0.5836696624755859
85,easiest,0.007,sweep,scaling,0.8,0.2231435513142097,,0.5,124,125,0.06314945220947266,0.06880104541778564,0.40099406242370605,0.37774884700775146,0.41531598567962646,,,,
85,easiest,0.007,sweep,scaling,0.9,0.10536051565782628,,0.5,124,125,0.07903331518173218,0.08510112762451172,0.373942106962204,0.30163657665252686,0.4402434527873993,,,,
85,easiest,0.007,sweep,scaling,1.0,0.0,,0.5,124,125,5.662441253662109e-06,4.76837158203125e-07,1.5180779655565857e-06,1.9076878743362613e-07,1.5180779655565857e-06,,,,
85,easiest,0.007,sweep,scaling,1.1,0.09531017980432493,,0.5,124,125,0.13197124004364014,0.09940695762634277,0.4675077497959137,0.45907726883888245,0.4837146997451782,,,,
85,easiest,0.007,sweep,scaling,1.25,0.22314355131420976,,0.5,124,125,0.11725878715515137,0.16844618320465088,0.5928307771682739,0.6303707361221313,0.5887838006019592,,,,
85,easiest,0.007,sweep,scaling,1.5,0.4054651081081644,,0.5,124,125,0.13504058122634888,0.18049383163452148,0.6185725331306458,0.6387876272201538,0.640573263168335,,,,
85,easiest,0.007,ensemble,scaling,,0.1,0.1,0.5,124,125,,,,,,0.05028856173157692,0.08033555746078491,0.23782765865325928,0.2531494200229645
85,easiest,0.007,ensemble,scaling,,0.2,0.2,0.5,124,125,,,,,,0.07965870201587677,0.09695369750261307,0.4205343425273895,0.4115796387195587
85,easiest,0.007,ensemble,scaling,,0.3,0.3,0.5,124,125,,,,,,0.09094350785017014,0.12499555945396423,0.4692319333553314,0.4420291781425476
85,easiest,0.007,sweep,flip,0.0,0.0,,0.5,124,125,1.1324882507324219e-06,5.960464477539062e-07,1.116645421461726e-06,1.0283577012160094e-07,1.116645421461726e-06,,,,
85,easiest,0.007,sweep,flip,1.0,1.0,,0.5,124,125,0.07538354396820068,0.0780332088470459,0.5791211128234863,0.640108585357666,0.40827491879463196,,,,
85,easiest,0.007,sweep,shear,0.0,0.0,,0.5,124,125,3.2186508178710938e-06,4.76837158203125e-07,1.4939989796403097e-06,1.9458130395832995e-07,1.4939989796403097e-06,,,,
85,easiest,0.007,sweep,shear,0.05,0.05,,0.5,124,125,0.06960415840148926,0.07159024477005005,0.3838804066181183,0.31099259853363037,0.39346522092819214,,,,
85,easiest,0.007,sweep,shear,0.1,0.1,,0.5,124,125,0.05479699373245239,0.09211146831512451,0.4039963483810425,0.3611726462841034,0.4024879038333893,,,,
85,easiest,0.007,sweep,shear,0.2,0.2,,0.5,124,125,0.07714849710464478,0.0683969259262085,0.469510555267334,0.3999025225639343,0.4306652843952179,,,,
85,easiest,0.007,sweep,shear,0.3,0.3,,0.5,124,125,0.10408282279968262,0.07877767086029053,0.48081639409065247,0.40583086013793945,0.4456174671649933,,,,
85,easiest,0.007,ensemble,shear,,0.1,0.1,0.5,124,125,,,,,,0.03238954767584801,0.037141215056180954,0.1829591542482376,0.18393558263778687
85,easiest,0.007,ensemble,shear,,0.2,0.2,0.5,124,125,,,,,,0.05255342647433281,0.05466895550489426,0.21292619407176971,0.2400694638490677
85,easiest,0.007,ensemble,shear,,0.3,0.3,0.5,124,125,,,,,,0.05042985826730728,0.05467671528458595,0.24883335828781128,0.2741459012031555
85,easiest,0.007,sweep,rotation,0.0,0.0,,0.7,75,174,4.76837158203125e-07,3.5762786865234375e-07,9.106857419283187e-07,2.580148539266247e-08,9.106857419283187e-07,,,,
85,easiest,0.007,sweep,rotation,5.0,5.0,,0.7,75,174,0.08278894424438477,0.06739389896392822,0.45071762800216675,0.3331296443939209,0.46229854226112366,,,,
85,easiest,0.007,sweep,rotation,10.0,10.0,,0.7,75,174,0.13362127542495728,0.1100875735282898,0.5124120712280273,0.4623989164829254,0.4704689681529999,,,,
85,easiest,0.007,sweep,rotation,20.0,20.0,,0.7,75,174,0.157434344291687,0.2530641555786133,0.6375412940979004,0.5364787578582764,0.5581783056259155,,,,
85,easiest,0.007,sweep,rotation,30.0,30.0,,0.7,75,174,0.16435593366622925,0.24967670440673828,0.6695072650909424,0.586715817451477,0.5686535239219666,,,,
85,easiest,0.007,sweep,rotation,45.0,45.0,,0.7,75,174,0.21051180362701416,0.32970964908599854,0.7533106207847595,0.6567480564117432,0.6110091209411621,,,,
85,easiest,0.007,ensemble,rotation,,10.0,10.0,0.7,75,174,,,,,,0.06631693243980408,0.07171709835529327,0.21959632635116577,0.26475951075553894
85,easiest,0.007,ensemble,rotation,,20.0,20.0,0.7,75,174,,,,,,0.07023166865110397,0.12003670632839203,0.3024255335330963,0.36765843629837036
85,easiest,0.007,ensemble,rotation,,30.0,30.0,0.7,75,174,,,,,,0.09231274574995041,0.1445896178483963,0.3961839973926544,0.43176618218421936
85,easiest,0.007,sweep,translation,0.0,0.0,,0.7,75,174,4.76837158203125e-07,3.5762786865234375e-07,9.106857419283187e-07,2.580148539266247e-08,9.106857419283187e-07,,,,
85,easiest,0.007,sweep,translation,1.0,1.0,,0.7,75,174,0.04444730281829834,0.052261948585510254,0.22302941977977753,0.4358046352863312,0.18372896313667297,,,,
85,easiest,0.007,sweep,translation,2.0,2.0,,0.7,75,174,0.05436205863952637,0.0591164231300354,0.2977868914604187,0.41232866048812866,0.22116510570049286,,,,
85,easiest,0.007,sweep,translation,4.0,4.0,,0.7,75,174,0.060871899127960205,0.06696248054504395,0.43080127239227295,0.5239728093147278,0.27502402663230896,,,,
85,easiest,0.007,sweep,translation,6.0,6.0,,0.7,75,174,0.07016724348068237,0.06260210275650024,0.5515569448471069,0.5705529451370239,0.3476443886756897,,,,
85,easiest,0.007,sweep,translation,8.0,8.0,,0.7,75,174,0.10712909698486328,0.11612105369567871,0.5862032175064087,0.5949441194534302,0.3362901210784912,,,,
85,easiest,0.007,ensemble,translation,,2.0,2.0,0.7,75,174,,,,,,0.08251023292541504,0.07403524219989777,0.3416825830936432,0.3934727609157562
85,easiest,0.007,ensemble,translation,,4.0,4.0,0.7,75,174,,,,,,0.0769677385687828,0.0947437584400177,0.43806856870651245,0.4668888449668884
85,easiest,0.007,ensemble,translation,,6.0,6.0,0.7,75,174,,,,,,0.11288346350193024,0.11997991800308228,0.5357174873352051,0.5442415475845337
85,easiest,0.007,sweep,scaling,0.8,0.2231435513142097,,0.7,75,174,0.11365824937820435,0.11061519384384155,0.5401110649108887,0.44827717542648315,0.5238308310508728,,,,
85,easiest,0.007,sweep,scaling,0.9,0.10536051565782628,,0.7,75,174,0.0829312801361084,0.08094394207000732,0.44860750436782837,0.39062076807022095,0.4527750611305237,,,,
85,easiest,0.007,sweep,scaling,1.0,0.0,,0.7,75,174,4.76837158203125e-07,3.5762786865234375e-07,9.106857419283187e-07,2.580148539266247e-08,9.106857419283187e-07,,,,
85,easiest,0.007,sweep,scaling,1.1,0.09531017980432493,,0.7,75,174,0.08953416347503662,0.09657245874404907,0.4736991822719574,0.42959535121917725,0.4642600417137146,,,,
85,easiest,0.007,sweep,scaling,1.25,0.22314355131420976,,0.7,75,174,0.1305561065673828,0.11337172985076904,0.5638456344604492,0.5250880718231201,0.5065094232559204,,,,
85,easiest,0.007,sweep,scaling,1.5,0.4054651081081644,,0.7,75,174,0.16333508491516113,0.17120468616485596,0.6825534105300903,0.618482232093811,0.5596065521240234,,,,
85,easiest,0.007,ensemble,scaling,,0.1,0.1,0.7,75,174,,,,,,0.06360277533531189,0.06126612797379494,0.16518418490886688,0.18838004767894745
85,easiest,0.007,ensemble,scaling,,0.2,0.2,0.7,75,174,,,,,,0.06307558715343475,0.07162977755069733,0.23111756145954132,0.2929029166698456
85,easiest,0.007,ensemble,scaling,,0.3,0.3,0.7,75,174,,,,,,0.07698767632246017,0.08570266515016556,0.3014001250267029,0.3486141562461853
85,easiest,0.007,sweep,flip,0.0,0.0,,0.7,75,174,4.76837158203125e-07,4.76837158203125e-07,1.0260642966386513e-06,2.6252878981836147e-08,1.0260642966386513e-06,,,,
85,easiest,0.007,sweep,flip,1.0,1.0,,0.7,75,174,0.07341510057449341,0.08983784914016724,0.5771604776382446,0.6638736724853516,0.297938734292984,,,,
85,easiest,0.007,sweep,shear,0.0,0.0,,0.7,75,174,1.430511474609375e-06,5.960464477539062e-07,2.002253950195154e-06,5.8236629740804347e-08,2.002253950195154e-06,,,,
85,easiest,0.007,sweep,shear,0.05,0.05,,0.7,75,174,0.03627955913543701,0.0354800820350647,0.20302200317382812,0.10907184332609177,0.22266490757465363,,,,
85,easiest,0.007,sweep,shear,0.1,0.1,,0.7,75,174,0.03541862964630127,0.04721200466156006,0.210398331284523,0.22209730744361877,0.22438327968120575,,,,
85,easiest,0.007,sweep,shear,0.2,0.2,,0.7,75,174,0.0602375864982605,0.08165764808654785,0.36116471886634827,0.35457274317741394,0.34856560826301575,,,,
85,easiest,0.007,sweep,shear,0.3,0.3,,0.7,75,174,0.07162493467330933,0.06217002868652344,0.30495622754096985,0.32647114992141724,0.31641721725463867,,,,
85,easiest,0.007,ensemble,shear,,0.1,0.1,0.7,75,174,,,,,,0.055726777762174606,0.03732294961810112,0.18410278856754303,0.13173411786556244
85,easiest,0.007,ensemble,shear,,0.2,0.2,0.7,75,174,,,,,,0.069223552942276,0.0650876984000206,0.24379412829875946,0.22742612659931183
85,easiest,0.007,ensemble,shear,,0.3,0.3,0.7,75,174,,,,,,0.07117781788110733,0.07719393819570541,0.2684503495693207,0.2639768123626709
25,easiest,0.0069,sweep,rotation,0.0,0.0,,0.3,174,75,1.430511474609375e-06,4.351139068603516e-06,3.616316689658561e-06,6.070994800211338e-07,3.616316689658561e-06,,,,
25,easiest,0.0069,sweep,rotation,5.0,5.0,,0.3,174,75,0.027228832244873047,0.0542757511138916,0.16542600095272064,0.14074936509132385,0.24610255658626556,,,,
25,easiest,0.0069,sweep,rotation,10.0,10.0,,0.3,174,75,0.05102109909057617,0.14617329835891724,0.4493754804134369,0.45071250200271606,0.4841667413711548,,,,
25,easiest,0.0069,sweep,rotation,20.0,20.0,,0.3,174,75,0.04664766788482666,0.10944771766662598,0.30240175127983093,0.3284010887145996,0.4298379123210907,,,,
25,easiest,0.0069,sweep,rotation,30.0,30.0,,0.3,174,75,0.07073640823364258,0.1393669843673706,0.3957577347755432,0.433709055185318,0.4578476846218109,,,,
25,easiest,0.0069,sweep,rotation,45.0,45.0,,0.3,174,75,0.08684408664703369,0.14769577980041504,0.414135217666626,0.4605787396430969,0.5445510745048523,,,,
25,easiest,0.0069,ensemble,rotation,,10.0,10.0,0.3,174,75,,,,,,0.05606652423739433,0.1428394317626953,0.2988547086715698,0.29230138659477234
25,easiest,0.0069,ensemble,rotation,,20.0,20.0,0.3,174,75,,,,,,0.052010443061590195,0.1392943561077118,0.3339235186576843,0.3350208103656769
25,easiest,0.0069,ensemble,rotation,,30.0,30.0,0.3,174,75,,,,,,0.08477720618247986,0.1900944858789444,0.4641282856464386,0.5107647776603699
25,easiest,0.0069,sweep,translation,0.0,0.0,,0.3,174,75,1.430511474609375e-06,4.351139068603516e-06,3.616316689658561e-06,6.070994800211338e-07,3.616316689658561e-06,,,,
25,easiest,0.0069,sweep,translation,1.0,1.0,,0.3,174,75,0.029932856559753418,0.06968653202056885,0.2511802613735199,0.27297985553741455,0.28406527638435364,,,,
25,easiest,0.0069,sweep,translation,2.0,2.0,,0.3,174,75,0.044222474098205566,0.12864184379577637,0.26626482605934143,0.2660742700099945,0.3310531973838806,,,,
25,easiest,0.0069,sweep,translation,4.0,4.0,,0.3,174,75,0.0669107437133789,0.10532820224761963,0.3063485622406006,0.3189459443092346,0.4266189932823181,,,,
25,easiest,0.0069,sweep,translation,6.0,6.0,,0.3,174,75,0.05757659673690796,0.13677728176116943,0.32591429352760315,0.3588981330394745,0.46753352880477905,,,,
25,easiest,0.0069,sweep,translation,8.0,8.0,,0.3,174,75,0.057276248931884766,0.1382552981376648,0.33180058002471924,0.3195185661315918,0.45726412534713745,,,,
25,easiest,0.0069,ensemble,translation,,2.0,2.0,0.3,174,75,,,,,,0.06298528611660004,0.10025087743997574,0.24300532042980194,0.23451180756092072
25,easiest,0.0069,ensemble,translation,,4.0,4.0,0.3,174,75,,,,,,0.09122591465711594,0.1828308254480362,0.4334743022918701,0.41172486543655396
25,easiest,0.0069,ensemble,translation,,6.0,6.0,0.3,174,75,,,,,,0.07199057191610336,0.16231423616409302,0.48315107822418213,0.5270956754684448
25,easiest,0.0069,sweep,scaling,0.8,0.2231435513142097,,0.3,174,75,0.11087095737457275,0.18026238679885864,0.3932146430015564,0.46228837966918945,0.4460461735725403,,,,
25,easiest,0.0069,sweep,scaling,0.9,0.10536051565782628,,0.3,174,75,0.061336517333984375,0.15365660190582275,0.3677186667919159,0.38235563039779663,0.40357938408851624,,,,
25,easiest,0.0069,sweep,scaling,1.0,0.0,,0.3,174,75,1.430511474609375e-06,4.351139068603516e-06,3.616316689658561e-06,6.070994800211338e-07,3.616316689658561e-06,,,,
25,easiest,0.0069,sweep,scaling,1.1,0.09531017980432493,,0.3,174,75,0.025883138179779053,0.07529592514038086,0.2025131732225418,0.20103499293327332,0.2575477361679077,,,,
25,easiest,0.0069,sweep,scaling,1.25,0.22314355131420976,,0.3,174,75,0.059969186782836914,0.20372378826141357,0.4178968667984009,0.3858896791934967,0.47685426473617554,,,,
25,easiest,0.0069,sweep,scaling,1.5,0.4054651081081644,,0.3,174,75,0.06136739253997803,0.15389156341552734,0.35782113671302795,0.3083522915840149,0.5745420455932617,,,,
25,easiest,0.0069,ensemble,scaling,,0.1,0.1,0.3,174,75,,,,,,0.05138685181736946,0.12814278900623322,0.270153284072876,0.27569061517715454
25,easiest,0.0069,ensemble,scaling,,0.2,0.2,0.3,174,75,,,,,,0.07509403675794601,0.16478107869625092,0.35575172305107117,0.39411261677742004
25,easiest,0.0069,ensemble,scaling,,0.3,0.3,0.3,174,75,,,,,,0.07210203260183334,0.18471990525722504,0.3649959862232208,0.41132840514183044
25,easiest,0.0069,sweep,flip,0.0,0.0,,0.3,174,75,2.562999725341797e-06,5.841255187988281e-06,5.277054697216954e-06,9.652644621382933e-07,5.277054697216954e-06,,,,
25,easiest,0.0069,sweep,flip,1.0,1.0,,0.3,174,75,0.052374958992004395,0.17601478099822998,0.2503708302974701,0.22322416305541992,0.40133991837501526,,,,
25,easiest,0.0069,sweep,shear,0.0,0.0,,0.3,174,75,1.0132789611816406e-06,1.2874603271484375e-05,6.358892733260291e-06,1.1244359257034375e-06,6.358892733260291e-06,,,,
25,easiest,0.0069,sweep,shear,0.05,0.05,,0.3,174,75,0.00953972339630127,0.014520764350891113,0.04535304382443428,0.015079045668244362,0.09313049167394638,,,,
25,easiest,0.0069,sweep,shear,0.1,0.1,,0.3,174,75,0.07209539413452148,0.2401828169822693,0.4433947801589966,0.4103512465953827,0.44832831621170044,,,,
25,easiest,0.0069,sweep,shear,0.2,0.2,,0.3,174,75,0.05397915840148926,0.23431390523910522,0.42388492822647095,0.3821977376937866,0.4575885534286499,,,,
25,easiest,0.0069,sweep,shear,0.3,0.3,,0.3,174,75,0.09269344806671143,0.1545005440711975,0.28864091634750366,0.2534033954143524,0.3498328924179077,,,,
25,easiest,0.0069,ensemble,shear,,0.1,0.1,0.3,174,75,,,,,,0.033484697341918945,0.08746787905693054,0.17539265751838684,0.15888670086860657
25,easiest,0.0069,ensemble,shear,,0.2,0.2,0.3,174,75,,,,,,0.04820012301206589,0.14445336163043976,0.270794153213501,0.26185768842697144
25,easiest,0.0069,ensemble,shear,,0.3,0.3,0.3,174,75,,,,,,0.0754149928689003,0.1812264770269394,0.3603045642375946,0.3633074164390564
25,easiest,0.0069,sweep,rotation,0.0,0.0,,0.5,124,125,4.172325134277344e-07,1.1920928955078125e-06,9.873109547697823e-07,8.57320401337347e-08,9.873109547697823e-07,,,,
25,easiest,0.0069,sweep,rotation,5.0,5.0,,0.5,124,125,0.02381753921508789,0.10217267274856567,0.17004507780075073,0.235626220703125,0.20604179799556732,,,,
25,easiest,0.0069,sweep,rotation,10.0,10.0,,0.5,124,125,0.04883575439453125,0.09077882766723633,0.3513835370540619,0.4835944175720215,0.2595584988594055,,,,
25,easiest,0.0069,sweep,rotation,20.0,20.0,,0.5,124,125,0.08602112531661987,0.19311583042144775,0.5845173001289368,0.687345027923584,0.46933960914611816,,,,
25,easiest,0.0069,sweep,rotation,30.0,30.0,,0.5,124,125,0.08390647172927856,0.2540091276168823,0.6521735787391663,0.7691091895103455,0.46765223145484924,,,,
25,easiest,0.0069,sweep,rotation,45.0,45.0,,0.5,124,125,0.08967190980911255,0.23164373636245728,0.7117643356323242,0.6789920926094055,0.4931422770023346,,,,
25,easiest,0.0069,ensemble,rotation,,10.0,10.0,0.5,124,125,,,,,,0.03332549333572388,0.09497440606355667,0.25063613057136536,0.3418266475200653
25,easiest,0.0069,ensemble,rotation,,20.0,20.0,0.5,124,125,,,,,,0.05214349925518036,0.14452579617500305,0.4174971878528595,0.5162127017974854
25,easiest,0.0069,ensemble,rotation,,30.0,30.0,0.5,124,125,,,,,,0.05120077356696129,0.15563230216503143,0.5140572786331177,0.6224838495254517
25,easiest,0.0069,sweep,translation,0.0,0.0,,0.5,124,125,4.172325134277344e-07,1.1920928955078125e-06,9.873109547697823e-07,8.57320401337347e-08,9.873109547697823e-07,,,,
25,easiest,0.0069,sweep,translation,1.0,1.0,,0.5,124,125,0.03328824043273926,0.09574371576309204,0.19784705340862274,0.32805806398391724,0.19311027228832245,,,,
25,easiest,0.0069,sweep,translation,2.0,2.0,,0.5,124,125,0.02557891607284546,0.09241139888763428,0.21155166625976562,0.3693368434906006,0.18818610906600952,,,,
25,easiest,0.0069,sweep,translation,4.0,4.0,,0.5,124,125,0.04066002368927002,0.12235331535339355,0.3677953779697418,0.5216583013534546,0.34413447976112366,,,,
25,easiest,0.0069,sweep,translation,6.0,6.0,,0.5,124,125,0.036127328872680664,0.16385257244110107,0.40328478813171387,0.5044403672218323,0.3583483099937439,,,,
25,easiest,0.0069,sweep,translation,8.0,8.0,,0.5,124,125,0.06156456470489502,0.17095434665679932,0.45836877822875977,0.5454815626144409,0.3623954653739929,,,,
25,easiest,0.0069,ensemble,translation,,2.0,2.0,0.5,124,125,,,,,,0.03482935577630997,0.12693962454795837,0.33537715673446655,0.48785972595214844
25,easiest,0.0069,ensemble,translation,,4.0,4.0,0.5,124,125,,,,,,0.036749280989170074,0.13400499522686005,0.4707289934158325,0.6048774719238281
25,easiest,0.0069,ensemble,translation,,6.0,6.0,0.5,124,125,,,,,,0.054681189358234406,0.1727994978427887,0.5777433514595032,0.6623666286468506
25,easiest,0.0069,sweep,scaling,0.8,0.2231435513142097,,0.5,124,125,0.048366427421569824,0.13235139846801758,0.23762330412864685,0.3391779661178589,0.2773328423500061,,,,
25,easiest,0.0069,sweep,scaling,0.9,0.10536051565782628,,0.5,124,125,0.033868253231048584,0.08413207530975342,0.19829575717449188,0.22166480123996735,0.2376951277256012,,,,
25,easiest,0.0069,sweep,scaling,1.0,0.0,,0.5,124,125,4.172325134277344e-07,1.1920928955078125e-06,9.873109547697823e-07,8.57320401337347e-08,9.873109547697823e-07,,,,
25,easiest,0.0069,sweep,scaling,1.1,0.09531017980432493,,0.5,124,125,0.02374166250228882,0.07378125190734863,0.1916993409395218,0.24508368968963623,0.1864018589258194,,,,
25,easiest,0.0069,sweep,scaling,1.25,0.22314355131420976,,0.5,124,125,0.07030057907104492,0.1141316294670105,0.37368693947792053,0.4541967511177063,0.28423601388931274,,,,
25,easiest,0.0069,sweep,scaling,1.5,0.4054651081081644,,0.5,124,125,0.05756908655166626,0.12994712591171265,0.48597633838653564,0.5737766623497009,0.3575868010520935,,,,
25,easiest,0.0069,ensemble,scaling,,0.1,0.1,0.5,124,125,,,,,,0.021078748628497124,0.06643733382225037,0.16627535223960876,0.17683161795139313
25,easiest,0.0069,ensemble,scaling,,0.2,0.2,0.5,124,125,,,,,,0.03166745975613594,0.10153523832559586,0.24748022854328156,0.2936471104621887
25,easiest,0.0069,ensemble,scaling,,0.3,0.3,0.5,124,125,,,,,,0.05321895331144333,0.15284545719623566,0.3062451481819153,0.35663267970085144
25,easiest,0.0069,sweep,flip,0.0,0.0,,0.5,124,125,3.5762786865234375e-07,2.9802322387695312e-06,1.5372941106761573e-06,2.2775869013003103e-07,1.5372941106761573e-06,,,,
25,easiest,0.0069,sweep,flip,1.0,1.0,,0.5,124,125,0.03389132022857666,0.22677892446517944,0.4180740714073181,0.5191930532455444,0.2806769013404846,,,,
25,easiest,0.0069,sweep,shear,0.0,0.0,,0.5,124,125,4.76837158203125e-07,2.0265579223632812e-06,1.9117785541311605e-06,3.0986419119471975e-07,1.9117785541311605e-06,,,,
25,easiest,0.0069,sweep,shear,0.05,0.05,,0.5,124,125,0.014762401580810547,0.07527244091033936,0.12191648036241531,0.1357574462890625,0.1320286989212036,,,,
25,easiest,0.0069,sweep,shear,0.1,0.1,,0.5,124,125,0.025553524494171143,0.07441127300262451,0.12301179766654968,0.1631172001361847,0.13847790658473969,,,,
25,easiest,0.0069,sweep,shear,0.2,0.2,,0.5,124,125,0.023422718048095703,0.04956519603729248,0.15718808770179749,0.18794792890548706,0.18350166082382202,,,,
25,easiest,0.0069,sweep,shear,0.3,0.3,,0.5,124,125,0.0269506573677063,0.06590694189071655,0.18692642450332642,0.19921955466270447,0.22011229395866394,,,,
25,easiest,0.0069,ensemble,shear,,0.1,0.1,0.5,124,125,,,,,,0.012129354290664196,0.05573238059878349,0.09598923474550247,0.10634879767894745
25,easiest,0.0069,ensemble,shear,,0.2,0.2,0.5,124,125,,,,,,0.022159697487950325,0.05987616255879402,0.15680210292339325,0.16288349032402039
25,easiest,0.0069,ensemble,shear,,0.3,0.3,0.5,124,125,,,,,,0.025562535971403122,0.07348418235778809,0.18837612867355347,0.18561521172523499
25,easiest,0.0069,sweep,rotation,0.0,0.0,,0.7,75,174,4.172325134277344e-07,1.1920928955078125e-06,8.445676940027624e-07,3.675481252685131e-08,8.445676940027624e-07,,,,
25,easiest,0.0069,sweep,rotation,5.0,5.0,,0.7,75,174,0.04555368423461914,0.09443914890289307,0.308270126581192,0.3416483998298645,0.29363155364990234,,,,
25,easiest,0.0069,sweep,rotation,10.0,10.0,,0.7,75,174,0.05871284008026123,0.14790475368499756,0.43681174516677856,0.5051997900009155,0.3590731918811798,,,,
25,easiest,0.0069,sweep,rotation,20.0,20.0,,0.7,75,174,0.07549750804901123,0.15719389915466309,0.5326569080352783,0.6385340690612793,0.35731399059295654,,,,
25,easiest,0.0069,sweep,rotation,30.0,30.0,,0.7,75,174,0.07283484935760498,0.15364116430282593,0.6504483819007874,0.7829211950302124,0.3671658933162689,,,,
25,easiest,0.0069,sweep,rotation,45.0,45.0,,0.7,75,174,0.10312378406524658,0.3000752925872803,0.7168237566947937,0.7844345569610596,0.3898591101169586,,,,
25,easiest,0.0069,ensemble,rotation,,10.0,10.0,0.7,75,174,,,,,,0.04005201533436775,0.1265600621700287,0.2777824401855469,0.33040565252304077
25,easiest,0.0069,ensemble,rotation,,20.0,20.0,0.7,75,174,,,,,,0.05714103579521179,0.15339550375938416,0.3929862678050995,0.46830451488494873
25,easiest,0.0069,ensemble,rotation,,30.0,30.0,0.7,75,174,,,,,,0.06959952414035797,0.14961907267570496,0.4864814579486847,0.5562747716903687
25,easiest,0.0069,sweep,translation,0.0,0.0,,0.7,75,174,4.172325134277344e-07,1.1920928955078125e-06,8.445676940027624e-07,3.675481252685131e-08,8.445676940027624e-07,,,,
25,easiest,0.0069,sweep,translation,1.0,1.0,,0.7,75,174,0.03344464302062988,0.07254457473754883,0.1660606563091278,0.3522874116897583,0.17125365138053894,,,,
25,easiest,0.0069,sweep,translation,2.0,2.0,,0.7,75,174,0.0342525839805603,0.089424729347229,0.2184385508298874,0.4047513008117676,0.20800845324993134,,,,
25,easiest,0.0069,sweep,translation,4.0,4.0,,0.7,75,174,0.042593419551849365,0.10173332691192627,0.27755242586135864,0.4787418246269226,0.2146664410829544,,,,
25,easiest,0.0069,sweep,translation,6.0,6.0,,0.7,75,174,0.03571367263793945,0.11906039714813232,0.31450262665748596,0.5032455921173096,0.24369661509990692,,,,
25,easiest,0.0069,sweep,translation,8.0,8.0,,0.7,75,174,0.11368656158447266,0.11389762163162231,0.3487333655357361,0.5439077615737915,0.2753988206386566,,,,
25,easiest,0.0069,ensemble,translation,,2.0,2.0,0.7,75,174,,,,,,0.06912549585103989,0.1547131985425949,0.3405081629753113,0.4549455940723419
25,easiest,0.0069,ensemble,translation,,4.0,4.0,0.7,75,174,,,,,,0.059430770576000214,0.18623510003089905,0.4724244475364685,0.5725361108779907
25,easiest,0.0069,ensemble,translation,,6.0,6.0,0.7,75,174,,,,,,0.06452398747205734,0.14567187428474426,0.5627447962760925,0.669937789440155
25,easiest,0.0069,sweep,scaling,0.8,0.2231435513142097,,0.7,75,174,0.06985461711883545,0.13732796907424927,0.3325951397418976,0.43504467606544495,0.34891223907470703,,,,
25,easiest,0.0069,sweep,scaling,0.9,0.10536051565782628,,0.7,75,174,0.05548655986785889,0.12562453746795654,0.29925021529197693,0.29741108417510986,0.33476269245147705,,,,
25,easiest,0.0069,sweep,scaling,1.0,0.0,,0.7,75,174,4.172325134277344e-07,1.1920928955078125e-06,8.445676940027624e-07,3.675481252685131e-08,8.445676940027624e-07,,,,
25,easiest,0.0069,sweep,scaling,1.1,0.09531017980432493,,0.7,75,174,0.06442153453826904,0.14174878597259521,0.32105252146720886,0.3041194677352905,0.31837892532348633,,,,
25,easiest,0.0069,sweep,scaling,1.25,0.22314355131420976,,0.7,75,174,0.07693791389465332,0.11777913570404053,0.39468932151794434,0.4614408016204834,0.32697534561157227,,,,
25,easiest,0.0069,sweep,scaling,1.5,0.4054651081081644,,0.7,75,174,0.1349942684173584,0.30501794815063477,0.6081432104110718,0.6545765399932861,0.507104754447937,,,,
25,easiest,0.0069,ensemble,scaling,,0.1,0.1,0.7,75,174,,,,,,0.04201500862836838,0.10079152882099152,0.15794430673122406,0.16737867891788483
25,easiest,0.0069,ensemble,scaling,,0.2,0.2,0.7,75,174,,,,,,0.0530962273478508,0.12797431647777557,0.23192524909973145,0.2841882109642029
25,easiest,0.0069,ensemble,scaling,,0.3,0.3,0.7,75,174,,,,,,0.051716599613428116,0.15371090173721313,0.2953624129295349,0.3500562906265259
25,easiest,0.0069,sweep,flip,0.0,0.0,,0.7,75,174,1.7881393432617188e-07,1.1324882507324219e-06,8.34845536701323e-07,3.0061180211760075e-08,8.34845536701323e-07,,,,
25,easiest,0.0069,sweep,flip,1.0,1.0,,0.7,75,174,0.036334991455078125,0.15373337268829346,0.3879021406173706,0.531338632106781,0.2660199701786041,,,,
25,easiest,0.0069,sweep,shear,0.0,0.0,,0.7,75,174,2.980232238769531e-07,1.0728836059570312e-06,9.044333637575619e-07,4.136878573035574e-08,9.044333637575619e-07,,,,
25,easiest,0.0069,sweep,shear,0.05,0.05,,0.7,75,174,0.029168903827667236,0.073250412940979,0.16426301002502441,0.0931151956319809,0.17768791317939758,,,,
25,easiest,0.0069,sweep,shear,0.1,0.1,,0.7,75,174,0.027214765548706055,0.09539246559143066,0.16412346065044403,0.14272406697273254,0.1805226355791092,,,,
25,easiest,0.0069,sweep,shear,0.2,0.2,,0.7,75,174,0.022753477096557617,0.07071912288665771,0.17227303981781006,0.20090322196483612,0.1947658658027649,,,,
25,easiest,0.0069,sweep,shear,0.3,0.3,,0.7,75,174,0.02681553363800049,0.06708985567092896,0.2194627970457077,0.25691255927085876,0.23177173733711243,,,,
25,easiest,0.0069,ensemble,shear,,0.1,0.1,0.7,75,174,,,,,,0.015990424901247025,0.05180593952536583,0.10165266692638397,0.07297110557556152
25,easiest,0.0069,ensemble,shear,,0.2,0.2,0.7,75,174,,,,,,0.031872689723968506,0.0710059106349945,0.1480889767408371,0.13337743282318115
25,easiest,0.0069,ensemble,shear,,0.3,0.3,0.7,75,174,,,,,,0.03856588155031204,0.0875517874956131,0.18153426051139832,0.17940208315849304
95,easiest,0.0069,sweep,rotation,0.0,0.0,,0.3,174,75,1.519918441772461e-05,8.463859558105469e-05,9.895298717310652e-05,3.0985345802037045e-05,9.895298717310652e-05,,,,
95,easiest,0.0069,sweep,rotation,5.0,5.0,,0.3,174,75,0.030910789966583252,0.0786820650100708,0.1543019413948059,0.1877402663230896,0.22965256869792938,,,,
95,easiest,0.0069,sweep,rotation,10.0,10.0,,0.3,174,75,0.06288027763366699,0.20440137386322021,0.37417036294937134,0.4702569246292114,0.4499451816082001,,,,
95,easiest,0.0069,sweep,rotation,20.0,20.0,,0.3,174,75,0.0355912446975708,0.11659157276153564,0.31840917468070984,0.35088491439819336,0.5436744093894958,,,,
95,easiest,0.0069,sweep,rotation,30.0,30.0,,0.3,174,75,0.0764777660369873,0.160444438457489,0.28270965814590454,0.32155555486679077,0.6102112531661987,,,,
95,easiest,0.0069,sweep,rotation,45.0,45.0,,0.3,174,75,0.13786280155181885,0.23816514015197754,0.5643104910850525,0.8138098120689392,0.6404939293861389,,,,
95,easiest,0.0069,ensemble,rotation,,10.0,10.0,0.3,174,75,,,,,,0.035534974187612534,0.11238820850849152,0.26307860016822815,0.3217584788799286
95,easiest,0.0069,ensemble,rotation,,20.0,20.0,0.3,174,75,,,,,,0.05651359260082245,0.17594276368618011,0.4291136860847473,0.5884918570518494
95,easiest,0.0069,ensemble,rotation,,30.0,30.0,0.3,174,75,,,,,,0.07003355026245117,0.18369098007678986,0.46125492453575134,0.661552369594574
95,easiest,0.0069,sweep,translation,0.0,0.0,,0.3,174,75,1.519918441772461e-05,8.463859558105469e-05,9.895298717310652e-05,3.0985345802037045e-05,9.895298717310652e-05,,,,
95,easiest,0.0069,sweep,translation,1.0,1.0,,0.3,174,75,0.0166894793510437,0.041333913803100586,0.12445493042469025,0.12110035121440887,0.1614808738231659,,,,
95,easiest,0.0069,sweep,translation,2.0,2.0,,0.3,174,75,0.06374680995941162,0.2026073932647705,0.3782171607017517,0.44456422328948975,0.4310082495212555,,,,
95,easiest,0.0069,sweep,translation,4.0,4.0,,0.3,174,75,0.07146316766738892,0.21944379806518555,0.5635899305343628,0.6770104169845581,0.6211531758308411,,,,
95,easiest,0.0069,sweep,translation,6.0,6.0,,0.3,174,75,0.07518357038497925,0.20483416318893433,0.5153599977493286,0.6240487098693848,0.6210305690765381,,,,
95,easiest,0.0069,sweep,translation,8.0,8.0,,0.3,174,75,0.08161616325378418,0.19241797924041748,0.5163875818252563,0.6420342326164246,0.6425396800041199,,,,
95,easiest,0.0069,ensemble,translation,,2.0,2.0,0.3,174,75,,,,,,0.06709961593151093,0.15794938802719116,0.4029483199119568,0.5752351880073547
95,easiest,0.0069,ensemble,translation,,4.0,4.0,0.3,174,75,,,,,,0.060410238802433014,0.1737726777791977,0.4727105498313904,0.6374382376670837
95,easiest,0.0069,ensemble,translation,,6.0,6.0,0.3,174,75,,,,,,0.05885579064488411,0.15512044727802277,0.5010644197463989,0.6952617764472961
95,easiest,0.0069,sweep,scaling,0.8,0.2231435513142097,,0.3,174,75,0.06282341480255127,0.21574664115905762,0.3945552408695221,0.49264657497406006,0.5134015083312988,,,,
95,easiest,0.0069,sweep,scaling,0.9,0.10536051565782628,,0.3,174,75,0.031064152717590332,0.0916290283203125,0.2270352989435196,0.20580174028873444,0.32979997992515564,,,,
95,easiest,0.0069,sweep,scaling,1.0,0.0,,0.3,174,75,1.519918441772461e-05,8.463859558105469e-05,9.895298717310652e-05,3.0985345802037045e-05,9.895298717310652e-05,,,,
95,easiest,0.0069,sweep,scaling,1.1,0.09531017980432493,,0.3,174,75,0.07168453931808472,0.16995233297348022,0.437516987323761,0.5927390456199646,0.45674028992652893,,,,
95,easiest,0.0069,sweep,scaling,1.25,0.22314355131420976,,0.3,174,75,0.1326315999031067,0.31341487169265747,0.5674211382865906,0.871235191822052,0.5286925435066223,,,,
95,easiest,0.0069,sweep,scaling,1.5,0.4054651081081644,,0.3,174,75,0.09932690858840942,0.19257807731628418,0.5261345505714417,0.7644296884536743,0.6484599709510803,,,,
95,easiest,0.0069,ensemble,scaling,,0.1,0.1,0.3,174,75,,,,,,0.05507628247141838,0.12978306412696838,0.3117048740386963,0.38577595353126526
95,easiest,0.0069,ensemble,scaling,,0.2,0.2,0.3,174,75,,,,,,0.07604526728391647,0.21533124148845673,0.39264148473739624,0.5540024042129517
95,easiest,0.0069,ensemble,scaling,,0.3,0.3,0.3,174,75,,,,,,0.07081715762615204,0.2129991203546524,0.3971969187259674,0.595329761505127
95,easiest,0.0069,sweep,flip,0.0,0.0,,0.3,174,75,1.1920928955078125e-05,6.479024887084961e-05,7.754388934699818e-05,2.35694860748481e-05,7.754388934699818e-05,,,,
95,easiest,0.0069,sweep,flip,1.0,1.0,,0.3,174,75,0.07256174087524414,0.2715381383895874,0.5543481111526489,0.7294512987136841,0.5256103873252869,,,,
95,easiest,0.0069,sweep,shear,0.0,0.0,,0.3,174,75,2.86102294921875e-06,1.430511474609375e-05,1.463943044655025e-05,4.269690634828294e-06,1.463943044655025e-05,,,,
95,easiest,0.0069,sweep,shear,0.05,0.05,,0.3,174,75,0.010373532772064209,0.023370742797851562,0.032975949347019196,0.028089093044400215,0.06995789706707001,,,,
95,easiest,0.0069,sweep,shear,0.1,0.1,,0.3,174,75,0.041160404682159424,0.1159825325012207,0.3472783863544464,0.395281583070755,0.3748242259025574,,,,
95,easiest,0.0069,sweep,shear,0.2,0.2,,0.3,174,75,0.05657476186752319,0.12091469764709473,0.34346097707748413,0.507236897945404,0.40140795707702637,,,,
95,easiest,0.0069,sweep,shear,0.3,0.3,,0.3,174,75,0.038758695125579834,0.14663583040237427,0.35741710662841797,0.5312018394470215,0.4598715007305145,,,,
95,easiest,0.0069,ensemble,shear,,0.1,0.1,0.3,174,75,,,,,,0.01877547614276409,0.05863424390554428,0.15113487839698792,0.17621511220932007
95,easiest,0.0069,ensemble,shear,,0.2,0.2,0.3,174,75,,,,,,0.04641156271100044,0.13270720839500427,0.2771032750606537,0.3439770042896271
95,easiest,0.0069,ensemble,shear,,0.3,0.3,0.3,174,75,,,,,,0.04823581874370575,0.1516498625278473,0.3517158627510071,0.43277454376220703
95,easiest,0.0069,sweep,rotation,0.0,0.0,,0.5,124,125,5.960464477539062e-07,1.430511474609375e-06,7.576131793030072e-07,9.453748361920589e-08,7.576131793030072e-07,,,,
95,easiest,0.0069,sweep,rotation,5.0,5.0,,0.5,124,125,0.03396022319793701,0.09628891944885254,0.18962524831295013,0.27453818917274475,0.15140895545482635,,,,
95,easiest,0.0069,sweep,rotation,10.0,10.0,,0.5,124,125,0.04845958948135376,0.14767563343048096,0.27736571431159973,0.36774125695228577,0.27792784571647644,,,,
95,easiest,0.0069,sweep,rotation,20.0,20.0,,0.5,124,125,0.054348766803741455,0.20081013441085815,0.4495336711406708,0.5446102619171143,0.3718690276145935,,,,
95,easiest,0.0069,sweep,rotation,30.0,30.0,,0.5,124,125,0.08842158317565918,0.3522367477416992,0.6385360360145569,0.7379749417304993,0.5625571608543396,,,,
95,easiest,0.0069,sweep,rotation,45.0,45.0,,0.5,124,125,0.10899925231933594,0.4394112825393677,0.6800841093063354,0.870821475982666,0.5729532837867737,,,,
95,easiest,0.0069,ensemble,rotation,,10.0,10.0,0.5,124,125,,,,,,0.04295234754681587,0.1770615130662918,0.2818068861961365,0.335283100605011
95,easiest,0.0069,ensemble,rotation,,20.0,20.0,0.5,124,125,,,,,,0.05211475118994713,0.2126525491476059,0.3946382701396942,0.48539403080940247
95,easiest,0.0069,ensemble,rotation,,30.0,30.0,0.5,124,125,,,,,,0.05463269352912903,0.2336369901895523,0.4561241567134857,0.5609015226364136
95,easiest,0.0069,sweep,translation,0.0,0.0,,0.5,124,125,5.960464477539062e-07,1.430511474609375e-06,7.576131793030072e-07,9.453748361920589e-08,7.576131793030072e-07,,,,
95,easiest,0.0069,sweep,translation,1.0,1.0,,0.5,124,125,0.04200071096420288,0.12490272521972656,0.21698583662509918,0.323259562253952,0.18162047863006592,,,,
95,easiest,0.0069,sweep,translation,2.0,2.0,,0.5,124,125,0.0347137451171875,0.1865522861480713,0.31904733180999756,0.4296545386314392,0.22278933227062225,,,,
95,easiest,0.0069,sweep,translation,4.0,4.0,,0.5,124,125,0.07268202304840088,0.3146427869796753,0.5025143027305603,0.6516730785369873,0.35673055052757263,,,,
95,easiest,0.0069,sweep,translation,6.0,6.0,,0.5,124,125,0.06622159481048584,0.3283727765083313,0.623796820640564,0.8350872993469238,0.4517369270324707,,,,
95,easiest,0.0069,sweep,translation,8.0,8.0,,0.5,124,125,0.08766591548919678,0.32829749584198,0.5594115853309631,0.7888831496238708,0.38641196489334106,,,,
95,easiest,0.0069,ensemble,translation,,2.0,2.0,0.5,124,125,,,,,,0.05045114457607269,0.21183818578720093,0.37074705958366394,0.4731077551841736
95,easiest,0.0069,ensemble,translation,,4.0,4.0,0.5,124,125,,,,,,0.05272484943270683,0.1484658122062683,0.5099725723266602,0.673928439617157
95,easiest,0.0069,ensemble,translation,,6.0,6.0,0.5,124,125,,,,,,0.06305275857448578,0.1844765841960907,0.5892322659492493,0.7530391216278076
95,easiest,0.0069,sweep,scaling,0.8,0.2231435513142097,,0.5,124,125,0.05563163757324219,0.17621147632598877,0.3005114197731018,0.3664171099662781,0.30582723021507263,,,,
95,easiest,0.0069,sweep,scaling,0.9,0.10536051565782628,,0.5,124,125,0.05162227153778076,0.2753521800041199,0.25771015882492065,0.31528395414352417,0.3048947751522064,,,,
95,easiest,0.0069,sweep,scaling,1.0,0.0,,0.5,124,125,5.960464477539062e-07,1.430511474609375e-06,7.576131793030072e-07,9.453748361920589e-08,7.576131793030072e-07,,,,
95,easiest,0.0069,sweep,scaling,1.1,0.09531017980432493,,0.5,124,125,0.021893858909606934,0.10508513450622559,0.3189409375190735,0.4439716935157776,0.2587222754955292,,,,
95,easiest,0.0069,sweep,scaling,1.25,0.22314355131420976,,0.5,124,125,0.05338120460510254,0.1883808970451355,0.46285974979400635,0.6278546452522278,0.34470635652542114,,,,
95,easiest,0.0069,sweep,scaling,1.5,0.4054651081081644,,0.5,124,125,0.08511364459991455,0.37865149974823,0.5931457877159119,0.7628635168075562,0.5420341491699219,,,,
95,easiest,0.0069,ensemble,scaling,,0.1,0.1,0.5,124,125,,,,,,0.04814928025007248,0.1955837905406952,0.24543854594230652,0.2920913100242615
95,easiest,0.0069,ensemble,scaling,,0.2,0.2,0.5,124,125,,,,,,0.049446091055870056,0.20386771857738495,0.314242422580719,0.3990039527416229
95,easiest,0.0069,ensemble,scaling,,0.3,0.3,0.5,124,125,,,,,,0.05833877995610237,0.20595721900463104,0.37495070695877075,0.47544196248054504
95,easiest,0.0069,sweep,flip,0.0,0.0,,0.5,124,125,3.5762786865234375e-07,1.1920928955078125e-06,6.245246595426579e-07,7.550187319793622e-08,6.245246595426579e-07,,,,
95,easiest,0.0069,sweep,flip,1.0,1.0,,0.5,124,125,0.0724717378616333,0.29769980907440186,0.6305310726165771,0.9275567531585693,0.3902868330478668,,,,
95,easiest,0.0069,sweep,shear,0.0,0.0,,0.5,124,125,1.4901161193847656e-06,1.0728836059570312e-06,7.20471803106193e-07,8.05812874205003e-08,7.20471803106193e-07,,,,
95,easiest,0.0069,sweep,shear,0.05,0.05,,0.5,124,125,0.04198497533798218,0.08746278285980225,0.12082552164793015,0.16525761783123016,0.11617224663496017,,,,
95,easiest,0.0069,sweep,shear,0.1,0.1,,0.5,124,125,0.031418025493621826,0.09058868885040283,0.16810433566570282,0.26006898283958435,0.13508036732673645,,,,
95,easiest,0.0069,sweep,shear,0.2,0.2,,0.5,124,125,0.02551090717315674,0.09602874517440796,0.24030828475952148,0.33033236861228943,0.1966240406036377,,,,
95,easiest,0.0069,sweep,shear,0.3,0.3,,0.5,124,125,0.026653170585632324,0.14262211322784424,0.2812914252281189,0.39396584033966064,0.21061459183692932,,,,
95,easiest,0.0069,ensemble,shear,,0.1,0.1,0.5,124,125,,,,,,0.02834925800561905,0.0904441773891449,0.13617905974388123,0.19768859446048737
95,easiest,0.0069,ensemble,shear,,0.2,0.2,0.5,124,125,,,,,,0.05024462193250656,0.16330385208129883,0.24590015411376953,0.31529539823532104
95,easiest,0.0069,ensemble,shear,,0.3,0.3,0.5,124,125,,,,,,0.057432908564805984,0.18015925586223602,0.29827603697776794,0.38113680481910706
95,easiest,0.0069,sweep,rotation,0.0,0.0,,0.7,75,174,9.5367431640625e-07,1.7881393432617188e-06,9.99854478322959e-07,6.656885886968666e-08,9.99854478322959e-07,,,,
95,easiest,0.0069,sweep,rotation,5.0,5.0,,0.7,75,174,0.03722798824310303,0.07976627349853516,0.1965060532093048,0.284505695104599,0.1558346152305603,,,,
95,easiest,0.0069,sweep,rotation,10.0,10.0,,0.7,75,174,0.05155271291732788,0.09212666749954224,0.31880325078964233,0.4616754353046417,0.1891356110572815,,,,
95,easiest,0.0069,sweep,rotation,20.0,20.0,,0.7,75,174,0.04415249824523926,0.11571264266967773,0.46725237369537354,0.6151138544082642,0.220442533493042,,,,
95,easiest,0.0069,sweep,rotation,30.0,30.0,,0.7,75,174,0.05017054080963135,0.19797581434249878,0.5618425607681274,0.7036217451095581,0.24765367805957794,,,,
95,easiest,0.0069,sweep,rotation,45.0,45.0,,0.7,75,174,0.06327879428863525,0.30520856380462646,0.6120256185531616,0.7481294870376587,0.2999366521835327,,,,
95,easiest,0.0069,ensemble,rotation,,10.0,10.0,0.7,75,174,,,,,,0.034567948430776596,0.06510142982006073,0.22599267959594727,0.3119146525859833
95,easiest,0.0069,ensemble,rotation,,20.0,20.0,0.7,75,174,,,,,,0.039787448942661285,0.09118231385946274,0.35419315099716187,0.4694998562335968
95,easiest,0.0069,ensemble,rotation,,30.0,30.0,0.7,75,174,,,,,,0.04279390722513199,0.12270761281251907,0.44293051958084106,0.5601383447647095
95,easiest,0.0069,sweep,translation,0.0,0.0,,0.7,75,174,9.5367431640625e-07,1.7881393432617188e-06,9.99854478322959e-07,6.656885886968666e-08,9.99854478322959e-07,,,,
95,easiest,0.0069,sweep,translation,1.0,1.0,,0.7,75,174,0.02399832010269165,0.09321415424346924,0.18264082074165344,0.3127991557121277,0.12796786427497864,,,,
95,easiest,0.0069,sweep,translation,2.0,2.0,,0.7,75,174,0.034505248069763184,0.10674738883972168,0.28430694341659546,0.4309539794921875,0.1501731127500534,,,,
95,easiest,0.0069,sweep,translation,4.0,4.0,,0.7,75,174,0.04513716697692871,0.10890507698059082,0.46285247802734375,0.6468356847763062,0.20064356923103333,,,,
95,easiest,0.0069,sweep,translation,6.0,6.0,,0.7,75,174,0.05043363571166992,0.13714122772216797,0.5701929926872253,0.7819843292236328,0.2200855165719986,,,,
95,easiest,0.0069,sweep,translation,8.0,8.0,,0.7,75,174,0.06365907192230225,0.17804408073425293,0.6022956967353821,0.8547183275222778,0.2140142023563385,,,,
95,easiest,0.0069,ensemble,translation,,2.0,2.0,0.7,75,174,,,,,,0.03883202373981476,0.07198889553546906,0.3568341135978699,0.48451218008995056
95,easiest,0.0069,ensemble,translation,,4.0,4.0,0.7,75,174,,,,,,0.036029115319252014,0.09488106518983841,0.5100913643836975,0.6698373556137085
95,easiest,0.0069,ensemble,translation,,6.0,6.0,0.7,75,174,,,,,,0.04353298619389534,0.11013098061084747,0.5994851589202881,0.7968918085098267
95,easiest,0.0069,sweep,scaling,0.8,0.2231435513142097,,0.7,75,174,0.054020702838897705,0.12530970573425293,0.37906211614608765,0.4826119840145111,0.27237510681152344,,,,
95,easiest,0.0069,sweep,scaling,0.9,0.10536051565782628,,0.7,75,174,0.03909337520599365,0.07470345497131348,0.2461162954568863,0.3595048189163208,0.19824106991291046,,,,
95,easiest,0.0069,sweep,scaling,1.0,0.0,,0.7,75,174,9.5367431640625e-07,1.7881393432617188e-06,9.99854478322959e-07,6.656885886968666e-08,9.99854478322959e-07,,,,
95,easiest,0.0069,sweep,scaling,1.1,0.09531017980432493,,0.7,75,174,0.04258817434310913,0.09380626678466797,0.2477731704711914,0.33105725049972534,0.17690375447273254,,,,
95,easiest,0.0069,sweep,scaling,1.25,0.22314355131420976,,0.7,75,174,0.050330162048339844,0.1132771372795105,0.4114053249359131,0.5540998578071594,0.20619072020053864,,,,
95,easiest,0.0069,sweep,scaling,1.5,0.4054651081081644,,0.7,75,174,0.06373381614685059,0.17800688743591309,0.5664206147193909,0.8137438893318176,0.2728918790817261,,,,
95,easiest,0.0069,ensemble,scaling,,0.1,0.1,0.7,75,174,,,,,,0.03064705617725849,0.06907980144023895,0.16931015253067017,0.21501363813877106
95,easiest,0.0069,ensemble,scaling,,0.2,0.2,0.7,75,174,,,,,,0.04389699921011925,0.0842452198266983,0.28065213561058044,0.3585398495197296
95,easiest,0.0069,ensemble,scaling,,0.3,0.3,0.7,75,174,,,,,,0.06535588949918747,0.09491313248872757,0.36251527070999146,0.44845131039619446
95,easiest,0.0069,sweep,flip,0.0,0.0,,0.7,75,174,4.76837158203125e-07,2.5033950805664062e-06,1.6253579815384e-06,1.696017761787516e-07,1.6253579815384e-06,,,,
95,easiest,0.0069,sweep,flip,1.0,1.0,,0.7,75,174,0.04273271560668945,0.1669173240661621,0.6755616068840027,0.9843811988830566,0.21898877620697021,,,,
95,easiest,0.0069,sweep,shear,0.0,0.0,,0.7,75,174,8.344650268554688e-07,3.4570693969726562e-06,1.9945027815992944e-06,2.4244303631348885e-07,1.9945027815992944e-06,,,,
95,easiest,0.0069,sweep,shear,0.05,0.05,,0.7,75,174,0.017905771732330322,0.051843345165252686,0.07668814063072205,0.10346077382564545,0.06947404146194458,,,,
95,easiest,0.0069,sweep,shear,0.1,0.1,,0.7,75,174,0.021739721298217773,0.08055382966995239,0.1414913535118103,0.21038973331451416,0.11325925588607788,,,,
95,easiest,0.0069,sweep,shear,0.2,0.2,,0.7,75,174,0.0274927020072937,0.08824324607849121,0.2500015199184418,0.3473784327507019,0.1568262279033661,,,,
95,easiest,0.0069,sweep,shear,0.3,0.3,,0.7,75,174,0.04408615827560425,0.10580050945281982,0.33590543270111084,0.4418954849243164,0.19259518384933472,,,,
95,easiest,0.0069,ensemble,shear,,0.1,0.1,0.7,75,174,,,,,,0.01970241591334343,0.05053149163722992,0.0933595523238182,0.13218848407268524
95,easiest,0.0069,ensemble,shear,,0.2,0.2,0.7,75,174,,,,,,0.028842803090810776,0.06987010687589645,0.1925686001777649,0.2585698068141937
95,easiest,0.0069,ensemble,shear,,0.3,0.3,0.7,75,174,,,,,,0.042853374034166336,0.0786946639418602,0.25703391432762146,0.33302783966064453
13,easiest,0.0067,sweep,rotation,0.0,0.0,,0.3,174,75,1.430511474609375e-06,2.3245811462402344e-06,3.1482145459449384e-06,7.302660378627479e-07,3.1482145459449384e-06,,,,
13,easiest,0.0067,sweep,rotation,5.0,5.0,,0.3,174,75,0.027308166027069092,0.08301037549972534,0.1714148223400116,0.1805151104927063,0.19944770634174347,,,,
13,easiest,0.0067,sweep,rotation,10.0,10.0,,0.3,174,75,0.02941197156906128,0.0850454568862915,0.15846411883831024,0.1733015477657318,0.2305547595024109,,,,
13,easiest,0.0067,sweep,rotation,20.0,20.0,,0.3,174,75,0.04319864511489868,0.08430933952331543,0.24838972091674805,0.17123308777809143,0.37216728925704956,,,,
13,easiest,0.0067,sweep,rotation,30.0,30.0,,0.3,174,75,0.14806360006332397,0.36487847566604614,0.5917059183120728,0.6590903997421265,0.5907917022705078,,,,
13,easiest,0.0067,sweep,rotation,45.0,45.0,,0.3,174,75,0.14355754852294922,0.39764463901519775,0.6015965342521667,0.6725492477416992,0.5947834253311157,,,,
13,easiest,0.0067,ensemble,rotation,,10.0,10.0,0.3,174,75,,,,,,0.023821653798222542,0.06391160190105438,0.14143690466880798,0.14372698962688446
13,easiest,0.0067,ensemble,rotation,,20.0,20.0,0.3,174,75,,,,,,0.07993268966674805,0.1507442444562912,0.3386678099632263,0.3928912878036499
13,easiest,0.0067,ensemble,rotation,,30.0,30.0,0.3,174,75,,,,,,0.09947583079338074,0.2299218326807022,0.47289595007896423,0.5928555727005005
13,easiest,0.0067,sweep,translation,0.0,0.0,,0.3,174,75,1.430511474609375e-06,2.3245811462402344e-06,3.1482145459449384e-06,7.302660378627479e-07,3.1482145459449384e-06,,,,
13,easiest,0.0067,sweep,translation,1.0,1.0,,0.3,174,75,0.014080345630645752,0.051777005195617676,0.08756157755851746,0.06780321896076202,0.12442800402641296,,,,
13,easiest,0.0067,sweep,translation,2.0,2.0,,0.3,174,75,0.018728673458099365,0.07599037885665894,0.13933329284191132,0.11232370883226395,0.25057414174079895,,,,
13,easiest,0.0067,sweep,translation,4.0,4.0,,0.3,174,75,0.07655227184295654,0.1746414303779602,0.4875335693359375,0.511029839515686,0.4763143062591553,,,,
13,easiest,0.0067,sweep,translation,6.0,6.0,,0.3,174,75,0.16751939058303833,0.21803724765777588,0.6050893068313599,1.2363594770431519,0.5933562517166138,,,,
13,easiest,0.0067,sweep,translation,8.0,8.0,,0.3,174,75,0.12049764394760132,0.30627137422561646,0.4981071949005127,0.7077775001525879,0.6464694738388062,,,,
13,easiest,0.0067,ensemble,translation,,2.0,2.0,0.3,174,75,,,,,,0.052670590579509735,0.18258878588676453,0.3115991950035095,0.4191838800907135
13,easiest,0.0067,ensemble,translation,,4.0,4.0,0.3,174,75,,,,,,0.10164879262447357,0.2663659155368805,0.5405790209770203,0.7081259489059448
13,easiest,0.0067,ensemble,translation,,6.0,6.0,0.3,174,75,,,,,,0.11327209323644638,0.2598629891872406,0.5601401925086975,0.7967900037765503
13,easiest,0.0067,sweep,scaling,0.8,0.2231435513142097,,0.3,174,75,0.03220391273498535,0.09846806526184082,0.14004381000995636,0.21262449026107788,0.30319783091545105,,,,
13,easiest,0.0067,sweep,scaling,0.9,0.10536051565782628,,0.3,174,75,0.01992034912109375,0.07515716552734375,0.11742568016052246,0.13831853866577148,0.1949785351753235,,,,
13,easiest,0.0067,sweep,scaling,1.0,0.0,,0.3,174,75,1.430511474609375e-06,2.3245811462402344e-06,3.1482145459449384e-06,7.302660378627479e-07,3.1482145459449384e-06,,,,
13,easiest,0.0067,sweep,scaling,1.1,0.09531017980432493,,0.3,174,75,0.048058509826660156,0.12678253650665283,0.19322660565376282,0.18858051300048828,0.2599211037158966,,,,
13,easiest,0.0067,sweep,scaling,1.25,0.22314355131420976,,0.3,174,75,0.03795516490936279,0.10589206218719482,0.1800931692123413,0.23221102356910706,0.34721407294273376,,,,
13,easiest,0.0067,sweep,scaling,1.5,0.4054651081081644,,0.3,174,75,0.07155740261077881,0.22720390558242798,0.34464865922927856,0.40470248460769653,0.5377631783485413,,,,
13,easiest,0.0067,ensemble,scaling,,0.1,0.1,0.3,174,75,,,,,,0.023120218887925148,0.06177883222699165,0.1242598295211792,0.12733180820941925
13,easiest,0.0067,ensemble,scaling,,0.2,0.2,0.3,174,75,,,,,,0.028695693239569664,0.08068804442882538,0.1561374068260193,0.18431252241134644
13,easiest,0.0067,ensemble,scaling,,0.3,0.3,0.3,174,75,,,,,,0.03243498131632805,0.10114217549562454,0.18367332220077515,0.21926471590995789
13,easiest,0.0067,sweep,flip,0.0,0.0,,0.3,174,75,7.152557373046875e-07,1.8477439880371094e-06,2.5082142656174256e-06,5.253818926576059e-07,2.5082142656174256e-06,,,,
13,easiest,0.0067,sweep,flip,1.0,1.0,,0.3,174,75,0.152105450630188,0.2182028889656067,0.7047834396362305,1.0232652425765991,0.6377553343772888,,,,
13,easiest,0.0067,sweep,shear,0.0,0.0,,0.3,174,75,8.344650268554688e-07,1.5497207641601562e-06,2.052885974990204e-06,3.922100688669161e-07,2.052885974990204e-06,,,,
13,easiest,0.0067,sweep,shear,0.05,0.05,,0.3,174,75,0.006230592727661133,0.015082955360412598,0.0244232676923275,0.0137155931442976,0.0572776198387146,,,,
13,easiest,0.0067,sweep,shear,0.1,0.1,,0.3,174,75,0.016174674034118652,0.03511011600494385,0.062148384749889374,0.053907010704278946,0.10870395600795746,,,,
13,easiest,0.0067,sweep,shear,0.2,0.2,,0.3,174,75,0.029133200645446777,0.10690277814865112,0.23770412802696228,0.2410985231399536,0.26411086320877075,,,,
13,easiest,0.0067,sweep,shear,0.3,0.3,,0.3,174,75,0.1431789994239807,0.2308952808380127,0.5328719019889832,0.6513903737068176,0.562000036239624,,,,
13,easiest,0.0067,ensemble,shear,,0.1,0.1,0.3,174,75,,,,,,0.008076384663581848,0.027191635221242905,0.03650490194559097,0.02594967931509018
13,easiest,0.0067,ensemble,shear,,0.2,0.2,0.3,174,75,,,,,,0.015555273741483688,0.04483436420559883,0.09553129971027374,0.07730724662542343
13,easiest,0.0067,ensemble,shear,,0.3,0.3,0.3,174,75,,,,,,0.05049499496817589,0.09603627026081085,0.20089460909366608,0.22781503200531006
13,easiest,0.0067,sweep,rotation,0.0,0.0,,0.5,124,125,4.172325134277344e-07,1.0728836059570312e-06,1.1313921959299478e-06,8.894800629377642e-08,1.1313921959299478e-06,,,,
13,easiest,0.0067,sweep,rotation,5.0,5.0,,0.5,124,125,0.04423844814300537,0.09586358070373535,0.27298277616500854,0.3314569890499115,0.2272118628025055,,,,
13,easiest,0.0067,sweep,rotation,10.0,10.0,,0.5,124,125,0.05538046360015869,0.20868754386901855,0.3183043599128723,0.3465994894504547,0.28601783514022827,,,,
13,easiest,0.0067,sweep,rotation,20.0,20.0,,0.5,124,125,0.03520280122756958,0.1543738842010498,0.3697863221168518,0.4384462833404541,0.28609153628349304,,,,
13,easiest,0.0067,sweep,rotation,30.0,30.0,,0.5,124,125,0.044859230518341064,0.16880834102630615,0.46853524446487427,0.5856955051422119,0.2982307970523834,,,,
13,easiest,0.0067,sweep,rotation,45.0,45.0,,0.5,124,125,0.06729578971862793,0.18919384479522705,0.5442753434181213,0.6945052146911621,0.3375435471534729,,,,
13,easiest,0.0067,ensemble,rotation,,10.0,10.0,0.5,124,125,,,,,,0.03874218091368675,0.1315975934267044,0.24450938403606415,0.27352216839790344
13,easiest,0.0067,ensemble,rotation,,20.0,20.0,0.5,124,125,,,,,,0.06319152563810349,0.1736660748720169,0.3428386151790619,0.3961586356163025
13,easiest,0.0067,ensemble,rotation,,30.0,30.0,0.5,124,125,,,,,,0.07336516678333282,0.2292681336402893,0.4081929922103882,0.48948270082473755
13,easiest,0.0067,sweep,translation,0.0,0.0,,0.5,124,125,4.172325134277344e-07,1.0728836059570312e-06,1.1313921959299478e-06,8.894800629377642e-08,1.1313921959299478e-06,,,,
13,easiest,0.0067,sweep,translation,1.0,1.0,,0.5,124,125,0.03603428602218628,0.09314578771591187,0.19667762517929077,0.26695770025253296,0.17292964458465576,,,,
13,easiest,0.0067,sweep,translation,2.0,2.0,,0.5,124,125,0.05451607704162598,0.16124224662780762,0.25862500071525574,0.3327697515487671,0.22188019752502441,,,,
13,easiest,0.0067,sweep,translation,4.0,4.0,,0.5,124,125,0.08917748928070068,0.18347078561782837,0.41350850462913513,0.40552183985710144,0.3310742676258087,,,,
13,easiest,0.0067,sweep,translation,6.0,6.0,,0.5,124,125,0.07530641555786133,0.28309959173202515,0.43162408471107483,0.517595112323761,0.3346037268638611,,,,
13,easiest,0.0067,sweep,translation,8.0,8.0,,0.5,124,125,0.09827977418899536,0.22312599420547485,0.5502386093139648,0.5792328119277954,0.4629366397857666,,,,
13,easiest,0.0067,ensemble,translation,,2.0,2.0,0.5,124,125,,,,,,0.05540687218308449,0.1400185078382492,0.26584744453430176,0.3094085454940796
13,easiest,0.0067,ensemble,translation,,4.0,4.0,0.5,124,125,,,,,,0.05145743116736412,0.15875010192394257,0.36499321460723877,0.43292146921157837
13,easiest,0.0067,ensemble,translation,,6.0,6.0,0.5,124,125,,,,,,0.059467826038599014,0.19460131227970123,0.45003876090049744,0.5480336546897888
13,easiest,0.0067,sweep,scaling,0.8,0.2231435513142097,,0.5,124,125,0.07703298330307007,0.15832865238189697,0.3711274266242981,0.4445433020591736,0.30840370059013367,,,,
13,easiest,0.0067,sweep,scaling,0.9,0.10536051565782628,,0.5,124,125,0.034426748752593994,0.15340548753738403,0.2605542838573456,0.3380393981933594,0.22035831212997437,,,,
13,easiest,0.0067,sweep,scaling,1.0,0.0,,0.5,124,125,4.172325134277344e-07,1.0728836059570312e-06,1.1313921959299478e-06,8.894800629377642e-08,1.1313921959299478e-06,,,,
13,easiest,0.0067,sweep,scaling,1.1,0.09531017980432493,,0.5,124,125,0.0428808331489563,0.13008296489715576,0.2760460376739502,0.296308308839798,0.2904457449913025,,,,
13,easiest,0.0067,sweep,scaling,1.25,0.22314355131420976,,0.5,124,125,0.05631828308105469,0.16805493831634521,0.2856907546520233,0.3340686857700348,0.3008003234863281,,,,
13,easiest,0.0067,sweep,scaling,1.5,0.4054651081081644,,0.5,124,125,0.0860903263092041,0.27726972103118896,0.4658995270729065,0.49386683106422424,0.47989848256111145,,,,
13,easiest,0.0067,ensemble,scaling,,0.1,0.1,0.5,124,125,,,,,,0.02713855728507042,0.08845944702625275,0.149880051612854,0.16433802247047424
13,easiest,0.0067,ensemble,scaling,,0.2,0.2,0.5,124,125,,,,,,0.040696896612644196,0.12599855661392212,0.23865073919296265,0.2883428931236267
13,easiest,0.0067,ensemble,scaling,,0.3,0.3,0.5,124,125,,,,,,0.05314911529421806,0.1291126012802124,0.2990186810493469,0.3404107987880707
13,easiest,0.0067,sweep,flip,0.0,0.0,,0.5,124,125,1.7881393432617188e-07,1.0728836059570312e-06,1.0193454045293038e-06,7.542836044649448e-08,1.0193454045293038e-06,,,,
13,easiest,0.0067,sweep,flip,1.0,1.0,,0.5,124,125,0.04889267683029175,0.160716712474823,0.5950871706008911,1.0194730758666992,0.23012560606002808,,,,
13,easiest,0.0067,sweep,shear,0.0,0.0,,0.5,124,125,5.960464477539062e-07,8.940696716308594e-07,9.238949587597745e-07,6.843677624601696e-08,9.238949587597745e-07,,,,
13,easiest,0.0067,sweep,shear,0.05,0.05,,0.5,124,125,0.028140604496002197,0.06844240427017212,0.1538141369819641,0.12894518673419952,0.1558612734079361,,,,
13,easiest,0.0067,sweep,shear,0.1,0.1,,0.5,124,125,0.03431159257888794,0.10324829816818237,0.2526921033859253,0.21941135823726654,0.25869375467300415,,,,
13,easiest,0.0067,sweep,shear,0.2,0.2,,0.5,124,125,0.05820751190185547,0.12892639636993408,0.2828110158443451,0.3422233462333679,0.2648320198059082,,,,
13,easiest,0.0067,sweep,shear,0.3,0.3,,0.5,124,125,0.07438230514526367,0.14774656295776367,0.3497023582458496,0.40460455417633057,0.3483315706253052,,,,
13,easiest,0.0067,ensemble,shear,,0.1,0.1,0.5,124,125,,,,,,0.025201551616191864,0.06729014962911606,0.1590578258037567,0.15342266857624054
13,easiest,0.0067,ensemble,shear,,0.2,0.2,0.5,124,125,,,,,,0.03410795331001282,0.09217894822359085,0.2011876255273819,0.204852893948555
13,easiest,0.0067,ensemble,shear,,0.3,0.3,0.5,124,125,,,,,,0.04518525302410126,0.13465353846549988,0.22994139790534973,0.2404993176460266
13,easiest,0.0067,sweep,rotation,0.0,0.0,,0.7,75,174,9.5367431640625e-07,7.748603820800781e-07,1.6707966778994887e-06,6.706487454266608e-08,1.6707966778994887e-06,,,,
13,easiest,0.0067,sweep,rotation,5.0,5.0,,0.7,75,174,0.04982632398605347,0.08805197477340698,0.22724296152591705,0.2651769518852234,0.186984583735466,,,,
13,easiest,0.0067,sweep,rotation,10.0,10.0,,0.7,75,174,0.054898619651794434,0.1127271056175232,0.3214467167854309,0.3574945330619812,0.2246258556842804,,,,
13,easiest,0.0067,sweep,rotation,20.0,20.0,,0.7,75,174,0.06668496131896973,0.17434698343276978,0.4647120237350464,0.4706881046295166,0.2792756259441376,,,,
13,easiest,0.0067,sweep,rotation,30.0,30.0,,0.7,75,174,0.06360095739364624,0.19492268562316895,0.5319575667381287,0.583304762840271,0.29344770312309265,,,,
13,easiest,0.0067,sweep,rotation,45.0,45.0,,0.7,75,174,0.11675655841827393,0.2883014678955078,0.5776020288467407,0.6640754342079163,0.37500375509262085,,,,
13,easiest,0.0067,ensemble,rotation,,10.0,10.0,0.7,75,174,,,,,,0.03520071506500244,0.08528148382902145,0.21931561827659607,0.25688958168029785
13,easiest,0.0067,ensemble,rotation,,20.0,20.0,0.7,75,174,,,,,,0.04718004912137985,0.11750505864620209,0.33273231983184814,0.3778897523880005
13,easiest,0.0067,ensemble,rotation,,30.0,30.0,0.7,75,174,,,,,,0.058498233556747437,0.16440239548683167,0.411003977060318,0.4551963210105896
13,easiest,0.0067,sweep,translation,0.0,0.0,,0.7,75,174,9.5367431640625e-07,7.748603820800781e-07,1.6707966778994887e-06,6.706487454266608e-08,1.6707966778994887e-06,,,,
13,easiest,0.0067,sweep,translation,1.0,1.0,,0.7,75,174,0.026323676109313965,0.0739743709564209,0.20216499269008636,0.2841164469718933,0.17625725269317627,,,,
13,easiest,0.0067,sweep,translation,2.0,2.0,,0.7,75,174,0.04644572734832764,0.15384602546691895,0.2595525085926056,0.3086368441581726,0.21049949526786804,,,,
13,easiest,0.0067,sweep,translation,4.0,4.0,,0.7,75,174,0.06945168972015381,0.20975089073181152,0.3518603444099426,0.43240177631378174,0.2071123719215393,,,,
13,easiest,0.0067,sweep,translation,6.0,6.0,,0.7,75,174,0.05594080686569214,0.16637158393859863,0.400719553232193,0.4571738541126251,0.23350800573825836,,,,
13,easiest,0.0067,sweep,translation,8.0,8.0,,0.7,75,174,0.09142333269119263,0.29300642013549805,0.4802216589450836,0.5294705629348755,0.3115282952785492,,,,
13,easiest,0.0067,ensemble,translation,,2.0,2.0,0.7,75,174,,,,,,0.04321528971195221,0.11553733050823212,0.27057453989982605,0.34155669808387756
13,easiest,0.0067,ensemble,translation,,4.0,4.0,0.7,75,174,,,,,,0.04178523272275925,0.10368254035711288,0.3506383001804352,0.4175831973552704
13,easiest,0.0067,ensemble,translation,,6.0,6.0,0.7,75,174,,,,,,0.0759257823228836,0.1571369171142578,0.46098893880844116,0.5190633535385132
13,easiest,0.0067,sweep,scaling,0.8,0.2231435513142097,,0.7,75,174,0.04441225528717041,0.09813588857650757,0.34203624725341797,0.38095200061798096,0.2881774306297302,,,,
13,easiest,0.0067,sweep,scaling,0.9,0.10536051565782628,,0.7,75,174,0.036192238330841064,0.08859515190124512,0.26140034198760986,0.2834436297416687,0.23723208904266357,,,,
13,easiest,0.0067,sweep,scaling,1.0,0.0,,0.7,75,174,9.5367431640625e-07,7.748603820800781e-07,1.6707966778994887e-06,6.706487454266608e-08,1.6707966778994887e-06,,,,
13,easiest,0.0067,sweep,scaling,1.1,0.09531017980432493,,0.7,75,174,0.058291077613830566,0.10105204582214355,0.2150699496269226,0.24475568532943726,0.2011740505695343,,,,
13,easiest,0.0067,sweep,scaling,1.25,0.22314355131420976,,0.7,75,174,0.09173697233200073,0.21990352869033813,0.3742706775665283,0.3710772693157196,0.3222310543060303,,,,
13,easiest,0.0067,sweep,scaling,1.5,0.4054651081081644,,0.7,75,174,0.14005672931671143,0.21172058582305908,0.4471580386161804,0.4288792014122009,0.40781569480895996,,,,
13,easiest,0.0067,ensemble,scaling,,0.1,0.1,0.7,75,174,,,,,,0.022830624133348465,0.06145786494016647,0.119196817278862,0.15471506118774414
13,easiest,0.0067,ensemble,scaling,,0.2,0.2,0.7,75,174,,,,,,0.034630998969078064,0.07916717976331711,0.1868782639503479,0.24014821648597717
13,easiest,0.0067,ensemble,scaling,,0.3,0.3,0.7,75,174,,,,,,0.05364684760570526,0.13110047578811646,0.253797322511673,0.3041127324104309
13,easiest,0.0067,sweep,flip,0.0,0.0,,0.7,75,174,4.76837158203125e-07,2.2649765014648438e-06,4.203236585453851e-06,4.863243248109939e-07,4.203236585453851e-06,,,,
13,easiest,0.0067,sweep,flip,1.0,1.0,,0.7,75,174,0.03647959232330322,0.21289438009262085,0.5775837302207947,0.8565065860748291,0.22641277313232422,,,,
13,easiest,0.0067,sweep,shear,0.0,0.0,,0.7,75,174,3.159046173095703e-06,9.5367431640625e-06,1.6990954463835806e-05,2.498533376638079e-06,1.6990954463835806e-05,,,,
13,easiest,0.0067,sweep,shear,0.05,0.05,,0.7,75,174,0.010796606540679932,0.02196037769317627,0.1037553921341896,0.04904257878661156,0.11496402323246002,,,,
13,easiest,0.0067,sweep,shear,0.1,0.1,,0.7,75,174,0.03612750768661499,0.05584859848022461,0.14767245948314667,0.12982288002967834,0.133347749710083,,,,
13,easiest,0.0067,sweep,shear,0.2,0.2,,0.7,75,174,0.044392526149749756,0.06550610065460205,0.1979418247938156,0.21419674158096313,0.17048253118991852,,,,
13,easiest,0.0067,sweep,shear,0.3,0.3,,0.7,75,174,0.03166460990905762,0.1099395751953125,0.22917993366718292,0.2556130886077881,0.19179269671440125,,,,
13,easiest,0.0067,ensemble,shear,,0.1,0.1,0.7,75,174,,,,,,0.016265347599983215,0.0417279377579689,0.06842920929193497,0.07694806903600693
13,easiest,0.0067,ensemble,shear,,0.2,0.2,0.7,75,174,,,,,,0.029151970520615578,0.05970058590173721,0.12448438256978989,0.14457255601882935
13,easiest,0.0067,ensemble,shear,,0.3,0.3,0.7,75,174,,,,,,0.028676114976406097,0.08133302628993988,0.1642298400402069,0.1814703792333603
82,easiest,0.0061,sweep,rotation,0.0,0.0,,0.3,174,75,1.1920928955078125e-06,6.67572021484375e-06,3.5935445339418948e-06,2.874822939702426e-07,3.5935445339418948e-06,,,,
82,easiest,0.0061,sweep,rotation,5.0,5.0,,0.3,174,75,0.01817142963409424,0.05522787570953369,0.0936337560415268,0.04574029892683029,0.18761366605758667,,,,
82,easiest,0.0061,sweep,rotation,10.0,10.0,,0.3,174,75,0.014659583568572998,0.046428561210632324,0.11442523449659348,0.05153125151991844,0.2724651098251343,,,,
82,easiest,0.0061,sweep,rotation,20.0,20.0,,0.3,174,75,0.0931088924407959,0.2006692886352539,0.23322096467018127,0.12378598749637604,0.4322217106819153,,,,
82,easiest,0.0061,sweep,rotation,30.0,30.0,,0.3,174,75,0.07779443264007568,0.19539499282836914,0.22048750519752502,0.10292463004589081,0.4987789988517761,,,,
82,easiest,0.0061,sweep,rotation,45.0,45.0,,0.3,174,75,0.1865352988243103,0.7303756475448608,0.7337093353271484,0.6033409833908081,0.741287350654602,,,,
82,easiest,0.0061,ensemble,rotation,,10.0,10.0,0.3,174,75,,,,,,0.03839879482984543,0.09708612412214279,0.14521881937980652,0.06869416683912277
82,easiest,0.0061,ensemble,rotation,,20.0,20.0,0.3,174,75,,,,,,0.08139333128929138,0.26354143023490906,0.28444424271583557,0.17666104435920715
82,easiest,0.0061,ensemble,rotation,,30.0,30.0,0.3,174,75,,,,,,0.08480559289455414,0.2595650255680084,0.31800341606140137,0.21406111121177673
82,easiest,0.0061,sweep,translation,0.0,0.0,,0.3,174,75,1.1920928955078125e-06,6.67572021484375e-06,3.5935445339418948e-06,2.874822939702426e-07,3.5935445339418948e-06,,,,
82,easiest,0.0061,sweep,translation,1.0,1.0,,0.3,174,75,0.1164083480834961,0.6295714974403381,0.43602579832077026,0.26028335094451904,0.45317980647087097,,,,
82,easiest,0.0061,sweep,translation,2.0,2.0,,0.3,174,75,0.10956120491027832,0.6211339831352234,0.5914396047592163,0.36847832798957825,0.6053388714790344,,,,
82,easiest,0.0061,sweep,translation,4.0,4.0,,0.3,174,75,0.14931100606918335,0.6282786130905151,0.650580644607544,0.5702085494995117,0.6608575582504272,,,,
82,easiest,0.0061,sweep,translation,6.0,6.0,,0.3,174,75,0.20895826816558838,0.931281566619873,0.7713372111320496,0.8708627820014954,0.7586097717285156,,,,
82,easiest,0.0061,sweep,translation,8.0,8.0,,0.3,174,75,0.13305366039276123,0.2919813394546509,0.6685599088668823,0.5626057386398315,0.6664615869522095,,,,
82,easiest,0.0061,ensemble,translation,,2.0,2.0,0.3,174,75,,,,,,0.1004917323589325,0.4162774682044983,0.33586734533309937,0.234370619058609
82,easiest,0.0061,ensemble,translation,,4.0,4.0,0.3,174,75,,,,,,0.11426842212677002,0.5104395747184753,0.41997435688972473,0.35851338505744934
82,easiest,0.0061,ensemble,translation,,6.0,6.0,0.3,174,75,,,,,,0.1256001591682434,0.5472411513328552,0.47075238823890686,0.4201250970363617
82,easiest,0.0061,sweep,scaling,0.8,0.2231435513142097,,0.3,174,75,0.04600811004638672,0.07065582275390625,0.10701900720596313,0.03776635602116585,0.3026745021343231,,,,
82,easiest,0.0061,sweep,scaling,0.9,0.10536051565782628,,0.3,174,75,0.038073599338531494,0.10147953033447266,0.08545437455177307,0.035677649080753326,0.193566232919693,,,,
82,easiest,0.0061,sweep,scaling,1.0,0.0,,0.3,174,75,1.1920928955078125e-06,6.67572021484375e-06,3.5935445339418948e-06,2.874822939702426e-07,3.5935445339418948e-06,,,,
82,easiest,0.0061,sweep,scaling,1.1,0.09531017980432493,,0.3,174,75,0.03336143493652344,0.17410427331924438,0.17541779577732086,0.10315431654453278,0.23803184926509857,,,,
82,easiest,0.0061,sweep,scaling,1.25,0.22314355131420976,,0.3,174,75,0.04653292894363403,0.13955962657928467,0.1824985295534134,0.07261113822460175,0.3538967967033386,,,,
82,easiest,0.0061,sweep,scaling,1.5,0.4054651081081644,,0.3,174,75,0.09597718715667725,0.2295905351638794,0.45648518204689026,0.31227198243141174,0.6219020485877991,,,,
82,easiest,0.0061,ensemble,scaling,,0.1,0.1,0.3,174,75,,,,,,0.041951701045036316,0.1322614848613739,0.12337992340326309,0.06168369948863983
82,easiest,0.0061,ensemble,scaling,,0.2,0.2,0.3,174,75,,,,,,0.04108550027012825,0.14473950862884521,0.13087640702724457,0.06930059939622879
82,easiest,0.0061,ensemble,scaling,,0.3,0.3,0.3,174,75,,,,,,0.04717669636011124,0.15128940343856812,0.17292028665542603,0.08920354396104813
82,easiest,0.0061,sweep,flip,0.0,0.0,,0.3,174,75,3.5762786865234375e-07,2.1457672119140625e-06,1.9550718661776045e-06,6.375631755872746e-08,1.9550718661776045e-06,,,,
82,easiest,0.0061,sweep,flip,1.0,1.0,,0.3,174,75,0.17110824584960938,0.6970095634460449,0.5902644991874695,0.4038490951061249,0.7122700214385986,,,,
82,easiest,0.0061,sweep,shear,0.0,0.0,,0.3,174,75,5.364418029785156e-07,2.682209014892578e-06,2.8342938094283454e-06,1.7085014292206324e-07,2.8342938094283454e-06,,,,
82,easiest,0.0061,sweep,shear,0.05,0.05,,0.3,174,75,0.002886652946472168,0.02009272575378418,0.022996971383690834,0.004697175696492195,0.08145125210285187,,,,
82,easiest,0.0061,sweep,shear,0.1,0.1,,0.3,174,75,0.014643609523773193,0.040407538414001465,0.06606054306030273,0.02998838946223259,0.1296011358499527,,,,
82,easiest,0.0061,sweep,shear,0.2,0.2,,0.3,174,75,0.024682581424713135,0.13797461986541748,0.13257011771202087,0.06859162449836731,0.20309413969516754,,,,
82,easiest,0.0061,sweep,shear,0.3,0.3,,0.3,174,75,0.08208304643630981,0.22660613059997559,0.285900354385376,0.16567179560661316,0.3165799677371979,,,,
82,easiest,0.0061,ensemble,shear,,0.1,0.1,0.3,174,75,,,,,,0.020504985004663467,0.041093938052654266,0.08184554427862167,0.02718883752822876
82,easiest,0.0061,ensemble,shear,,0.2,0.2,0.3,174,75,,,,,,0.023607270792126656,0.07486604154109955,0.1218649223446846,0.04942238703370094
82,easiest,0.0061,ensemble,shear,,0.3,0.3,0.3,174,75,,,,,,0.06267310678958893,0.14587269723415375,0.2613462507724762,0.15425829589366913
82,easiest,0.0061,sweep,rotation,0.0,0.0,,0.5,124,125,4.172325134277344e-06,2.4497509002685547e-05,5.923252956563374e-06,4.5551493599305104e-07,5.923252956563374e-06,,,,
82,easiest,0.0061,sweep,rotation,5.0,5.0,,0.5,124,125,0.06680047512054443,0.17643648386001587,0.2796621024608612,0.17389945685863495,0.31257402896881104,,,,
82,easiest,0.0061,sweep,rotation,10.0,10.0,,0.5,124,125,0.09079265594482422,0.19251108169555664,0.36342567205429077,0.2622997760772705,0.38018447160720825,,,,
82,easiest,0.0061,sweep,rotation,20.0,20.0,,0.5,124,125,0.07654345035552979,0.15202951431274414,0.44538959860801697,0.31848227977752686,0.5039978623390198,,,,
82,easiest,0.0061,sweep,rotation,30.0,30.0,,0.5,124,125,0.0999484658241272,0.6351704597473145,0.560103178024292,0.4584088921546936,0.6179884672164917,,,,
82,easiest,0.0061,sweep,rotation,45.0,45.0,,0.5,124,125,0.16836732625961304,0.6095119118690491,0.7146887183189392,0.46468713879585266,0.7741508483886719,,,,
82,easiest,0.0061,ensemble,rotation,,10.0,10.0,0.5,124,125,,,,,,0.06889274716377258,0.17267662286758423,0.31112563610076904,0.20256394147872925
82,easiest,0.0061,ensemble,rotation,,20.0,20.0,0.5,124,125,,,,,,0.07997521758079529,0.30109521746635437,0.4037953019142151,0.3020154535770416
82,easiest,0.0061,ensemble,rotation,,30.0,30.0,0.5,124,125,,,,,,0.1106877401471138,0.40240687131881714,0.500506579875946,0.3853152394294739
82,easiest,0.0061,sweep,translation,0.0,0.0,,0.5,124,125,4.172325134277344e-06,2.4497509002685547e-05,5.923252956563374e-06,4.5551493599305104e-07,5.923252956563374e-06,,,,
82,easiest,0.0061,sweep,translation,1.0,1.0,,0.5,124,125,0.07927197217941284,0.2803992033004761,0.27923107147216797,0.2538633942604065,0.26775604486465454,,,,
82,easiest,0.0061,sweep,translation,2.0,2.0,,0.5,124,125,0.06180250644683838,0.3118879795074463,0.29175928235054016,0.281364381313324,0.2559674084186554,,,,
82,easiest,0.0061,sweep,translation,4.0,4.0,,0.5,124,125,0.05797934532165527,0.37547826766967773,0.4106334149837494,0.43315547704696655,0.35397768020629883,,,,
82,easiest,0.0061,sweep,translation,6.0,6.0,,0.5,124,125,0.14544641971588135,0.4772533178329468,0.5243213772773743,0.49004465341567993,0.444894939661026,,,,
82,easiest,0.0061,sweep,translation,8.0,8.0,,0.5,124,125,0.1980597972869873,0.6712668538093567,0.6478517055511475,0.5712875127792358,0.6085984706878662,,,,
82,easiest,0.0061,ensemble,translation,,2.0,2.0,0.5,124,125,,,,,,0.09550739079713821,0.39195671677589417,0.3811379373073578,0.3196601867675781
82,easiest,0.0061,ensemble,translation,,4.0,4.0,0.5,124,125,,,,,,0.11996162682771683,0.44284093379974365,0.4701503813266754,0.4386792480945587
82,easiest,0.0061,ensemble,translation,,6.0,6.0,0.5,124,125,,,,,,0.12337365746498108,0.44963791966438293,0.5424903035163879,0.4864017367362976
82,easiest,0.0061,sweep,scaling,0.8,0.2231435513142097,,0.5,124,125,0.06400877237319946,0.196721613407135,0.39544084668159485,0.3304838538169861,0.37394917011260986,,,,
82,easiest,0.0061,sweep,scaling,0.9,0.10536051565782628,,0.5,124,125,0.06078445911407471,0.17052048444747925,0.25539731979370117,0.19255994260311127,0.2738488018512726,,,,
82,easiest,0.0061,sweep,scaling,1.0,0.0,,0.5,124,125,4.172325134277344e-06,2.4497509002685547e-05,5.923252956563374e-06,4.5551493599305104e-07,5.923252956563374e-06,,,,
82,easiest,0.0061,sweep,scaling,1.1,0.09531017980432493,,0.5,124,125,0.14959943294525146,0.6661381721496582,0.4077691435813904,0.2836822271347046,0.42143791913986206,,,,
82,easiest,0.0061,sweep,scaling,1.25,0.22314355131420976,,0.5,124,125,0.17241621017456055,0.6576296091079712,0.5884904265403748,0.48150619864463806,0.5615658760070801,,,,
82,easiest,0.0061,sweep,scaling,1.5,0.4054651081081644,,0.5,124,125,0.1508604884147644,0.6604585647583008,0.5503308176994324,0.47215375304222107,0.5553101301193237,,,,
82,easiest,0.0061,ensemble,scaling,,0.1,0.1,0.5,124,125,,,,,,0.07134761661291122,0.22858090698719025,0.22703059017658234,0.1449732780456543
82,easiest,0.0061,ensemble,scaling,,0.2,0.2,0.5,124,125,,,,,,0.10658756643533707,0.376988023519516,0.37303006649017334,0.27273309230804443
82,easiest,0.0061,ensemble,scaling,,0.3,0.3,0.5,124,125,,,,,,0.13463225960731506,0.45645299553871155,0.40983349084854126,0.3227907717227936
82,easiest,0.0061,sweep,flip,0.0,0.0,,0.5,124,125,9.775161743164062e-06,4.7266483306884766e-05,1.2139276805100963e-05,1.3881385712011252e-06,1.2139276805100963e-05,,,,
82,easiest,0.0061,sweep,flip,1.0,1.0,,0.5,124,125,0.08459651470184326,0.21818441152572632,0.5849035382270813,0.6225648522377014,0.3863567113876343,,,,
82,easiest,0.0061,sweep,shear,0.0,0.0,,0.5,124,125,3.2186508178710938e-06,1.5616416931152344e-05,4.020921551273204e-06,4.2207483375023003e-07,4.020921551273204e-06,,,,
82,easiest,0.0061,sweep,shear,0.05,0.05,,0.5,124,125,0.04054689407348633,0.05604910850524902,0.1599036604166031,0.07481719553470612,0.19408279657363892,,,,
82,easiest,0.0061,sweep,shear,0.1,0.1,,0.5,124,125,0.04790031909942627,0.0644194483757019,0.17392981052398682,0.10933887958526611,0.20908275246620178,,,,
82,easiest,0.0061,sweep,shear,0.2,0.2,,0.5,124,125,0.0639764666557312,0.20121538639068604,0.17722395062446594,0.13327434659004211,0.25716251134872437,,,,
82,easiest,0.0061,sweep,shear,0.3,0.3,,0.5,124,125,0.08339643478393555,0.15704280138015747,0.30643507838249207,0.2583717405796051,0.32765382528305054,,,,
82,easiest,0.0061,ensemble,shear,,0.1,0.1,0.5,124,125,,,,,,0.041826870292425156,0.10007604211568832,0.16460199654102325,0.09101732075214386
82,easiest,0.0061,ensemble,shear,,0.2,0.2,0.5,124,125,,,,,,0.05965171009302139,0.1402122527360916,0.22549957036972046,0.13868354260921478
82,easiest,0.0061,ensemble,shear,,0.3,0.3,0.5,124,125,,,,,,0.09209952503442764,0.25138792395591736,0.2806985378265381,0.19347713887691498
82,easiest,0.0061,sweep,rotation,0.0,0.0,,0.7,75,174,5.960464477539062e-07,2.4437904357910156e-06,2.1497003217518795e-06,6.972887689471463e-08,2.1497003217518795e-06,,,,
82,easiest,0.0061,sweep,rotation,5.0,5.0,,0.7,75,174,0.17090296745300293,0.4039015769958496,0.35194075107574463,0.24063237011432648,0.36898261308670044,,,,
82,easiest,0.0061,sweep,rotation,10.0,10.0,,0.7,75,174,0.14861953258514404,0.4217105507850647,0.4097083806991577,0.34074756503105164,0.3943536579608917,,,,
82,easiest,0.0061,sweep,rotation,20.0,20.0,,0.7,75,174,0.18294870853424072,0.49429482221603394,0.52668297290802,0.42711639404296875,0.4562177062034607,,,,
82,easiest,0.0061,sweep,rotation,30.0,30.0,,0.7,75,174,0.23737668991088867,0.4802405834197998,0.5660253763198853,0.5254815220832825,0.49645093083381653,,,,
82,easiest,0.0061,sweep,rotation,45.0,45.0,,0.7,75,174,0.21696174144744873,0.7112323045730591,0.6178717613220215,0.5611667633056641,0.5214893221855164,,,,
82,easiest,0.0061,ensemble,rotation,,10.0,10.0,0.7,75,174,,,,,,0.060698043555021286,0.14523935317993164,0.2090214043855667,0.18501600623130798
82,easiest,0.0061,ensemble,rotation,,20.0,20.0,0.7,75,174,,,,,,0.07729027420282364,0.20732612907886505,0.3052090108394623,0.28933513164520264
82,easiest,0.0061,ensemble,rotation,,30.0,30.0,0.7,75,174,,,,,,0.1137433797121048,0.2950858771800995,0.37395337224006653,0.37178194522857666
82,easiest,0.0061,sweep,translation,0.0,0.0,,0.7,75,174,5.960464477539062e-07,2.4437904357910156e-06,2.1497003217518795e-06,6.972887689471463e-08,2.1497003217518795e-06,,,,
82,easiest,0.0061,sweep,translation,1.0,1.0,,0.7,75,174,0.08810395002365112,0.3162118196487427,0.24092082679271698,0.2899589240550995,0.20663033425807953,,,,
82,easiest,0.0061,sweep,translation,2.0,2.0,,0.7,75,174,0.17341965436935425,0.4363756775856018,0.31834328174591064,0.34957557916641235,0.2469782829284668,,,,
82,easiest,0.0061,sweep,translation,4.0,4.0,,0.7,75,174,0.10709035396575928,0.37934553623199463,0.37750735878944397,0.4373433589935303,0.2646811008453369,,,,
82,easiest,0.0061,sweep,translation,6.0,6.0,,0.7,75,174,0.15199929475784302,0.4499165415763855,0.4728996157646179,0.4469156265258789,0.33737197518348694,,,,
82,easiest,0.0061,sweep,translation,8.0,8.0,,0.7,75,174,0.11064523458480835,0.42970913648605347,0.47285664081573486,0.47392693161964417,0.3095688819885254,,,,
82,easiest,0.0061,ensemble,translation,,2.0,2.0,0.7,75,174,,,,,,0.07347537577152252,0.18253204226493835,0.3237437307834625,0.3009416162967682
82,easiest,0.0061,ensemble,translation,,4.0,4.0,0.7,75,174,,,,,,0.09514042735099792,0.2585756778717041,0.4129810631275177,0.39199334383010864
82,easiest,0.0061,ensemble,translation,,6.0,6.0,0.7,75,174,,,,,,0.12992475926876068,0.28867900371551514,0.5287741422653198,0.4766651690006256
82,easiest,0.0061,sweep,scaling,0.8,0.2231435513142097,,0.7,75,174,0.10800087451934814,0.36899179220199585,0.41241204738616943,0.3330169916152954,0.3616357445716858,,,,
82,easiest,0.0061,sweep,scaling,0.9,0.10536051565782628,,0.7,75,174,0.1535409688949585,0.42028170824050903,0.4040166139602661,0.2733895778656006,0.3992786407470703,,,,
82,easiest,0.0061,sweep,scaling,1.0,0.0,,0.7,75,174,5.960464477539062e-07,2.4437904357910156e-06,2.1497003217518795e-06,6.972887689471463e-08,2.1497003217518795e-06,,,,
82,easiest,0.0061,sweep,scaling,1.1,0.09531017980432493,,0.7,75,174,0.17281252145767212,0.4802560806274414,0.4254673421382904,0.30476832389831543,0.4221436381340027,,,,
82,easiest,0.0061,sweep,scaling,1.25,0.22314355131420976,,0.7,75,174,0.1658182144165039,0.4955176115036011,0.4911497235298157,0.381565123796463,0.46340087056159973,,,,
82,easiest,0.0061,sweep,scaling,1.5,0.4054651081081644,,0.7,75,174,0.15768325328826904,0.47488152980804443,0.605550229549408,0.4769120216369629,0.5589022040367126,,,,
82,easiest,0.0061,ensemble,scaling,,0.1,0.1,0.7,75,174,,,,,,0.06918510049581528,0.14877794682979584,0.18453851342201233,0.12104935944080353
82,easiest,0.0061,ensemble,scaling,,0.2,0.2,0.7,75,174,,,,,,0.08079241216182709,0.19734647870063782,0.24313411116600037,0.1950606405735016
82,easiest,0.0061,ensemble,scaling,,0.3,0.3,0.7,75,174,,,,,,0.08337591588497162,0.22956174612045288,0.3002413213253021,0.2463718056678772
82,easiest,0.0061,sweep,flip,0.0,0.0,,0.7,75,174,6.556510925292969e-07,1.6689300537109375e-06,2.0247025531716645e-06,5.959566351521062e-08,2.0247025531716645e-06,,,,
82,easiest,0.0061,sweep,flip,1.0,1.0,,0.7,75,174,0.13158297538757324,0.35677075386047363,0.6001923680305481,0.6395083665847778,0.30746400356292725,,,,
82,easiest,0.0061,sweep,shear,0.0,0.0,,0.7,75,174,4.76837158203125e-07,1.7285346984863281e-06,1.8256079101774958e-06,4.419565158286787e-08,1.8256079101774958e-06,,,,
82,easiest,0.0061,sweep,shear,0.05,0.05,,0.7,75,174,0.14465487003326416,0.374764084815979,0.3144870400428772,0.16012760996818542,0.3086870610713959,,,,
82,easiest,0.0061,sweep,shear,0.1,0.1,,0.7,75,174,0.12447750568389893,0.4189624786376953,0.3090168833732605,0.2039966732263565,0.3070668876171112,,,,
82,easiest,0.0061,sweep,shear,0.2,0.2,,0.7,75,174,0.11592859029769897,0.45635634660720825,0.3087489902973175,0.2424228936433792,0.2811224162578583,,,,
82,easiest,0.0061,sweep,shear,0.3,0.3,,0.7,75,174,0.29360759258270264,0.5190937519073486,0.3478626012802124,0.26996341347694397,0.295066237449646,,,,
82,easiest,0.0061,ensemble,shear,,0.1,0.1,0.7,75,174,,,,,,0.0754990428686142,0.13619330525398254,0.17375631630420685,0.0974859967827797
82,easiest,0.0061,ensemble,shear,,0.2,0.2,0.7,75,174,,,,,,0.0988570973277092,0.1531958431005478,0.1856054663658142,0.14029519259929657
82,easiest,0.0061,ensemble,shear,,0.3,0.3,0.7,75,174,,,,,,0.10930156707763672,0.2102300375699997,0.23136106133460999,0.17188780009746552
88,easiest,0.0058,sweep,rotation,0.0,0.0,,0.3,174,75,2.980232238769531e-07,6.556510925292969e-07,8.179387691598095e-07,1.3919802199779951e-07,8.179387691598095e-07,,,,
88,easiest,0.0058,sweep,rotation,5.0,5.0,,0.3,174,75,0.003601372241973877,0.013412833213806152,0.03522469475865364,0.03372997045516968,0.14343877136707306,,,,
88,easiest,0.0058,sweep,rotation,10.0,10.0,,0.3,174,75,0.011156916618347168,0.020254194736480713,0.08891136944293976,0.10038455575704575,0.2909839153289795,,,,
88,easiest,0.0058,sweep,rotation,20.0,20.0,,0.3,174,75,0.01591891050338745,0.02517223358154297,0.1437874138355255,0.14073799550533295,0.45234137773513794,,,,
88,easiest,0.0058,sweep,rotation,30.0,30.0,,0.3,174,75,0.028474092483520508,0.08445340394973755,0.37916654348373413,0.553612232208252,0.6485410332679749,,,,
88,easiest,0.0058,sweep,rotation,45.0,45.0,,0.3,174,75,0.07588744163513184,0.07905185222625732,0.4089047312736511,0.6903282403945923,0.7147096395492554,,,,
88,easiest,0.0058,ensemble,rotation,,10.0,10.0,0.3,174,75,,,,,,0.027088947594165802,0.07887068390846252,0.2810762822628021,0.3704921305179596
88,easiest,0.0058,ensemble,rotation,,20.0,20.0,0.3,174,75,,,,,,0.028575558215379715,0.08432374894618988,0.33971816301345825,0.47787100076675415
88,easiest,0.0058,ensemble,rotation,,30.0,30.0,0.3,174,75,,,,,,0.037075649946928024,0.1326460987329483,0.46375855803489685,0.7213805317878723
88,easiest,0.0058,sweep,translation,0.0,0.0,,0.3,174,75,2.980232238769531e-07,6.556510925292969e-07,8.179387691598095e-07,1.3919802199779951e-07,8.179387691598095e-07,,,,
88,easiest,0.0058,sweep,translation,1.0,1.0,,0.3,174,75,0.025376200675964355,0.09056746959686279,0.46025508642196655,0.7638602256774902,0.5053902268409729,,,,
88,easiest,0.0058,sweep,translation,2.0,2.0,,0.3,174,75,0.03657597303390503,0.09651142358779907,0.4756142199039459,0.7597107887268066,0.5812262892723083,,,,
88,easiest,0.0058,sweep,translation,4.0,4.0,,0.3,174,75,0.06316936016082764,0.22319769859313965,0.5953599214553833,1.036216378211975,0.6717510223388672,,,,
88,easiest,0.0058,sweep,translation,6.0,6.0,,0.3,174,75,0.15085601806640625,0.2070332169532776,0.6220676302909851,1.1041362285614014,0.7366084456443787,,,,
88,easiest,0.0058,sweep,translation,8.0,8.0,,0.3,174,75,0.07619285583496094,0.2866368889808655,0.6218786835670471,0.9891804456710815,0.7619027495384216,,,,
88,easiest,0.0058,ensemble,translation,,2.0,2.0,0.3,174,75,,,,,,0.022390035912394524,0.0667191669344902,0.29748648405075073,0.38869911432266235
88,easiest,0.0058,ensemble,translation,,4.0,4.0,0.3,174,75,,,,,,0.0383622944355011,0.13189832866191864,0.4056728482246399,0.6272444128990173
88,easiest,0.0058,ensemble,translation,,6.0,6.0,0.3,174,75,,,,,,0.06913615763187408,0.1423526555299759,0.44543853402137756,0.6889229416847229
88,easiest,0.0058,sweep,scaling,0.8,0.2231435513142097,,0.3,174,75,0.006793379783630371,0.032765865325927734,0.09552650898694992,0.10053662210702896,0.3606646656990051,,,,
88,easiest,0.0058,sweep,scaling,0.9,0.10536051565782628,,0.3,174,75,0.005741298198699951,0.014917969703674316,0.030416186898946762,0.030871618539094925,0.17864780128002167,,,,
88,easiest,0.0058,sweep,scaling,1.0,0.0,,0.3,174,75,2.980232238769531e-07,6.556510925292969e-07,8.179387691598095e-07,1.3919802199779951e-07,8.179387691598095e-07,,,,
88,easiest,0.0058,sweep,scaling,1.1,0.09531017980432493,,0.3,174,75,0.04337108135223389,0.14139235019683838,0.5112079381942749,0.7307449579238892,0.5290088653564453,,,,
88,easiest,0.0058,sweep,scaling,1.25,0.22314355131420976,,0.3,174,75,0.033097147941589355,0.1391758918762207,0.551821768283844,0.8349577188491821,0.6019114851951599,,,,
88,easiest,0.0058,sweep,scaling,1.5,0.4054651081081644,,0.3,174,75,0.04051178693771362,0.1548140048980713,0.6040215492248535,0.9518072605133057,0.6882709860801697,,,,
88,easiest,0.0058,ensemble,scaling,,0.1,0.1,0.3,174,75,,,,,,0.0128357307985425,0.0359044186770916,0.14119349420070648,0.18916426599025726
88,easiest,0.0058,ensemble,scaling,,0.2,0.2,0.3,174,75,,,,,,0.030071638524532318,0.0816207081079483,0.3086409270763397,0.4196847975254059
88,easiest,0.0058,ensemble,scaling,,0.3,0.3,0.3,174,75,,,,,,0.054271943867206573,0.1423047035932541,0.41768476366996765,0.6297509670257568
88,easiest,0.0058,sweep,flip,0.0,0.0,,0.3,174,75,4.172325134277344e-07,1.1324882507324219e-06,1.764400849424419e-06,4.7052029117367056e-07,1.764400849424419e-06,,,,
88,easiest,0.0058,sweep,flip,1.0,1.0,,0.3,174,75,0.019671618938446045,0.029362857341766357,0.09245165437459946,0.0981425866484642,0.651456892490387,,,,
88,easiest,0.0058,sweep,shear,0.0,0.0,,0.3,174,75,4.76837158203125e-07,7.748603820800781e-07,7.852527801333054e-07,9.181972870919708e-08,7.852527801333054e-07,,,,
88,easiest,0.0058,sweep,shear,0.05,0.05,,0.3,174,75,0.0017250776290893555,0.006926417350769043,0.02703010104596615,0.020942533388733864,0.07225701957941055,,,,
88,easiest,0.0058,sweep,shear,0.1,0.1,,0.3,174,75,0.0034859776496887207,0.01147305965423584,0.041309334337711334,0.0317927747964859,0.14370058476924896,,,,
88,easiest,0.0058,sweep,shear,0.2,0.2,,0.3,174,75,0.02950155735015869,0.09193795919418335,0.4549267888069153,0.7312777042388916,0.46618545055389404,,,,
88,easiest,0.0058,sweep,shear,0.3,0.3,,0.3,174,75,0.023551583290100098,0.08140408992767334,0.48810067772865295,0.7113416790962219,0.5249907970428467,,,,
88,easiest,0.0058,ensemble,shear,,0.1,0.1,0.3,174,75,,,,,,0.001767988782376051,0.004982752725481987,0.02124532125890255,0.014496548101305962
88,easiest,0.0058,ensemble,shear,,0.2,0.2,0.3,174,75,,,,,,0.009651346132159233,0.029611309990286827,0.1386779248714447,0.2004590630531311
88,easiest,0.0058,ensemble,shear,,0.3,0.3,0.3,174,75,,,,,,0.01591379940509796,0.032117415219545364,0.1773863583803177,0.22820712625980377
88,easiest,0.0058,sweep,rotation,0.0,0.0,,0.5,124,125,2.384185791015625e-07,5.960464477539062e-07,6.734551334375283e-07,5.257378177248029e-08,6.734551334375283e-07,,,,
88,easiest,0.0058,sweep,rotation,5.0,5.0,,0.5,124,125,0.013712465763092041,0.033784449100494385,0.16400426626205444,0.20698250830173492,0.16963283717632294,,,,
88,easiest,0.0058,sweep,rotation,10.0,10.0,,0.5,124,125,0.027955174446105957,0.08249974250793457,0.3251682221889496,0.418465793132782,0.28838875889778137,,,,
88,easiest,0.0058,sweep,rotation,20.0,20.0,,0.5,124,125,0.05252194404602051,0.1278718113899231,0.41748201847076416,0.608261227607727,0.3112173080444336,,,,
88,easiest,0.0058,sweep,rotation,30.0,30.0,,0.5,124,125,0.04603445529937744,0.13226497173309326,0.44517597556114197,0.6623237729072571,0.3299351632595062,,,,
88,easiest,0.0058,sweep,rotation,45.0,45.0,,0.5,124,125,0.055471599102020264,0.16530442237854004,0.5699251890182495,0.8319767713546753,0.46429362893104553,,,,
88,easiest,0.0058,ensemble,rotation,,10.0,10.0,0.5,124,125,,,,,,0.01893577352166176,0.043838340789079666,0.171544149518013,0.21538060903549194
88,easiest,0.0058,ensemble,rotation,,20.0,20.0,0.5,124,125,,,,,,0.03671341761946678,0.0875551849603653,0.3112487494945526,0.41476330161094666
88,easiest,0.0058,ensemble,rotation,,30.0,30.0,0.5,124,125,,,,,,0.041819822043180466,0.09728661179542542,0.38023969531059265,0.5250223875045776
88,easiest,0.0058,sweep,translation,0.0,0.0,,0.5,124,125,2.384185791015625e-07,5.960464477539062e-07,6.734551334375283e-07,5.257378177248029e-08,6.734551334375283e-07,,,,
88,easiest,0.0058,sweep,translation,1.0,1.0,,0.5,124,125,0.02037113904953003,0.03727388381958008,0.14381738007068634,0.25217145681381226,0.15091320872306824,,,,
88,easiest,0.0058,sweep,translation,2.0,2.0,,0.5,124,125,0.02587062120437622,0.0609971284866333,0.28188133239746094,0.4545728862285614,0.1973232626914978,,,,
88,easiest,0.0058,sweep,translation,4.0,4.0,,0.5,124,125,0.038704752922058105,0.09213757514953613,0.43069201707839966,0.6633056402206421,0.28130799531936646,,,,
88,easiest,0.0058,sweep,translation,6.0,6.0,,0.5,124,125,0.03704589605331421,0.08315509557723999,0.5544034242630005,0.7904984354972839,0.335347056388855,,,,
88,easiest,0.0058,sweep,translation,8.0,8.0,,0.5,124,125,0.12625360488891602,0.2515963315963745,0.5374441742897034,0.8577394485473633,0.5010344386100769,,,,
88,easiest,0.0058,ensemble,translation,,2.0,2.0,0.5,124,125,,,,,,0.026052111759781837,0.08529148995876312,0.3405953347682953,0.5149620771408081
88,easiest,0.0058,ensemble,translation,,4.0,4.0,0.5,124,125,,,,,,0.030869249254465103,0.10451271384954453,0.45178595185279846,0.6509540677070618
88,easiest,0.0058,ensemble,translation,,6.0,6.0,0.5,124,125,,,,,,0.0475909598171711,0.21195746958255768,0.5329853296279907,0.7505077719688416
88,easiest,0.0058,sweep,scaling,0.8,0.2231435513142097,,0.5,124,125,0.04278081655502319,0.10609793663024902,0.36337125301361084,0.4490562081336975,0.31402379274368286,,,,
88,easiest,0.0058,sweep,scaling,0.9,0.10536051565782628,,0.5,124,125,0.023490071296691895,0.05261904001235962,0.24656891822814941,0.3250395953655243,0.20927220582962036,,,,
88,easiest,0.0058,sweep,scaling,1.0,0.0,,0.5,124,125,2.384185791015625e-07,5.960464477539062e-07,6.734551334375283e-07,5.257378177248029e-08,6.734551334375283e-07,,,,
88,easiest,0.0058,sweep,scaling,1.1,0.09531017980432493,,0.5,124,125,0.021991074085235596,0.05263245105743408,0.2506667971611023,0.3753087520599365,0.20493003726005554,,,,
88,easiest,0.0058,sweep,scaling,1.25,0.22314355131420976,,0.5,124,125,0.033822059631347656,0.0823470950126648,0.4205481708049774,0.687768816947937,0.29652243852615356,,,,
88,easiest,0.0058,sweep,scaling,1.5,0.4054651081081644,,0.5,124,125,0.07200193405151367,0.27228301763534546,0.6122642159461975,0.877171516418457,0.5256538987159729,,,,
88,easiest,0.0058,ensemble,scaling,,0.1,0.1,0.5,124,125,,,,,,0.01699678599834442,0.044434625655412674,0.19736617803573608,0.2558746039867401
88,easiest,0.0058,ensemble,scaling,,0.2,0.2,0.5,124,125,,,,,,0.02344301901757717,0.06599901616573334,0.2902630567550659,0.37499696016311646
88,easiest,0.0058,ensemble,scaling,,0.3,0.3,0.5,124,125,,,,,,0.03136405348777771,0.09524993598461151,0.3626728951931,0.4686892032623291
88,easiest,0.0058,sweep,flip,0.0,0.0,,0.5,124,125,2.384185791015625e-07,5.960464477539062e-07,8.436621214968909e-07,7.567470561298251e-08,8.436621214968909e-07,,,,
88,easiest,0.0058,sweep,flip,1.0,1.0,,0.5,124,125,0.026079893112182617,0.0866619348526001,0.40999260544776917,0.7165351510047913,0.330123633146286,,,,
88,easiest,0.0058,sweep,shear,0.0,0.0,,0.5,124,125,2.384185791015625e-07,8.344650268554688e-07,9.88742840490886e-07,7.886802677603555e-08,9.88742840490886e-07,,,,
88,easiest,0.0058,sweep,shear,0.05,0.05,,0.5,124,125,0.009243190288543701,0.024479448795318604,0.09015411138534546,0.10107704252004623,0.10134149342775345,,,,
88,easiest,0.0058,sweep,shear,0.1,0.1,,0.5,124,125,0.01593703031539917,0.04497218132019043,0.12856967747211456,0.18361707031726837,0.13403557240962982,,,,
88,easiest,0.0058,sweep,shear,0.2,0.2,,0.5,124,125,0.09081453084945679,0.08395624160766602,0.2584325671195984,0.3662601113319397,0.2477993369102478,,,,
88,easiest,0.0058,sweep,shear,0.3,0.3,,0.5,124,125,0.033257246017456055,0.09653687477111816,0.31619131565093994,0.4291187524795532,0.25102460384368896,,,,
88,easiest,0.0058,ensemble,shear,,0.1,0.1,0.5,124,125,,,,,,0.009853361174464226,0.023818694055080414,0.0768662616610527,0.0887240543961525
88,easiest,0.0058,ensemble,shear,,0.2,0.2,0.5,124,125,,,,,,0.037344299256801605,0.056232914328575134,0.1757381707429886,0.22700464725494385
88,easiest,0.0058,ensemble,shear,,0.3,0.3,0.5,124,125,,,,,,0.027560487389564514,0.0778246521949768,0.23426945507526398,0.30223336815834045
88,easiest,0.0058,sweep,rotation,0.0,0.0,,0.7,75,174,1.1920928955078125e-07,6.556510925292969e-07,6.494281024060911e-07,6.004349017985078e-08,6.494281024060911e-07,,,,
88,easiest,0.0058,sweep,rotation,5.0,5.0,,0.7,75,174,0.011054635047912598,0.04759562015533447,0.18130111694335938,0.25202876329421997,0.161967471241951,,,,
88,easiest,0.0058,sweep,rotation,10.0,10.0,,0.7,75,174,0.017787039279937744,0.055155038833618164,0.2794274389743805,0.37122678756713867,0.20716312527656555,,,,
88,easiest,0.0058,sweep,rotation,20.0,20.0,,0.7,75,174,0.03287482261657715,0.06809741258621216,0.4136445224285126,0.5836068987846375,0.23077258467674255,,,,
88,easiest,0.0058,sweep,rotation,30.0,30.0,,0.7,75,174,0.04447120428085327,0.08833986520767212,0.4717165231704712,0.6470345258712769,0.28720220923423767,,,,
88,easiest,0.0058,sweep,rotation,45.0,45.0,,0.7,75,174,0.04269665479660034,0.10962337255477905,0.5261996388435364,0.7441359162330627,0.3505854904651642,,,,
88,easiest,0.0058,ensemble,rotation,,10.0,10.0,0.7,75,174,,,,,,0.012996495701372623,0.04149015620350838,0.18152140080928802,0.24740073084831238
88,easiest,0.0058,ensemble,rotation,,20.0,20.0,0.7,75,174,,,,,,0.022045336663722992,0.05972883105278015,0.2958466112613678,0.40435975790023804
88,easiest,0.0058,ensemble,rotation,,30.0,30.0,0.7,75,174,,,,,,0.0254741869866848,0.06514248251914978,0.36495181918144226,0.4972859025001526
88,easiest,0.0058,sweep,translation,0.0,0.0,,0.7,75,174,1.1920928955078125e-07,6.556510925292969e-07,6.494281024060911e-07,6.004349017985078e-08,6.494281024060911e-07,,,,
88,easiest,0.0058,sweep,translation,1.0,1.0,,0.7,75,174,0.014511823654174805,0.10155469179153442,0.22484326362609863,0.4197121262550354,0.16765163838863373,,,,
88,easiest,0.0058,sweep,translation,2.0,2.0,,0.7,75,174,0.01914513111114502,0.07413917779922485,0.32187044620513916,0.5619498491287231,0.15849651396274567,,,,
88,easiest,0.0058,sweep,translation,4.0,4.0,,0.7,75,174,0.020991206169128418,0.06750333309173584,0.49765321612358093,0.7675590515136719,0.21409717202186584,,,,
88,easiest,0.0058,sweep,translation,6.0,6.0,,0.7,75,174,0.02657395601272583,0.05627918243408203,0.5719069838523865,0.8907413482666016,0.2274942696094513,,,,
88,easiest,0.0058,sweep,translation,8.0,8.0,,0.7,75,174,0.06659406423568726,0.07473695278167725,0.5714711546897888,0.9716322422027588,0.21417051553726196,,,,
88,easiest,0.0058,ensemble,translation,,2.0,2.0,0.7,75,174,,,,,,0.017385046929121017,0.057258449494838715,0.33442947268486023,0.520683228969574
88,easiest,0.0058,ensemble,translation,,4.0,4.0,0.7,75,174,,,,,,0.03260413929820061,0.07567596435546875,0.4790123403072357,0.6796141266822815
88,easiest,0.0058,ensemble,translation,,6.0,6.0,0.7,75,174,,,,,,0.04717555269598961,0.10479624569416046,0.5595986247062683,0.7868614792823792
88,easiest,0.0058,sweep,scaling,0.8,0.2231435513142097,,0.7,75,174,0.030293166637420654,0.10073477029800415,0.3720306158065796,0.4611683189868927,0.28625187277793884,,,,
88,easiest,0.0058,sweep,scaling,0.9,0.10536051565782628,,0.7,75,174,0.032690465450286865,0.06674623489379883,0.24530279636383057,0.34825414419174194,0.20819510519504547,,,,
88,easiest,0.0058,sweep,scaling,1.0,0.0,,0.7,75,174,1.1920928955078125e-07,6.556510925292969e-07,6.494281024060911e-07,6.004349017985078e-08,6.494281024060911e-07,,,,
88,easiest,0.0058,sweep,scaling,1.1,0.09531017980432493,,0.7,75,174,0.017817974090576172,0.059124112129211426,0.23322489857673645,0.34678179025650024,0.17064042389392853,,,,
88,easiest,0.0058,sweep,scaling,1.25,0.22314355131420976,,0.7,75,174,0.024092912673950195,0.07216274738311768,0.4179667830467224,0.5547674298286438,0.20979775488376617,,,,
88,easiest,0.0058,sweep,scaling,1.5,0.4054651081081644,,0.7,75,174,0.05963164567947388,0.17367327213287354,0.6293001770973206,0.8632841110229492,0.3472971022129059,,,,
88,easiest,0.0058,ensemble,scaling,,0.1,0.1,0.7,75,174,,,,,,0.01279293280094862,0.04278240352869034,0.16045598685741425,0.20591621100902557
88,easiest,0.0058,ensemble,scaling,,0.2,0.2,0.7,75,174,,,,,,0.01744692586362362,0.06088711693882942,0.26880061626434326,0.3391426205635071
88,easiest,0.0058,ensemble,scaling,,0.3,0.3,0.7,75,174,,,,,,0.0240742489695549,0.07566416263580322,0.3602975904941559,0.43512630462646484
88,easiest,0.0058,sweep,flip,0.0,0.0,,0.7,75,174,0.0,4.76837158203125e-07,6.528288167828578e-07,4.062987102315674e-08,6.528288167828578e-07,,,,
88,easiest,0.0058,sweep,flip,1.0,1.0,,0.7,75,174,0.029579520225524902,0.12155425548553467,0.471425861120224,0.7355315089225769,0.24153342843055725,,,,
88,easiest,0.0058,sweep,shear,0.0,0.0,,0.7,75,174,5.960464477539062e-07,7.152557373046875e-07,6.4698315327405e-07,3.917829971555875e-08,6.4698315327405e-07,,,,
88,easiest,0.0058,sweep,shear,0.05,0.05,,0.7,75,174,0.009195804595947266,0.03257477283477783,0.09988066554069519,0.0894344225525856,0.10999022424221039,,,,
88,easiest,0.0058,sweep,shear,0.1,0.1,,0.7,75,174,0.014606475830078125,0.06271255016326904,0.1600147783756256,0.21378470957279205,0.15562109649181366,,,,
88,easiest,0.0058,sweep,shear,0.2,0.2,,0.7,75,174,0.014480352401733398,0.06157708168029785,0.23179693520069122,0.34322333335876465,0.18680816888809204,,,,
88,easiest,0.0058,sweep,shear,0.3,0.3,,0.7,75,174,0.018913626670837402,0.0655602216720581,0.28533869981765747,0.455196738243103,0.20472125709056854,,,,
88,easiest,0.0058,ensemble,shear,,0.1,0.1,0.7,75,174,,,,,,0.0107200238853693,0.03219328820705414,0.08863797783851624,0.11715050786733627
88,easiest,0.0058,ensemble,shear,,0.2,0.2,0.7,75,174,,,,,,0.014987562783062458,0.04624663293361664,0.17061613500118256,0.23359006643295288
88,easiest,0.0058,ensemble,shear,,0.3,0.3,0.7,75,174,,,,,,0.01764163374900818,0.0578775629401207,0.22853626310825348,0.3254227638244629
24,easiest,0.0052,sweep,rotation,0.0,0.0,,0.3,174,75,5.960464477539062e-07,2.980232238769531e-07,1.5522203966611414e-06,1.8081618691212498e-07,1.5522203966611414e-06,,,,
24,easiest,0.0052,sweep,rotation,5.0,5.0,,0.3,174,75,0.023371756076812744,0.02725428342819214,0.15614482760429382,0.20360255241394043,0.21402376890182495,,,,
24,easiest,0.0052,sweep,rotation,10.0,10.0,,0.3,174,75,0.02176213264465332,0.02053201198577881,0.14689591526985168,0.1937485635280609,0.2590605914592743,,,,
24,easiest,0.0052,sweep,rotation,20.0,20.0,,0.3,174,75,0.018297970294952393,0.019382774829864502,0.13621194660663605,0.16995273530483246,0.3692135214805603,,,,
24,easiest,0.0052,sweep,rotation,30.0,30.0,,0.3,174,75,0.023503601551055908,0.03289353847503662,0.2199658751487732,0.317688912153244,0.4668065309524536,,,,
24,easiest,0.0052,sweep,rotation,45.0,45.0,,0.3,174,75,0.010603904724121094,0.017297983169555664,0.14761513471603394,0.17155899107456207,0.527140200138092,,,,
24,easiest,0.0052,ensemble,rotation,,10.0,10.0,0.3,174,75,,,,,,0.023981235921382904,0.02802927792072296,0.2128800004720688,0.2792257070541382
24,easiest,0.0052,ensemble,rotation,,20.0,20.0,0.3,174,75,,,,,,0.021871237084269524,0.03881525248289108,0.2665766179561615,0.37493714690208435
24,easiest,0.0052,ensemble,rotation,,30.0,30.0,0.3,174,75,,,,,,0.024316411465406418,0.043222252279520035,0.2750663459300995,0.39486104249954224
24,easiest,0.0052,sweep,translation,0.0,0.0,,0.3,174,75,5.960464477539062e-07,2.980232238769531e-07,1.5522203966611414e-06,1.8081618691212498e-07,1.5522203966611414e-06,,,,
24,easiest,0.0052,sweep,translation,1.0,1.0,,0.3,174,75,0.026606440544128418,0.034081101417541504,0.34941843152046204,0.4696183204650879,0.37175923585891724,,,,
24,easiest,0.0052,sweep,translation,2.0,2.0,,0.3,174,75,0.024918437004089355,0.05080538988113403,0.3579462468624115,0.5120283961296082,0.44471099972724915,,,,
24,easiest,0.0052,sweep,translation,4.0,4.0,,0.3,174,75,0.02547621726989746,0.048281073570251465,0.32506099343299866,0.42276498675346375,0.48931384086608887,,,,
24,easiest,0.0052,sweep,translation,6.0,6.0,,0.3,174,75,0.1753634214401245,0.27293646335601807,0.7933964729309082,1.0861740112304688,0.778187096118927,,,,
24,easiest,0.0052,sweep,translation,8.0,8.0,,0.3,174,75,0.1082872748374939,0.23649102449417114,0.7798222303390503,0.8390593528747559,0.7566291689872742,,,,
24,easiest,0.0052,ensemble,translation,,2.0,2.0,0.3,174,75,,,,,,0.021289002150297165,0.028315531089901924,0.23611989617347717,0.3221285939216614
24,easiest,0.0052,ensemble,translation,,4.0,4.0,0.3,174,75,,,,,,0.01706732250750065,0.03099829889833927,0.2195005565881729,0.30990639328956604
24,easiest,0.0052,ensemble,translation,,6.0,6.0,0.3,174,75,,,,,,0.034183043986558914,0.05232587084174156,0.2678907513618469,0.38161006569862366
24,easiest,0.0052,sweep,scaling,0.8,0.2231435513142097,,0.3,174,75,0.021509826183319092,0.039669036865234375,0.3310054540634155,0.4687676429748535,0.3362318277359009,,,,
24,easiest,0.0052,sweep,scaling,0.9,0.10536051565782628,,0.3,174,75,0.020837366580963135,0.03785663843154907,0.16460230946540833,0.17575812339782715,0.21610751748085022,,,,
24,easiest,0.0052,sweep,scaling,1.0,0.0,,0.3,174,75,5.960464477539062e-07,2.980232238769531e-07,1.5522203966611414e-06,1.8081618691212498e-07,1.5522203966611414e-06,,,,
24,easiest,0.0052,sweep,scaling,1.1,0.09531017980432493,,0.3,174,75,0.01653420925140381,0.030560612678527832,0.3843609392642975,0.5610885620117188,0.4830981194972992,,,,
24,easiest,0.0052,sweep,scaling,1.25,0.22314355131420976,,0.3,174,75,0.02928704023361206,0.06803876161575317,0.28662875294685364,0.31656259298324585,0.5093638300895691,,,,
24,easiest,0.0052,sweep,scaling,1.5,0.4054651081081644,,0.3,174,75,0.05576962232589722,0.12251931428909302,0.6195981502532959,0.8401244878768921,0.6920713782310486,,,,
24,easiest,0.0052,ensemble,scaling,,0.1,0.1,0.3,174,75,,,,,,0.017612947151064873,0.03370647132396698,0.2490917593240738,0.3358110189437866
24,easiest,0.0052,ensemble,scaling,,0.2,0.2,0.3,174,75,,,,,,0.02341601438820362,0.05164020135998726,0.30650946497917175,0.4086287319660187
24,easiest,0.0052,ensemble,scaling,,0.3,0.3,0.3,174,75,,,,,,0.023899076506495476,0.059291012585163116,0.32952451705932617,0.43775227665901184
24,easiest,0.0052,sweep,flip,0.0,0.0,,0.3,174,75,5.960464477539062e-07,4.76837158203125e-07,2.1342680156521965e-06,4.18232787069428e-07,2.1342680156521965e-06,,,,
24,easiest,0.0052,sweep,flip,1.0,1.0,,0.3,174,75,0.04352116584777832,0.04048353433609009,0.30691638588905334,0.4485645592212677,0.44248446822166443,,,,
24,easiest,0.0052,sweep,shear,0.0,0.0,,0.3,174,75,3.337860107421875e-06,4.172325134277344e-07,3.158065737807192e-06,7.205796919151908e-07,3.158065737807192e-06,,,,
24,easiest,0.0052,sweep,shear,0.05,0.05,,0.3,174,75,0.01699244976043701,0.020128965377807617,0.1637667715549469,0.19410935044288635,0.18168774247169495,,,,
24,easiest,0.0052,sweep,shear,0.1,0.1,,0.3,174,75,0.040145277976989746,0.04445338249206543,0.2347468137741089,0.29150864481925964,0.2629525661468506,,,,
24,easiest,0.0052,sweep,shear,0.2,0.2,,0.3,174,75,0.02415156364440918,0.06063443422317505,0.27481770515441895,0.3643319308757782,0.34215784072875977,,,,
24,easiest,0.0052,sweep,shear,0.3,0.3,,0.3,174,75,0.017843961715698242,0.04807925224304199,0.32606732845306396,0.44058454036712646,0.4195377826690674,,,,
24,easiest,0.0052,ensemble,shear,,0.1,0.1,0.3,174,75,,,,,,0.010458702221512794,0.013033020310103893,0.0871792733669281,0.09057685732841492
24,easiest,0.0052,ensemble,shear,,0.2,0.2,0.3,174,75,,,,,,0.018203670158982277,0.02679685689508915,0.1576087474822998,0.19120541214942932
24,easiest,0.0052,ensemble,shear,,0.3,0.3,0.3,174,75,,,,,,0.02639269083738327,0.03396313637495041,0.20334671437740326,0.2567084729671478
24,easiest,0.0052,sweep,rotation,0.0,0.0,,0.5,124,125,4.172325134277344e-07,4.76837158203125e-07,1.0659819054126274e-06,7.800833401461205e-08,1.0659819054126274e-06,,,,
24,easiest,0.0052,sweep,rotation,5.0,5.0,,0.5,124,125,0.007777690887451172,0.02213311195373535,0.11058623343706131,0.1300678253173828,0.1249224841594696,,,,
24,easiest,0.0052,sweep,rotation,10.0,10.0,,0.5,124,125,0.020686686038970947,0.039039790630340576,0.18376192450523376,0.26578599214553833,0.18609535694122314,,,,
24,easiest,0.0052,sweep,rotation,20.0,20.0,,0.5,124,125,0.035125136375427246,0.060689449310302734,0.25904345512390137,0.4166063070297241,0.21944622695446014,,,,
24,easiest,0.0052,sweep,rotation,30.0,30.0,,0.5,124,125,0.04276072978973389,0.11712503433227539,0.35748428106307983,0.5345315337181091,0.2543143332004547,,,,
24,easiest,0.0052,sweep,rotation,45.0,45.0,,0.5,124,125,0.025749683380126953,0.1055724024772644,0.4575519859790802,0.607467770576477,0.4705662131309509,,,,
24,easiest,0.0052,ensemble,rotation,,10.0,10.0,0.5,124,125,,,,,,0.013267572969198227,0.028491677716374397,0.12793505191802979,0.18162623047828674
24,easiest,0.0052,ensemble,rotation,,20.0,20.0,0.5,124,125,,,,,,0.018637826666235924,0.04313508793711662,0.21096040308475494,0.316031277179718
24,easiest,0.0052,ensemble,rotation,,30.0,30.0,0.5,124,125,,,,,,0.023199910297989845,0.06250770390033722,0.28757041692733765,0.43303564190864563
24,easiest,0.0052,sweep,translation,0.0,0.0,,0.5,124,125,4.172325134277344e-07,4.76837158203125e-07,1.0659819054126274e-06,7.800833401461205e-08,1.0659819054126274e-06,,,,
24,easiest,0.0052,sweep,translation,1.0,1.0,,0.5,124,125,0.015419840812683105,0.03318512439727783,0.18190930783748627,0.31574562191963196,0.13653357326984406,,,,
24,easiest,0.0052,sweep,translation,2.0,2.0,,0.5,124,125,0.03042536973953247,0.04146987199783325,0.3460589349269867,0.4861214756965637,0.16905727982521057,,,,
24,easiest,0.0052,sweep,translation,4.0,4.0,,0.5,124,125,0.022945523262023926,0.03788626194000244,0.4702352285385132,0.6414360404014587,0.16149553656578064,,,,
24,easiest,0.0052,sweep,translation,6.0,6.0,,0.5,124,125,0.018131136894226074,0.06953752040863037,0.5703869462013245,0.7373034358024597,0.21688008308410645,,,,
24,easiest,0.0052,sweep,translation,8.0,8.0,,0.5,124,125,0.044439077377319336,0.07984739542007446,0.613094687461853,0.8968108296394348,0.2257755696773529,,,,
24,easiest,0.0052,ensemble,translation,,2.0,2.0,0.5,124,125,,,,,,0.023508435115218163,0.044338636100292206,0.2880159318447113,0.4399397373199463
24,easiest,0.0052,ensemble,translation,,4.0,4.0,0.5,124,125,,,,,,0.03284797817468643,0.0636463314294815,0.43805021047592163,0.6138178110122681
24,easiest,0.0052,ensemble,translation,,6.0,6.0,0.5,124,125,,,,,,0.04109194502234459,0.06781716644763947,0.5207297801971436,0.7526364922523499
24,easiest,0.0052,sweep,scaling,0.8,0.2231435513142097,,0.5,124,125,0.04010242223739624,0.05662304162979126,0.35466814041137695,0.546375036239624,0.2794121503829956,,,,
24,easiest,0.0052,sweep,scaling,0.9,0.10536051565782628,,0.5,124,125,0.03032243251800537,0.037251949310302734,0.20948335528373718,0.310802698135376,0.17797867953777313,,,,
24,easiest,0.0052,sweep,scaling,1.0,0.0,,0.5,124,125,4.172325134277344e-07,4.76837158203125e-07,1.0659819054126274e-06,7.800833401461205e-08,1.0659819054126274e-06,,,,
24,easiest,0.0052,sweep,scaling,1.1,0.09531017980432493,,0.5,124,125,0.018287479877471924,0.045643508434295654,0.1528637409210205,0.2488187700510025,0.1754334568977356,,,,
24,easiest,0.0052,sweep,scaling,1.25,0.22314355131420976,,0.5,124,125,0.05911374092102051,0.05254024267196655,0.4044898748397827,0.648627519607544,0.2571943700313568,,,,
24,easiest,0.0052,sweep,scaling,1.5,0.4054651081081644,,0.5,124,125,0.06477534770965576,0.184648334980011,0.5182706713676453,0.8288230895996094,0.5503882169723511,,,,
24,easiest,0.0052,ensemble,scaling,,0.1,0.1,0.5,124,125,,,,,,0.01669475808739662,0.029750913381576538,0.14391249418258667,0.2002870738506317
24,easiest,0.0052,ensemble,scaling,,0.2,0.2,0.5,124,125,,,,,,0.032055165618658066,0.04789339751005173,0.2565274238586426,0.384149968624115
24,easiest,0.0052,ensemble,scaling,,0.3,0.3,0.5,124,125,,,,,,0.04031511768698692,0.0636502355337143,0.3342227637767792,0.5083171129226685
24,easiest,0.0052,sweep,flip,0.0,0.0,,0.5,124,125,2.384185791015625e-07,4.172325134277344e-07,1.0570657877906342e-06,4.107446116563551e-08,1.0570657877906342e-06,,,,
24,easiest,0.0052,sweep,flip,1.0,1.0,,0.5,124,125,0.018315792083740234,0.07162725925445557,0.5029538869857788,0.7405033111572266,0.21694114804267883,,,,
24,easiest,0.0052,sweep,shear,0.0,0.0,,0.5,124,125,5.960464477539062e-07,4.76837158203125e-07,9.839612857831526e-07,5.737715014220157e-08,9.839612857831526e-07,,,,
24,easiest,0.0052,sweep,shear,0.05,0.05,,0.5,124,125,0.00719904899597168,0.027306079864501953,0.09594094753265381,0.11998028308153152,0.10600567609071732,,,,
24,easiest,0.0052,sweep,shear,0.1,0.1,,0.5,124,125,0.0074062347412109375,0.03127026557922363,0.12496116757392883,0.18996994197368622,0.12724314630031586,,,,
24,easiest,0.0052,sweep,shear,0.2,0.2,,0.5,124,125,0.0082131028175354,0.0327380895614624,0.1725233495235443,0.2986592650413513,0.19827717542648315,,,,
24,easiest,0.0052,sweep,shear,0.3,0.3,,0.5,124,125,0.009271383285522461,0.03937232494354248,0.19351688027381897,0.340794175863266,0.2500932812690735,,,,
24,easiest,0.0052,ensemble,shear,,0.1,0.1,0.5,124,125,,,,,,0.008429772220551968,0.020819902420043945,0.08158014714717865,0.10002606362104416
24,easiest,0.0052,ensemble,shear,,0.2,0.2,0.5,124,125,,,,,,0.011662600561976433,0.03535893186926842,0.1341753900051117,0.19372357428073883
24,easiest,0.0052,ensemble,shear,,0.3,0.3,0.5,124,125,,,,,,0.017751673236489296,0.04587341472506523,0.1757415235042572,0.2693195044994354
24,easiest,0.0052,sweep,rotation,0.0,0.0,,0.7,75,174,5.364418029785156e-06,5.364418029785156e-07,1.1506162991281599e-06,3.227077272072165e-08,1.1506162991281599e-06,,,,
24,easiest,0.0052,sweep,rotation,5.0,5.0,,0.7,75,174,0.008558571338653564,0.018261432647705078,0.13658323884010315,0.24797531962394714,0.1471165269613266,,,,
24,easiest,0.0052,sweep,rotation,10.0,10.0,,0.7,75,174,0.01980769634246826,0.03326714038848877,0.2020081728696823,0.32662829756736755,0.1680140197277069,,,,
24,easiest,0.0052,sweep,rotation,20.0,20.0,,0.7,75,174,0.025936782360076904,0.07495683431625366,0.3307245075702667,0.529189944267273,0.1960354745388031,,,,
24,easiest,0.0052,sweep,rotation,30.0,30.0,,0.7,75,174,0.04247081279754639,0.12123996019363403,0.42366454005241394,0.6278196573257446,0.2626875042915344,,,,
24,easiest,0.0052,sweep,rotation,45.0,45.0,,0.7,75,174,0.06126624345779419,0.18715369701385498,0.495750367641449,0.7195457220077515,0.291986346244812,,,,
24,easiest,0.0052,ensemble,rotation,,10.0,10.0,0.7,75,174,,,,,,0.02451915480196476,0.03005237504839897,0.14760369062423706,0.23558300733566284
24,easiest,0.0052,ensemble,rotation,,20.0,20.0,0.7,75,174,,,,,,0.030956944450736046,0.054834410548210144,0.24555382132530212,0.37757647037506104
24,easiest,0.0052,ensemble,rotation,,30.0,30.0,0.7,75,174,,,,,,0.03170798346400261,0.081085205078125,0.31881698966026306,0.4800356924533844
24,easiest,0.0052,sweep,translation,0.0,0.0,,0.7,75,174,5.364418029785156e-06,5.364418029785156e-07,1.1506162991281599e-06,3.227077272072165e-08,1.1506162991281599e-06,,,,
24,easiest,0.0052,sweep,translation,1.0,1.0,,0.7,75,174,0.01828378438949585,0.03610563278198242,0.18728560209274292,0.38507500290870667,0.13039332628250122,,,,
24,easiest,0.0052,sweep,translation,2.0,2.0,,0.7,75,174,0.013786077499389648,0.04224902391433716,0.3101520538330078,0.5140320062637329,0.13996003568172455,,,,
24,easiest,0.0052,sweep,translation,4.0,4.0,,0.7,75,174,0.025413215160369873,0.03495943546295166,0.468473881483078,0.673629641532898,0.13908018171787262,,,,
24,easiest,0.0052,sweep,translation,6.0,6.0,,0.7,75,174,0.029648542404174805,0.0405505895614624,0.5759851932525635,0.8376208543777466,0.16338708996772766,,,,
24,easiest,0.0052,sweep,translation,8.0,8.0,,0.7,75,174,0.08992600440979004,0.05789583921432495,0.6277543902397156,1.010774850845337,0.1672113835811615,,,,
24,easiest,0.0052,ensemble,translation,,2.0,2.0,0.7,75,174,,,,,,0.03343017026782036,0.0437387079000473,0.3032429814338684,0.49520090222358704
24,easiest,0.0052,ensemble,translation,,4.0,4.0,0.7,75,174,,,,,,0.041805073618888855,0.06500493735074997,0.45584335923194885,0.669289767742157
24,easiest,0.0052,ensemble,translation,,6.0,6.0,0.7,75,174,,,,,,0.04278852790594101,0.09011378884315491,0.541032612323761,0.818345308303833
24,easiest,0.0052,sweep,scaling,0.8,0.2231435513142097,,0.7,75,174,0.04083704948425293,0.05814647674560547,0.3774595260620117,0.6196115016937256,0.1878083497285843,,,,
24,easiest,0.0052,sweep,scaling,0.9,0.10536051565782628,,0.7,75,174,0.02005314826965332,0.046611666679382324,0.23485742509365082,0.41671210527420044,0.16903144121170044,,,,
24,easiest,0.0052,sweep,scaling,1.0,0.0,,0.7,75,174,5.364418029785156e-06,5.364418029785156e-07,1.1506162991281599e-06,3.227077272072165e-08,1.1506162991281599e-06,,,,
24,easiest,0.0052,sweep,scaling,1.1,0.09531017980432493,,0.7,75,174,0.03331637382507324,0.04172873497009277,0.20969125628471375,0.4283372759819031,0.1566658467054367,,,,
24,easiest,0.0052,sweep,scaling,1.25,0.22314355131420976,,0.7,75,174,0.05932140350341797,0.08719253540039062,0.4268033802509308,0.771776556968689,0.22949230670928955,,,,
24,easiest,0.0052,sweep,scaling,1.5,0.4054651081081644,,0.7,75,174,0.08885699510574341,0.1145738959312439,0.611578106880188,0.9904218912124634,0.4203673005104065,,,,
24,easiest,0.0052,ensemble,scaling,,0.1,0.1,0.7,75,174,,,,,,0.016617324203252792,0.02743850089609623,0.16534683108329773,0.26247259974479675
24,easiest,0.0052,ensemble,scaling,,0.2,0.2,0.7,75,174,,,,,,0.03705018013715744,0.04788639768958092,0.2880837917327881,0.46266311407089233
24,easiest,0.0052,ensemble,scaling,,0.3,0.3,0.7,75,174,,,,,,0.049041636288166046,0.06405353546142578,0.37276819348335266,0.6015721559524536
24,easiest,0.0052,sweep,flip,0.0,0.0,,0.7,75,174,2.682209014892578e-06,5.960464477539062e-07,1.2111657952118549e-06,2.89761814542544e-08,1.2111657952118549e-06,,,,
24,easiest,0.0052,sweep,flip,1.0,1.0,,0.7,75,174,0.024773478507995605,0.07289284467697144,0.5303305387496948,0.8635523319244385,0.1637011468410492,,,,
24,easiest,0.0052,sweep,shear,0.0,0.0,,0.7,75,174,1.4483928680419922e-05,3.5762786865234375e-07,1.2941516160935862e-06,2.754289951667488e-08,1.2941516160935862e-06,,,,
24,easiest,0.0052,sweep,shear,0.05,0.05,,0.7,75,174,0.008592605590820312,0.022679448127746582,0.06216701492667198,0.08080186694860458,0.08099346607923508,,,,
24,easiest,0.0052,sweep,shear,0.1,0.1,,0.7,75,174,0.013843536376953125,0.03320491313934326,0.13927288353443146,0.23608647286891937,0.124478280544281,,,,
24,easiest,0.0052,sweep,shear,0.2,0.2,,0.7,75,174,0.01917409896850586,0.057175636291503906,0.22291988134384155,0.3442350924015045,0.15707089006900787,,,,
24,easiest,0.0052,sweep,shear,0.3,0.3,,0.7,75,174,0.018782496452331543,0.06366360187530518,0.2719154953956604,0.4434551000595093,0.1909582018852234,,,,
24,easiest,0.0052,ensemble,shear,,0.1,0.1,0.7,75,174,,,,,,0.009083856828510761,0.019701160490512848,0.09438316524028778,0.13019098341464996
24,easiest,0.0052,ensemble,shear,,0.2,0.2,0.7,75,174,,,,,,0.019230345264077187,0.03328780084848404,0.1718062311410904,0.2496609091758728
24,easiest,0.0052,ensemble,shear,,0.3,0.3,0.7,75,174,,,,,,0.02225353755056858,0.0479569286108017,0.22660106420516968,0.33754488825798035
22,easiest,0.0051,sweep,rotation,0.0,0.0,,0.3,174,75,3.5762786865234375e-07,1.6689300537109375e-06,1.4529061900248053e-06,2.96100409968858e-07,1.4529061900248053e-06,,,,
22,easiest,0.0051,sweep,rotation,5.0,5.0,,0.3,174,75,0.011888265609741211,0.031845033168792725,0.03514476865530014,0.050265807658433914,0.0717979371547699,,,,
22,easiest,0.0051,sweep,rotation,10.0,10.0,,0.3,174,75,0.02632737159729004,0.05338752269744873,0.058900732547044754,0.07917603105306625,0.14439624547958374,,,,
22,easiest,0.0051,sweep,rotation,20.0,20.0,,0.3,174,75,0.014057040214538574,0.09203064441680908,0.12326015532016754,0.2031516134738922,0.21861791610717773,,,,
22,easiest,0.0051,sweep,rotation,30.0,30.0,,0.3,174,75,0.011409163475036621,0.09746921062469482,0.1330350637435913,0.2195320427417755,0.3046634793281555,,,,
22,easiest,0.0051,sweep,rotation,45.0,45.0,,0.3,174,75,0.018906474113464355,0.16396617889404297,0.2946062386035919,0.4511299133300781,0.36414942145347595,,,,
22,easiest,0.0051,ensemble,rotation,,10.0,10.0,0.3,174,75,,,,,,0.016789510846138,0.08406296372413635,0.07925013452768326,0.1056758314371109
22,easiest,0.0051,ensemble,rotation,,20.0,20.0,0.3,174,75,,,,,,0.02219451777637005,0.13386446237564087,0.18514402210712433,0.2840581238269806
22,easiest,0.0051,ensemble,rotation,,30.0,30.0,0.3,174,75,,,,,,0.021718649193644524,0.13821528851985931,0.21291008591651917,0.32475921511650085
22,easiest,0.0051,sweep,translation,0.0,0.0,,0.3,174,75,3.5762786865234375e-07,1.6689300537109375e-06,1.4529061900248053e-06,2.96100409968858e-07,1.4529061900248053e-06,,,,
22,easiest,0.0051,sweep,translation,1.0,1.0,,0.3,174,75,0.008917927742004395,0.041480064392089844,0.07015645503997803,0.0687691867351532,0.10311491042375565,,,,
22,easiest,0.0051,sweep,translation,2.0,2.0,,0.3,174,75,0.03141975402832031,0.10842323303222656,0.12381026148796082,0.22557079792022705,0.15921366214752197,,,,
22,easiest,0.0051,sweep,translation,4.0,4.0,,0.3,174,75,0.024471402168273926,0.15779531002044678,0.31647345423698425,0.5054153203964233,0.3396589159965515,,,,
22,easiest,0.0051,sweep,translation,6.0,6.0,,0.3,174,75,0.07778382301330566,0.18136650323867798,0.531774640083313,0.8432371616363525,0.6005854606628418,,,,
22,easiest,0.0051,sweep,translation,8.0,8.0,,0.3,174,75,0.09823346138000488,0.3144649863243103,0.3689644932746887,0.4875364303588867,0.4218728542327881,,,,
22,easiest,0.0051,ensemble,translation,,2.0,2.0,0.3,174,75,,,,,,0.018686437979340553,0.11454524844884872,0.17216826975345612,0.28487688302993774
22,easiest,0.0051,ensemble,translation,,4.0,4.0,0.3,174,75,,,,,,0.03191836178302765,0.1922551840543747,0.295127809047699,0.4400719404220581
22,easiest,0.0051,ensemble,translation,,6.0,6.0,0.3,174,75,,,,,,0.05843362957239151,0.20427019894123077,0.40554147958755493,0.5820485353469849
22,easiest,0.0051,sweep,scaling,0.8,0.2231435513142097,,0.3,174,75,0.013957023620605469,0.13518351316452026,0.1612616777420044,0.19456885755062103,0.2123241424560547,,,,
22,easiest,0.0051,sweep,scaling,0.9,0.10536051565782628,,0.3,174,75,0.01199406385421753,0.061792731285095215,0.0911102220416069,0.1085134893655777,0.11437232047319412,,,,
22,easiest,0.0051,sweep,scaling,1.0,0.0,,0.3,174,75,3.5762786865234375e-07,1.6689300537109375e-06,1.4529061900248053e-06,2.96100409968858e-07,1.4529061900248053e-06,,,,
22,easiest,0.0051,sweep,scaling,1.1,0.09531017980432493,,0.3,174,75,0.019451141357421875,0.08232152462005615,0.10250157117843628,0.15866249799728394,0.13982902467250824,,,,
22,easiest,0.0051,sweep,scaling,1.25,0.22314355131420976,,0.3,174,75,0.006692171096801758,0.04600048065185547,0.06648951768875122,0.11517199873924255,0.15251533687114716,,,,
22,easiest,0.0051,sweep,scaling,1.5,0.4054651081081644,,0.3,174,75,0.04299354553222656,0.09873080253601074,0.17627696692943573,0.34039416909217834,0.27824172377586365,,,,
22,easiest,0.0051,ensemble,scaling,,0.1,0.1,0.3,174,75,,,,,,0.010628381744027138,0.06390180438756943,0.07110845297574997,0.11243278533220291
22,easiest,0.0051,ensemble,scaling,,0.2,0.2,0.3,174,75,,,,,,0.017022110521793365,0.07751180231571198,0.09719298034906387,0.14124542474746704
22,easiest,0.0051,ensemble,scaling,,0.3,0.3,0.3,174,75,,,,,,0.019025899469852448,0.10496698319911957,0.13886354863643646,0.1905227154493332
22,easiest,0.0051,sweep,flip,0.0,0.0,,0.3,174,75,7.748603820800781e-07,2.4437904357910156e-06,1.617386828911549e-06,3.38023824042466e-07,1.617386828911549e-06,,,,
22,easiest,0.0051,sweep,flip,1.0,1.0,,0.3,174,75,0.017528414726257324,0.14313411712646484,0.3116871416568756,0.5081053376197815,0.23656007647514343,,,,
22,easiest,0.0051,sweep,shear,0.0,0.0,,0.3,174,75,2.0265579223632812e-06,8.64267349243164e-06,4.799700946023222e-06,1.4476349861070048e-06,4.799700946023222e-06,,,,
22,easiest,0.0051,sweep,shear,0.05,0.05,,0.3,174,75,0.020534217357635498,0.0751793384552002,0.07670857757329941,0.07733786851167679,0.08800660073757172,,,,
22,easiest,0.0051,sweep,shear,0.1,0.1,,0.3,174,75,0.01642698049545288,0.08726632595062256,0.0864681825041771,0.11854241788387299,0.11219188570976257,,,,
22,easiest,0.0051,sweep,shear,0.2,0.2,,0.3,174,75,0.014415860176086426,0.15843546390533447,0.32534685730934143,0.49736854434013367,0.2748183608055115,,,,
22,easiest,0.0051,sweep,shear,0.3,0.3,,0.3,174,75,0.014301896095275879,0.16633248329162598,0.33100712299346924,0.49645310640335083,0.25656893849372864,,,,
22,easiest,0.0051,ensemble,shear,,0.1,0.1,0.3,174,75,,,,,,0.01532790157943964,0.07805511355400085,0.07771843671798706,0.13947990536689758
22,easiest,0.0051,ensemble,shear,,0.2,0.2,0.3,174,75,,,,,,0.02164028026163578,0.12861980497837067,0.1533910632133484,0.2555534541606903
22,easiest,0.0051,ensemble,shear,,0.3,0.3,0.3,174,75,,,,,,0.023111170157790184,0.12959444522857666,0.15539422631263733,0.25773707032203674
22,easiest,0.0051,sweep,rotation,0.0,0.0,,0.5,124,125,1.2516975402832031e-06,1.0728836059570312e-06,3.167261581893399e-07,3.0389827543331194e-08,3.167261581893399e-07,,,,
22,easiest,0.0051,sweep,rotation,5.0,5.0,,0.5,124,125,0.04162245988845825,0.1305069923400879,0.23479992151260376,0.23967242240905762,0.21246929466724396,,,,
22,easiest,0.0051,sweep,rotation,10.0,10.0,,0.5,124,125,0.07731831073760986,0.15914618968963623,0.24974742531776428,0.2964770197868347,0.2009533792734146,,,,
22,easiest,0.0051,sweep,rotation,20.0,20.0,,0.5,124,125,0.05128931999206543,0.18878209590911865,0.2911076247692108,0.3141654133796692,0.258967787027359,,,,
22,easiest,0.0051,sweep,rotation,30.0,30.0,,0.5,124,125,0.05558300018310547,0.4584238529205322,0.34598106145858765,0.44361767172813416,0.25394517183303833,,,,
22,easiest,0.0051,sweep,rotation,45.0,45.0,,0.5,124,125,0.09273266792297363,0.39941132068634033,0.35847237706184387,0.46927350759506226,0.23891545832157135,,,,
22,easiest,0.0051,ensemble,rotation,,10.0,10.0,0.5,124,125,,,,,,0.03382918983697891,0.08178122341632843,0.1297188103199005,0.15456067025661469
22,easiest,0.0051,ensemble,rotation,,20.0,20.0,0.5,124,125,,,,,,0.03498421236872673,0.1318821907043457,0.16710048913955688,0.2560372054576874
22,easiest,0.0051,ensemble,rotation,,30.0,30.0,0.5,124,125,,,,,,0.05156857147812843,0.1952955424785614,0.23860034346580505,0.35423576831817627
22,easiest,0.0051,sweep,translation,0.0,0.0,,0.5,124,125,1.2516975402832031e-06,1.0728836059570312e-06,3.167261581893399e-07,3.0389827543331194e-08,3.167261581893399e-07,,,,
22,easiest,0.0051,sweep,translation,1.0,1.0,,0.5,124,125,0.08315235376358032,0.14249253273010254,0.21545825898647308,0.3049660921096802,0.18056342005729675,,,,
22,easiest,0.0051,sweep,translation,2.0,2.0,,0.5,124,125,0.05416637659072876,0.12290084362030029,0.2880404591560364,0.38844481110572815,0.19770927727222443,,,,
22,easiest,0.0051,sweep,translation,4.0,4.0,,0.5,124,125,0.11436867713928223,0.15693563222885132,0.34052568674087524,0.5120110511779785,0.26062852144241333,,,,
22,easiest,0.0051,sweep,translation,6.0,6.0,,0.5,124,125,0.08302241563796997,0.19552183151245117,0.40146011114120483,0.6153832674026489,0.22126270830631256,,,,
22,easiest,0.0051,sweep,translation,8.0,8.0,,0.5,124,125,0.08668512105941772,0.21882551908493042,0.42385241389274597,0.6252490282058716,0.18715643882751465,,,,
22,easiest,0.0051,ensemble,translation,,2.0,2.0,0.5,124,125,,,,,,0.04445705562829971,0.18454855680465698,0.19765453040599823,0.2940077781677246
22,easiest,0.0051,ensemble,translation,,4.0,4.0,0.5,124,125,,,,,,0.05598311126232147,0.20908795297145844,0.2598341703414917,0.40033382177352905
22,easiest,0.0051,ensemble,translation,,6.0,6.0,0.5,124,125,,,,,,0.04570664092898369,0.1913972645998001,0.3144390285015106,0.4733341932296753
22,easiest,0.0051,sweep,scaling,0.8,0.2231435513142097,,0.5,124,125,0.07275956869125366,0.19796663522720337,0.26429659128189087,0.29673194885253906,0.22183236479759216,,,,
22,easiest,0.0051,sweep,scaling,0.9,0.10536051565782628,,0.5,124,125,0.050701260566711426,0.14289236068725586,0.21250849962234497,0.1966370940208435,0.19540679454803467,,,,
22,easiest,0.0051,sweep,scaling,1.0,0.0,,0.5,124,125,1.2516975402832031e-06,1.0728836059570312e-06,3.167261581893399e-07,3.0389827543331194e-08,3.167261581893399e-07,,,,
22,easiest,0.0051,sweep,scaling,1.1,0.09531017980432493,,0.5,124,125,0.05895882844924927,0.15115904808044434,0.2065572440624237,0.2288435995578766,0.2188212275505066,,,,
22,easiest,0.0051,sweep,scaling,1.25,0.22314355131420976,,0.5,124,125,0.09116721153259277,0.31573522090911865,0.25635820627212524,0.34002161026000977,0.24219951033592224,,,,
22,easiest,0.0051,sweep,scaling,1.5,0.4054651081081644,,0.5,124,125,0.08893871307373047,0.29658037424087524,0.30405500531196594,0.42363250255584717,0.32221847772598267,,,,
22,easiest,0.0051,ensemble,scaling,,0.1,0.1,0.5,124,125,,,,,,0.01618126966059208,0.0719786286354065,0.07530920207500458,0.08426503092050552
22,easiest,0.0051,ensemble,scaling,,0.2,0.2,0.5,124,125,,,,,,0.0434662364423275,0.1461382657289505,0.1593201607465744,0.1928437501192093
22,easiest,0.0051,ensemble,scaling,,0.3,0.3,0.5,124,125,,,,,,0.05462191626429558,0.20267397165298462,0.1941477656364441,0.2515523135662079
22,easiest,0.0051,sweep,flip,0.0,0.0,,0.5,124,125,6.556510925292969e-07,1.5497207641601562e-06,4.229849537296104e-07,1.3606846493985358e-07,4.229849537296104e-07,,,,
22,easiest,0.0051,sweep,flip,1.0,1.0,,0.5,124,125,0.08904105424880981,0.209983229637146,0.47734105587005615,0.518738865852356,0.24763745069503784,,,,
22,easiest,0.0051,sweep,shear,0.0,0.0,,0.5,124,125,4.76837158203125e-07,1.6689300537109375e-06,5.701332383978297e-07,9.016367386038837e-08,5.701332383978297e-07,,,,
22,easiest,0.0051,sweep,shear,0.05,0.05,,0.5,124,125,0.08305495977401733,0.12069767713546753,0.1789306104183197,0.15512079000473022,0.18119144439697266,,,,
22,easiest,0.0051,sweep,shear,0.1,0.1,,0.5,124,125,0.07312405109405518,0.14649927616119385,0.16970649361610413,0.15959033370018005,0.17347298562526703,,,,
22,easiest,0.0051,sweep,shear,0.2,0.2,,0.5,124,125,0.05382859706878662,0.1671602725982666,0.19357581436634064,0.21472498774528503,0.21136844158172607,,,,
22,easiest,0.0051,sweep,shear,0.3,0.3,,0.5,124,125,0.05230039358139038,0.12432265281677246,0.29103678464889526,0.35388636589050293,0.21009700000286102,,,,
22,easiest,0.0051,ensemble,shear,,0.1,0.1,0.5,124,125,,,,,,0.04992815479636192,0.12890562415122986,0.1572996824979782,0.14548277854919434
22,easiest,0.0051,ensemble,shear,,0.2,0.2,0.5,124,125,,,,,,0.04751921817660332,0.12968434393405914,0.1620919108390808,0.17122331261634827
22,easiest,0.0051,ensemble,shear,,0.3,0.3,0.5,124,125,,,,,,0.043231524527072906,0.12993724644184113,0.17754559218883514,0.21504107117652893
22,easiest,0.0051,sweep,rotation,0.0,0.0,,0.7,75,174,4.76837158203125e-07,1.0132789611816406e-06,4.513810267781082e-07,2.1423613105753248e-08,4.513810267781082e-07,,,,
22,easiest,0.0051,sweep,rotation,5.0,5.0,,0.7,75,174,0.017183303833007812,0.051915764808654785,0.06921796500682831,0.14969748258590698,0.04312249645590782,,,,
22,easiest,0.0051,sweep,rotation,10.0,10.0,,0.7,75,174,0.04378175735473633,0.07685506343841553,0.14534933865070343,0.25257182121276855,0.06103895232081413,,,,
22,easiest,0.0051,sweep,rotation,20.0,20.0,,0.7,75,174,0.028233051300048828,0.11035525798797607,0.24666661024093628,0.35968953371047974,0.05363062769174576,,,,
22,easiest,0.0051,sweep,rotation,30.0,30.0,,0.7,75,174,0.043459415435791016,0.1473616361618042,0.30012884736061096,0.44384148716926575,0.07089290022850037,,,,
22,easiest,0.0051,sweep,rotation,45.0,45.0,,0.7,75,174,0.0656440258026123,0.20397770404815674,0.33432596921920776,0.4975520372390747,0.06313486397266388,,,,
22,easiest,0.0051,ensemble,rotation,,10.0,10.0,0.7,75,174,,,,,,0.02374156005680561,0.05850307270884514,0.09954024851322174,0.16279904544353485
22,easiest,0.0051,ensemble,rotation,,20.0,20.0,0.7,75,174,,,,,,0.02594723366200924,0.08607985824346542,0.17961393296718597,0.26071077585220337
22,easiest,0.0051,ensemble,rotation,,30.0,30.0,0.7,75,174,,,,,,0.023249639198184013,0.12037143856287003,0.224942147731781,0.325894296169281
22,easiest,0.0051,sweep,translation,0.0,0.0,,0.7,75,174,4.76837158203125e-07,1.0132789611816406e-06,4.513810267781082e-07,2.1423613105753248e-08,4.513810267781082e-07,,,,
22,easiest,0.0051,sweep,translation,1.0,1.0,,0.7,75,174,0.029962658882141113,0.07300466299057007,0.0888146311044693,0.30519452691078186,0.04238395765423775,,,,
22,easiest,0.0051,sweep,translation,2.0,2.0,,0.7,75,174,0.029785871505737305,0.09041810035705566,0.17544716596603394,0.3703935146331787,0.03981315717101097,,,,
22,easiest,0.0051,sweep,translation,4.0,4.0,,0.7,75,174,0.02100050449371338,0.0910569429397583,0.2801562249660492,0.4868180453777313,0.03450087085366249,,,,
22,easiest,0.0051,sweep,translation,6.0,6.0,,0.7,75,174,0.02760690450668335,0.08143723011016846,0.3303680717945099,0.5800153613090515,0.03167448565363884,,,,
22,easiest,0.0051,sweep,translation,8.0,8.0,,0.7,75,174,0.022906363010406494,0.11585402488708496,0.35484257340431213,0.5675649046897888,0.030037930235266685,,,,
22,easiest,0.0051,ensemble,translation,,2.0,2.0,0.7,75,174,,,,,,0.029683219268918037,0.10623057186603546,0.1736985743045807,0.3181335926055908
22,easiest,0.0051,ensemble,translation,,4.0,4.0,0.7,75,174,,,,,,0.02967800199985504,0.09518136084079742,0.2712906002998352,0.42381441593170166
22,easiest,0.0051,ensemble,translation,,6.0,6.0,0.7,75,174,,,,,,0.035459525883197784,0.11147437989711761,0.3286823630332947,0.4695499539375305
22,easiest,0.0051,sweep,scaling,0.8,0.2231435513142097,,0.7,75,174,0.0295751690864563,0.07857036590576172,0.1434841901063919,0.23196755349636078,0.06327136605978012,,,,
22,easiest,0.0051,sweep,scaling,0.9,0.10536051565782628,,0.7,75,174,0.04670137166976929,0.04755127429962158,0.09676332026720047,0.13280266523361206,0.0734284520149231,,,,
22,easiest,0.0051,sweep,scaling,1.0,0.0,,0.7,75,174,4.76837158203125e-07,1.0132789611816406e-06,4.513810267781082e-07,2.1423613105753248e-08,4.513810267781082e-07,,,,
22,easiest,0.0051,sweep,scaling,1.1,0.09531017980432493,,0.7,75,174,0.0400119423866272,0.08215683698654175,0.07456593960523605,0.16038988530635834,0.05063871666789055,,,,
22,easiest,0.0051,sweep,scaling,1.25,0.22314355131420976,,0.7,75,174,0.04558885097503662,0.0997268557548523,0.16622237861156464,0.2962913513183594,0.09289182722568512,,,,
22,easiest,0.0051,sweep,scaling,1.5,0.4054651081081644,,0.7,75,174,0.08665001392364502,0.16296494007110596,0.28077733516693115,0.4461045265197754,0.13884246349334717,,,,
22,easiest,0.0051,ensemble,scaling,,0.1,0.1,0.7,75,174,,,,,,0.025815697386860847,0.03968285769224167,0.06404465436935425,0.08556470274925232
22,easiest,0.0051,ensemble,scaling,,0.2,0.2,0.7,75,174,,,,,,0.028714269399642944,0.06765951216220856,0.10780457407236099,0.16719648241996765
22,easiest,0.0051,ensemble,scaling,,0.3,0.3,0.7,75,174,,,,,,0.04222919046878815,0.10162942111492157,0.15543924272060394,0.2222234308719635
22,easiest,0.0051,sweep,flip,0.0,0.0,,0.7,75,174,3.5762786865234375e-07,1.0728836059570312e-06,4.303592788801325e-07,2.3273166505077825e-08,4.303592788801325e-07,,,,
22,easiest,0.0051,sweep,flip,1.0,1.0,,0.7,75,174,0.030700325965881348,0.16544461250305176,0.4725538492202759,0.5557043552398682,0.08418452739715576,,,,
22,easiest,0.0051,sweep,shear,0.0,0.0,,0.7,75,174,4.76837158203125e-07,1.1920928955078125e-06,4.1361545299878344e-07,2.21318092741285e-08,4.1361545299878344e-07,,,,
22,easiest,0.0051,sweep,shear,0.05,0.05,,0.7,75,174,0.006696820259094238,0.021058380603790283,0.02809051051735878,0.0723336935043335,0.025592397898435593,,,,
22,easiest,0.0051,sweep,shear,0.1,0.1,,0.7,75,174,0.022773146629333496,0.043218255043029785,0.04872924089431763,0.14044468104839325,0.034614138305187225,,,,
22,easiest,0.0051,sweep,shear,0.2,0.2,,0.7,75,174,0.03869754076004028,0.05654299259185791,0.08723589777946472,0.16684642434120178,0.05248392000794411,,,,
22,easiest,0.0051,sweep,shear,0.3,0.3,,0.7,75,174,0.018752217292785645,0.07552289962768555,0.14304663240909576,0.25948095321655273,0.046437621116638184,,,,
22,easiest,0.0051,ensemble,shear,,0.1,0.1,0.7,75,174,,,,,,0.015500086359679699,0.041381437331438065,0.04173578694462776,0.07828637212514877
22,easiest,0.0051,ensemble,shear,,0.2,0.2,0.7,75,174,,,,,,0.030939150601625443,0.05969645082950592,0.07887335121631622,0.1413300633430481
22,easiest,0.0051,ensemble,shear,,0.3,0.3,0.7,75,174,,,,,,0.030997123569250107,0.07606100291013718,0.11252671480178833,0.1823798269033432
72,easiest,0.0038,sweep,rotation,0.0,0.0,,0.3,174,75,1.5497207641601562e-06,2.5033950805664062e-06,3.08016715280246e-05,5.8977448134101e-06,3.08016715280246e-05,,,,
72,easiest,0.0038,sweep,rotation,5.0,5.0,,0.3,174,75,0.043730080127716064,0.20570504665374756,0.3684478998184204,0.342637836933136,0.38266074657440186,,,,
72,easiest,0.0038,sweep,rotation,10.0,10.0,,0.3,174,75,0.021300077438354492,0.06955444812774658,0.31652262806892395,0.32614582777023315,0.3809090256690979,,,,
72,easiest,0.0038,sweep,rotation,20.0,20.0,,0.3,174,75,0.04581171274185181,0.078762948513031,0.3861073851585388,0.36481982469558716,0.4635944962501526,,,,
72,easiest,0.0038,sweep,rotation,30.0,30.0,,0.3,174,75,0.04763531684875488,0.13223612308502197,0.4848945140838623,0.4205499291419983,0.5180785655975342,,,,
72,easiest,0.0038,sweep,rotation,45.0,45.0,,0.3,174,75,0.0449678897857666,0.09792846441268921,0.36270835995674133,0.34863248467445374,0.5379526019096375,,,,
72,easiest,0.0038,ensemble,rotation,,10.0,10.0,0.3,174,75,,,,,,0.03783334419131279,0.11086517572402954,0.27571192383766174,0.2693777084350586
72,easiest,0.0038,ensemble,rotation,,20.0,20.0,0.3,174,75,,,,,,0.04299529641866684,0.16381436586380005,0.33839553594589233,0.3164195418357849
72,easiest,0.0038,ensemble,rotation,,30.0,30.0,0.3,174,75,,,,,,0.03538261353969574,0.14200349152088165,0.37526240944862366,0.36336371302604675
72,easiest,0.0038,sweep,translation,0.0,0.0,,0.3,174,75,1.5497207641601562e-06,2.5033950805664062e-06,3.08016715280246e-05,5.8977448134101e-06,3.08016715280246e-05,,,,
72,easiest,0.0038,sweep,translation,1.0,1.0,,0.3,174,75,0.01885068416595459,0.07743990421295166,0.19065824151039124,0.18992841243743896,0.24772393703460693,,,,
72,easiest,0.0038,sweep,translation,2.0,2.0,,0.3,174,75,0.026858150959014893,0.09301537275314331,0.2942246198654175,0.31513285636901855,0.3558551073074341,,,,
72,easiest,0.0038,sweep,translation,4.0,4.0,,0.3,174,75,0.028197765350341797,0.10344481468200684,0.3835507333278656,0.35737815499305725,0.5107277035713196,,,,
72,easiest,0.0038,sweep,translation,6.0,6.0,,0.3,174,75,0.0973246693611145,0.1265639066696167,0.44211632013320923,0.5136294364929199,0.6062239408493042,,,,
72,easiest,0.0038,sweep,translation,8.0,8.0,,0.3,174,75,0.03090500831604004,0.08868932723999023,0.3331419825553894,0.3509809076786041,0.555694043636322,,,,
72,easiest,0.0038,ensemble,translation,,2.0,2.0,0.3,174,75,,,,,,0.03456699848175049,0.11551344394683838,0.324521005153656,0.321093887090683
72,easiest,0.0038,ensemble,translation,,4.0,4.0,0.3,174,75,,,,,,0.02733384259045124,0.10150410979986191,0.258906751871109,0.2609791159629822
72,easiest,0.0038,ensemble,translation,,6.0,6.0,0.3,174,75,,,,,,0.036132097244262695,0.08954586833715439,0.31853625178337097,0.3343941867351532
72,easiest,0.0038,sweep,scaling,0.8,0.2231435513142097,,0.3,174,75,0.016072392463684082,0.060300350189208984,0.12834125757217407,0.15102973580360413,0.2702747583389282,,,,
72,easiest,0.0038,sweep,scaling,0.9,0.10536051565782628,,0.3,174,75,0.013145029544830322,0.04641968011856079,0.09942647069692612,0.11288236081600189,0.17949266731739044,,,,
72,easiest,0.0038,sweep,scaling,1.0,0.0,,0.3,174,75,1.5497207641601562e-06,2.5033950805664062e-06,3.08016715280246e-05,5.8977448134101e-06,3.08016715280246e-05,,,,
72,easiest,0.0038,sweep,scaling,1.1,0.09531017980432493,,0.3,174,75,0.01376885175704956,0.05152767896652222,0.18002194166183472,0.16512814164161682,0.23249965906143188,,,,
72,easiest,0.0038,sweep,scaling,1.25,0.22314355131420976,,0.3,174,75,0.04480302333831787,0.15266913175582886,0.38703152537345886,0.329121857881546,0.46474936604499817,,,,
72,easiest,0.0038,sweep,scaling,1.5,0.4054651081081644,,0.3,174,75,0.04077655076980591,0.18991786241531372,0.4865293502807617,0.6075571775436401,0.5654820203781128,,,,
72,easiest,0.0038,ensemble,scaling,,0.1,0.1,0.3,174,75,,,,,,0.013749691657721996,0.044479791074991226,0.1318061798810959,0.1064428836107254
72,easiest,0.0038,ensemble,scaling,,0.2,0.2,0.3,174,75,,,,,,0.01745486818253994,0.0600716657936573,0.18361042439937592,0.1601923406124115
72,easiest,0.0038,ensemble,scaling,,0.3,0.3,0.3,174,75,,,,,,0.022843141108751297,0.08315572887659073,0.19628304243087769,0.17457053065299988
72,easiest,0.0038,sweep,flip,0.0,0.0,,0.3,174,75,2.1457672119140625e-06,1.7881393432617188e-06,2.731981294346042e-05,6.418882549041882e-06,2.731981294346042e-05,,,,
72,easiest,0.0038,sweep,flip,1.0,1.0,,0.3,174,75,0.014449834823608398,0.06896811723709106,0.2683646082878113,0.297320693731308,0.39319440722465515,,,,
72,easiest,0.0038,sweep,shear,0.0,0.0,,0.3,174,75,1.7285346984863281e-06,3.337860107421875e-06,3.3038049878086895e-05,6.598722848139005e-06,3.3038049878086895e-05,,,,
72,easiest,0.0038,sweep,shear,0.05,0.05,,0.3,174,75,0.013011336326599121,0.029754638671875,0.08297525346279144,0.0708962082862854,0.12205661088228226,,,,
72,easiest,0.0038,sweep,shear,0.1,0.1,,0.3,174,75,0.012557804584503174,0.060905277729034424,0.13797888159751892,0.14181983470916748,0.2114720642566681,,,,
72,easiest,0.0038,sweep,shear,0.2,0.2,,0.3,174,75,0.032947659492492676,0.1301182508468628,0.2888220548629761,0.3079555034637451,0.3579263687133789,,,,
72,easiest,0.0038,sweep,shear,0.3,0.3,,0.3,174,75,0.025833964347839355,0.14262962341308594,0.343502402305603,0.36418506503105164,0.4261491596698761,,,,
72,easiest,0.0038,ensemble,shear,,0.1,0.1,0.3,174,75,,,,,,0.02903473936021328,0.11095206439495087,0.22361381351947784,0.21011079847812653
72,easiest,0.0038,ensemble,shear,,0.2,0.2,0.3,174,75,,,,,,0.030068103224039078,0.10198675096035004,0.28590402007102966,0.2841932475566864
72,easiest,0.0038,ensemble,shear,,0.3,0.3,0.3,174,75,,,,,,0.03250968083739281,0.128580242395401,0.3073856830596924,0.3082355260848999
72,easiest,0.0038,sweep,rotation,0.0,0.0,,0.5,124,125,3.5762786865234375e-07,7.152557373046875e-07,1.2774626156897284e-06,1.6923689827308408e-07,1.2774626156897284e-06,,,,
72,easiest,0.0038,sweep,rotation,5.0,5.0,,0.5,124,125,0.027357757091522217,0.09560459852218628,0.20018303394317627,0.2268354445695877,0.22877712547779083,,,,
72,easiest,0.0038,sweep,rotation,10.0,10.0,,0.5,124,125,0.021680176258087158,0.12872523069381714,0.2377643883228302,0.33413124084472656,0.26949426531791687,,,,
72,easiest,0.0038,sweep,rotation,20.0,20.0,,0.5,124,125,0.04059845209121704,0.17008614540100098,0.40373867750167847,0.41214120388031006,0.44931796193122864,,,,
72,easiest,0.0038,sweep,rotation,30.0,30.0,,0.5,124,125,0.03788554668426514,0.1332467794418335,0.4382900595664978,0.4443528652191162,0.5027341842651367,,,,
72,easiest,0.0038,sweep,rotation,45.0,45.0,,0.5,124,125,0.03495913743972778,0.15114933252334595,0.3714403212070465,0.4319649934768677,0.540392279624939,,,,
72,easiest,0.0038,ensemble,rotation,,10.0,10.0,0.5,124,125,,,,,,0.02120988257229328,0.08667835593223572,0.24036714434623718,0.2756307125091553
72,easiest,0.0038,ensemble,rotation,,20.0,20.0,0.5,124,125,,,,,,0.03187820315361023,0.133351132273674,0.3599099814891815,0.3578874170780182
72,easiest,0.0038,ensemble,rotation,,30.0,30.0,0.5,124,125,,,,,,0.04679511860013008,0.14996370673179626,0.3882059156894684,0.3783229887485504
72,easiest,0.0038,sweep,translation,0.0,0.0,,0.5,124,125,3.5762786865234375e-07,7.152557373046875e-07,1.2774626156897284e-06,1.6923689827308408e-07,1.2774626156897284e-06,,,,
72,easiest,0.0038,sweep,translation,1.0,1.0,,0.5,124,125,0.01739370822906494,0.10504072904586792,0.27935728430747986,0.4226861298084259,0.26549914479255676,,,,
72,easiest,0.0038,sweep,translation,2.0,2.0,,0.5,124,125,0.01767486333847046,0.09969794750213623,0.3234054446220398,0.4679737091064453,0.2663186192512512,,,,
72,easiest,0.0038,sweep,translation,4.0,4.0,,0.5,124,125,0.03672134876251221,0.1728578805923462,0.4659632444381714,0.4951693117618561,0.34485572576522827,,,,
72,easiest,0.0038,sweep,translation,6.0,6.0,,0.5,124,125,0.05850064754486084,0.09316062927246094,0.5171707272529602,0.5726907253265381,0.36077097058296204,,,,
72,easiest,0.0038,sweep,translation,8.0,8.0,,0.5,124,125,0.053806185722351074,0.14160370826721191,0.5796169638633728,0.635984480381012,0.37980085611343384,,,,
72,easiest,0.0038,ensemble,translation,,2.0,2.0,0.5,124,125,,,,,,0.04827699810266495,0.15301983058452606,0.38101762533187866,0.37987738847732544
72,easiest,0.0038,ensemble,translation,,4.0,4.0,0.5,124,125,,,,,,0.05172007530927658,0.19954617321491241,0.427069753408432,0.4306171238422394
72,easiest,0.0038,ensemble,translation,,6.0,6.0,0.5,124,125,,,,,,0.06621015071868896,0.2170909196138382,0.4869445860385895,0.49712878465652466
72,easiest,0.0038,sweep,scaling,0.8,0.2231435513142097,,0.5,124,125,0.030538499355316162,0.1594441533088684,0.2266072928905487,0.32384011149406433,0.2611442804336548,,,,
72,easiest,0.0038,sweep,scaling,0.9,0.10536051565782628,,0.5,124,125,0.029917597770690918,0.20736879110336304,0.28326115012168884,0.330816388130188,0.2419319748878479,,,,
72,easiest,0.0038,sweep,scaling,1.0,0.0,,0.5,124,125,3.5762786865234375e-07,7.152557373046875e-07,1.2774626156897284e-06,1.6923689827308408e-07,1.2774626156897284e-06,,,,
72,easiest,0.0038,sweep,scaling,1.1,0.09531017980432493,,0.5,124,125,0.01632457971572876,0.07758438587188721,0.218820720911026,0.2158738076686859,0.24545061588287354,,,,
72,easiest,0.0038,sweep,scaling,1.25,0.22314355131420976,,0.5,124,125,0.030065059661865234,0.12452292442321777,0.3297263979911804,0.42002037167549133,0.37803155183792114,,,,
72,easiest,0.0038,sweep,scaling,1.5,0.4054651081081644,,0.5,124,125,0.056878864765167236,0.11018067598342896,0.44285696744918823,0.6188738346099854,0.420590877532959,,,,
72,easiest,0.0038,ensemble,scaling,,0.1,0.1,0.5,124,125,,,,,,0.020830605179071426,0.11417476087808609,0.20482097566127777,0.21456365287303925
72,easiest,0.0038,ensemble,scaling,,0.2,0.2,0.5,124,125,,,,,,0.02337171696126461,0.11793901771306992,0.2523898482322693,0.26466965675354004
72,easiest,0.0038,ensemble,scaling,,0.3,0.3,0.5,124,125,,,,,,0.025337712839245796,0.1425645500421524,0.2910900115966797,0.30939599871635437
72,easiest,0.0038,sweep,flip,0.0,0.0,,0.5,124,125,3.5762786865234375e-07,1.1324882507324219e-06,1.7517570540803717e-06,3.1465680194742163e-07,1.7517570540803717e-06,,,,
72,easiest,0.0038,sweep,flip,1.0,1.0,,0.5,124,125,0.02912682294845581,0.09522831439971924,0.41258758306503296,0.4805295467376709,0.3630547821521759,,,,
72,easiest,0.0038,sweep,shear,0.0,0.0,,0.5,124,125,5.960464477539062e-07,1.0728836059570312e-06,3.3513047128508333e-06,8.548689720555558e-07,3.3513047128508333e-06,,,,
72,easiest,0.0038,sweep,shear,0.05,0.05,,0.5,124,125,0.01711142063140869,0.06262713670730591,0.18616265058517456,0.20206399261951447,0.18270330131053925,,,,
72,easiest,0.0038,sweep,shear,0.1,0.1,,0.5,124,125,0.020097076892852783,0.10587430000305176,0.333903968334198,0.3369934558868408,0.33652111887931824,,,,
72,easiest,0.0038,sweep,shear,0.2,0.2,,0.5,124,125,0.026299476623535156,0.09265756607055664,0.3126114308834076,0.33409935235977173,0.31258341670036316,,,,
72,easiest,0.0038,sweep,shear,0.3,0.3,,0.5,124,125,0.03719210624694824,0.1966249942779541,0.42483797669410706,0.40421926975250244,0.4377281963825226,,,,
72,easiest,0.0038,ensemble,shear,,0.1,0.1,0.5,124,125,,,,,,0.014491948299109936,0.052714623510837555,0.1615143120288849,0.15960069000720978
72,easiest,0.0038,ensemble,shear,,0.2,0.2,0.5,124,125,,,,,,0.02517784759402275,0.1039620116353035,0.26927825808525085,0.2764222025871277
72,easiest,0.0038,ensemble,shear,,0.3,0.3,0.5,124,125,,,,,,0.039649855345487595,0.1394520401954651,0.3286680579185486,0.3295239806175232
72,easiest,0.0038,sweep,rotation,0.0,0.0,,0.7,75,174,4.76837158203125e-07,7.152557373046875e-07,1.0135938737221295e-06,9.309064097351438e-08,1.0135938737221295e-06,,,,
72,easiest,0.0038,sweep,rotation,5.0,5.0,,0.7,75,174,0.045800626277923584,0.049901485443115234,0.23084068298339844,0.27339407801628113,0.19113634526729584,,,,
72,easiest,0.0038,sweep,rotation,10.0,10.0,,0.7,75,174,0.035989224910736084,0.09208953380584717,0.3564991056919098,0.43965858221054077,0.23652967810630798,,,,
72,easiest,0.0038,sweep,rotation,20.0,20.0,,0.7,75,174,0.0646589994430542,0.1018720269203186,0.46411967277526855,0.5110816359519958,0.3321760892868042,,,,
72,easiest,0.0038,sweep,rotation,30.0,30.0,,0.7,75,174,0.08658403158187866,0.14369690418243408,0.48213911056518555,0.5305531620979309,0.38519299030303955,,,,
72,easiest,0.0038,sweep,rotation,45.0,45.0,,0.7,75,174,0.1030585765838623,0.18313539028167725,0.5086372494697571,0.48136183619499207,0.4108729660511017,,,,
72,easiest,0.0038,ensemble,rotation,,10.0,10.0,0.7,75,174,,,,,,0.032366957515478134,0.07992580533027649,0.27373915910720825,0.2749522626399994
72,easiest,0.0038,ensemble,rotation,,20.0,20.0,0.7,75,174,,,,,,0.03697828948497772,0.11131912469863892,0.3647415339946747,0.38407763838768005
72,easiest,0.0038,ensemble,rotation,,30.0,30.0,0.7,75,174,,,,,,0.04418589174747467,0.11800561845302582,0.40198180079460144,0.43021559715270996
72,easiest,0.0038,sweep,translation,0.0,0.0,,0.7,75,174,4.76837158203125e-07,7.152557373046875e-07,1.0135938737221295e-06,9.309064097351438e-08,1.0135938737221295e-06,,,,
72,easiest,0.0038,sweep,translation,1.0,1.0,,0.7,75,174,0.020796477794647217,0.03841131925582886,0.24842029809951782,0.49738118052482605,0.17375174164772034,,,,
72,easiest,0.0038,sweep,translation,2.0,2.0,,0.7,75,174,0.03551602363586426,0.0609968900680542,0.3806270360946655,0.5894730091094971,0.19554583728313446,,,,
72,easiest,0.0038,sweep,translation,4.0,4.0,,0.7,75,174,0.029684066772460938,0.07617759704589844,0.5051778554916382,0.6004207134246826,0.23871871829032898,,,,
72,easiest,0.0038,sweep,translation,6.0,6.0,,0.7,75,174,0.028997421264648438,0.06500411033630371,0.5539467930793762,0.6792987585067749,0.24064901471138,,,,
72,easiest,0.0038,sweep,translation,8.0,8.0,,0.7,75,174,0.038816630840301514,0.07761013507843018,0.5959986448287964,0.7215221524238586,0.27586719393730164,,,,
72,easiest,0.0038,ensemble,translation,,2.0,2.0,0.7,75,174,,,,,,0.03923645243048668,0.08861156553030014,0.34203699231147766,0.44069600105285645
72,easiest,0.0038,ensemble,translation,,4.0,4.0,0.7,75,174,,,,,,0.03625044971704483,0.09536970406770706,0.4448715150356293,0.5071673393249512
72,easiest,0.0038,ensemble,translation,,6.0,6.0,0.7,75,174,,,,,,0.04498390108346939,0.10199902951717377,0.5107089281082153,0.557756781578064
72,easiest,0.0038,sweep,scaling,0.8,0.2231435513142097,,0.7,75,174,0.05940282344818115,0.1028904914855957,0.34914299845695496,0.37470531463623047,0.24362467229366302,,,,
72,easiest,0.0038,sweep,scaling,0.9,0.10536051565782628,,0.7,75,174,0.06275922060012817,0.0963544249534607,0.254224568605423,0.2746591567993164,0.20852895081043243,,,,
72,easiest,0.0038,sweep,scaling,1.0,0.0,,0.7,75,174,4.76837158203125e-07,7.152557373046875e-07,1.0135938737221295e-06,9.309064097351438e-08,1.0135938737221295e-06,,,,
72,easiest,0.0038,sweep,scaling,1.1,0.09531017980432493,,0.7,75,174,0.05096542835235596,0.0839231014251709,0.2717404067516327,0.260614812374115,0.2555394172668457,,,,
72,easiest,0.0038,sweep,scaling,1.25,0.22314355131420976,,0.7,75,174,0.0320889949798584,0.07796865701675415,0.36247244477272034,0.49025049805641174,0.26959189772605896,,,,
72,easiest,0.0038,sweep,scaling,1.5,0.4054651081081644,,0.7,75,174,0.13270831108093262,0.18051868677139282,0.49795132875442505,0.6417558789253235,0.33310598134994507,,,,
72,easiest,0.0038,ensemble,scaling,,0.1,0.1,0.7,75,174,,,,,,0.019701555371284485,0.059023015201091766,0.17898894846439362,0.14452505111694336
72,easiest,0.0038,ensemble,scaling,,0.2,0.2,0.7,75,174,,,,,,0.02914162166416645,0.08689586073160172,0.26917359232902527,0.25916069746017456
72,easiest,0.0038,ensemble,scaling,,0.3,0.3,0.7,75,174,,,,,,0.041928645223379135,0.10220660269260406,0.33559533953666687,0.32015353441238403
72,easiest,0.0038,sweep,flip,0.0,0.0,,0.7,75,174,3.5762786865234375e-07,7.152557373046875e-07,8.017433401619201e-07,7.041705885058036e-08,8.017433401619201e-07,,,,
72,easiest,0.0038,sweep,flip,1.0,1.0,,0.7,75,174,0.03786212205886841,0.07659381628036499,0.4885813593864441,0.5528228282928467,0.30864545702934265,,,,
72,easiest,0.0038,sweep,shear,0.0,0.0,,0.7,75,174,2.980232238769531e-07,7.152557373046875e-07,8.977202128335193e-07,8.927860761787088e-08,8.977202128335193e-07,,,,
72,easiest,0.0038,sweep,shear,0.05,0.05,,0.7,75,174,0.04350543022155762,0.06978058815002441,0.24257594347000122,0.16502121090888977,0.22740381956100464,,,,
72,easiest,0.0038,sweep,shear,0.1,0.1,,0.7,75,174,0.035974740982055664,0.04588460922241211,0.2446112334728241,0.27431216835975647,0.20134784281253815,,,,
72,easiest,0.0038,sweep,shear,0.2,0.2,,0.7,75,174,0.04925161600112915,0.06367790699005127,0.30542469024658203,0.3911585211753845,0.21024411916732788,,,,
72,easiest,0.0038,sweep,shear,0.3,0.3,,0.7,75,174,0.07902991771697998,0.07481217384338379,0.3775257468223572,0.4498502016067505,0.24064183235168457,,,,
72,easiest,0.0038,ensemble,shear,,0.1,0.1,0.7,75,174,,,,,,0.022836240008473396,0.05134489759802818,0.20027269423007965,0.18304653465747833
72,easiest,0.0038,ensemble,shear,,0.2,0.2,0.7,75,174,,,,,,0.021379908546805382,0.07030507177114487,0.28086045384407043,0.2900599241256714
72,easiest,0.0038,ensemble,shear,,0.3,0.3,0.7,75,174,,,,,,0.02682562731206417,0.08014456182718277,0.32419222593307495,0.34825482964515686
90,easiest,0.0017,sweep,rotation,0.0,0.0,,0.3,174,75,9.5367431640625e-07,1.2516975402832031e-06,2.256098923680838e-06,9.60645365921664e-07,2.256098923680838e-06,,,,
90,easiest,0.0017,sweep,rotation,5.0,5.0,,0.3,174,75,0.020401835441589355,0.04210096597671509,0.13262417912483215,0.12652960419654846,0.17771083116531372,,,,
90,easiest,0.0017,sweep,rotation,10.0,10.0,,0.3,174,75,0.023635268211364746,0.0487973690032959,0.15700852870941162,0.15971985459327698,0.26862025260925293,,,,
90,easiest,0.0017,sweep,rotation,20.0,20.0,,0.3,174,75,0.041153788566589355,0.06693530082702637,0.1939040869474411,0.23681659996509552,0.4537014961242676,,,,
90,easiest,0.0017,sweep,rotation,30.0,30.0,,0.3,174,75,0.018370389938354492,0.07167494297027588,0.26148903369903564,0.34210899472236633,0.5602208971977234,,,,
90,easiest,0.0017,sweep,rotation,45.0,45.0,,0.3,174,75,0.03025120496749878,0.06795823574066162,0.3198871910572052,0.3619503080844879,0.655906081199646,,,,
90,easiest,0.0017,ensemble,rotation,,10.0,10.0,0.3,174,75,,,,,,0.017532188445329666,0.05564088001847267,0.1878054291009903,0.22740092873573303
90,easiest,0.0017,ensemble,rotation,,20.0,20.0,0.3,174,75,,,,,,0.03483116626739502,0.10124209523200989,0.33662599325180054,0.4825904965400696
90,easiest,0.0017,ensemble,rotation,,30.0,30.0,0.3,174,75,,,,,,0.04541311413049698,0.12873156368732452,0.4421308636665344,0.7219669222831726
90,easiest,0.0017,sweep,translation,0.0,0.0,,0.3,174,75,9.5367431640625e-07,1.2516975402832031e-06,2.256098923680838e-06,9.60645365921664e-07,2.256098923680838e-06,,,,
90,easiest,0.0017,sweep,translation,1.0,1.0,,0.3,174,75,0.013790726661682129,0.0334201455116272,0.12878265976905823,0.1253327876329422,0.17969436943531036,,,,
90,easiest,0.0017,sweep,translation,2.0,2.0,,0.3,174,75,0.021095454692840576,0.04075103998184204,0.15972447395324707,0.16488951444625854,0.29287007451057434,,,,
90,easiest,0.0017,sweep,translation,4.0,4.0,,0.3,174,75,0.026727139949798584,0.05149519443511963,0.3069096803665161,0.42779093980789185,0.44819173216819763,,,,
90,easiest,0.0017,sweep,translation,6.0,6.0,,0.3,174,75,0.12795156240463257,0.27006006240844727,0.6900562644004822,1.2822668552398682,0.7144460082054138,,,,
90,easiest,0.0017,sweep,translation,8.0,8.0,,0.3,174,75,0.05461931228637695,0.12277483940124512,0.6474213004112244,0.9897212982177734,0.5241299271583557,,,,
90,easiest,0.0017,ensemble,translation,,2.0,2.0,0.3,174,75,,,,,,0.02246704138815403,0.07663936913013458,0.2865769863128662,0.39081618189811707
90,easiest,0.0017,ensemble,translation,,4.0,4.0,0.3,174,75,,,,,,0.03547103330492973,0.09778355807065964,0.39299121499061584,0.5871080756187439
90,easiest,0.0017,ensemble,translation,,6.0,6.0,0.3,174,75,,,,,,0.05111782252788544,0.10789415240287781,0.3912704288959503,0.627558171749115
90,easiest,0.0017,sweep,scaling,0.8,0.2231435513142097,,0.3,174,75,0.03116905689239502,0.07007479667663574,0.32321518659591675,0.4439610242843628,0.35964536666870117,,,,
90,easiest,0.0017,sweep,scaling,0.9,0.10536051565782628,,0.3,174,75,0.02027970552444458,0.053384482860565186,0.15203754603862762,0.1696826070547104,0.2195669561624527,,,,
90,easiest,0.0017,sweep,scaling,1.0,0.0,,0.3,174,75,9.5367431640625e-07,1.2516975402832031e-06,2.256098923680838e-06,9.60645365921664e-07,2.256098923680838e-06,,,,
90,easiest,0.0017,sweep,scaling,1.1,0.09531017980432493,,0.3,174,75,0.03549027442932129,0.06597006320953369,0.19950267672538757,0.20137649774551392,0.2720916271209717,,,,
90,easiest,0.0017,sweep,scaling,1.25,0.22314355131420976,,0.3,174,75,0.08138227462768555,0.1289772391319275,0.5653295516967773,0.785041093826294,0.5757766366004944,,,,
90,easiest,0.0017,sweep,scaling,1.5,0.4054651081081644,,0.3,174,75,0.04368436336517334,0.13987571001052856,0.6075810194015503,0.9525705575942993,0.6250486373901367,,,,
90,easiest,0.0017,ensemble,scaling,,0.1,0.1,0.3,174,75,,,,,,0.017811352387070656,0.039555229246616364,0.11236943304538727,0.12810549139976501
90,easiest,0.0017,ensemble,scaling,,0.2,0.2,0.3,174,75,,,,,,0.03216124325990677,0.059347428381443024,0.20773020386695862,0.2577139139175415
90,easiest,0.0017,ensemble,scaling,,0.3,0.3,0.3,174,75,,,,,,0.04638274386525154,0.08591917157173157,0.3239835202693939,0.4575820565223694
90,easiest,0.0017,sweep,flip,0.0,0.0,,0.3,174,75,1.0132789611816406e-06,1.3113021850585938e-06,1.8740183804766275e-06,6.855403853478492e-07,1.8740183804766275e-06,,,,
90,easiest,0.0017,sweep,flip,1.0,1.0,,0.3,174,75,0.0686408281326294,0.21637564897537231,0.6949646472930908,1.4794530868530273,0.7441121339797974,,,,
90,easiest,0.0017,sweep,shear,0.0,0.0,,0.3,174,75,5.960464477539062e-07,8.344650268554688e-07,1.0533622116781771e-06,2.75173732688927e-07,1.0533622116781771e-06,,,,
90,easiest,0.0017,sweep,shear,0.05,0.05,,0.3,174,75,0.0015079975128173828,0.003344118595123291,0.009411776438355446,0.0068406760692596436,0.04370903968811035,,,,
90,easiest,0.0017,sweep,shear,0.1,0.1,,0.3,174,75,0.014312267303466797,0.03604936599731445,0.07120943814516068,0.05925196409225464,0.12494434416294098,,,,
90,easiest,0.0017,sweep,shear,0.2,0.2,,0.3,174,75,0.03523129224777222,0.07474261522293091,0.2697337567806244,0.2991567850112915,0.26863065361976624,,,,
90,easiest,0.0017,sweep,shear,0.3,0.3,,0.3,174,75,0.03398025035858154,0.10575997829437256,0.3404976725578308,0.38534390926361084,0.3385997712612152,,,,
90,easiest,0.0017,ensemble,shear,,0.1,0.1,0.3,174,75,,,,,,0.010953950695693493,0.028461378067731857,0.06716104596853256,0.06065865233540535
90,easiest,0.0017,ensemble,shear,,0.2,0.2,0.3,174,75,,,,,,0.017270896583795547,0.040175821632146835,0.1263415515422821,0.1353563815355301
90,easiest,0.0017,ensemble,shear,,0.3,0.3,0.3,174,75,,,,,,0.01745058037340641,0.06024721637368202,0.15226054191589355,0.1758604347705841
90,easiest,0.0017,sweep,rotation,0.0,0.0,,0.5,124,125,8.344650268554688e-07,7.748603820800781e-07,8.059950005190331e-07,8.79021797572932e-08,8.059950005190331e-07,,,,
90,easiest,0.0017,sweep,rotation,5.0,5.0,,0.5,124,125,0.023235797882080078,0.05082648992538452,0.23895663022994995,0.29486873745918274,0.22292421758174896,,,,
90,easiest,0.0017,sweep,rotation,10.0,10.0,,0.5,124,125,0.08640944957733154,0.07440459728240967,0.3772549033164978,0.5162174701690674,0.3258619010448456,,,,
90,easiest,0.0017,sweep,rotation,20.0,20.0,,0.5,124,125,0.0858081579208374,0.11204808950424194,0.5153294801712036,0.774531900882721,0.4126831293106079,,,,
90,easiest,0.0017,sweep,rotation,30.0,30.0,,0.5,124,125,0.10573667287826538,0.13960134983062744,0.5991695523262024,0.9998548030853271,0.5180492997169495,,,,
90,easiest,0.0017,sweep,rotation,45.0,45.0,,0.5,124,125,0.11346292495727539,0.13593411445617676,0.6418524980545044,1.2218196392059326,0.5100115537643433,,,,
90,easiest,0.0017,ensemble,rotation,,10.0,10.0,0.5,124,125,,,,,,0.037118591368198395,0.07336250692605972,0.28961610794067383,0.38291135430336
90,easiest,0.0017,ensemble,rotation,,20.0,20.0,0.5,124,125,,,,,,0.049126338213682175,0.09483729302883148,0.43587619066238403,0.6226831674575806
90,easiest,0.0017,ensemble,rotation,,30.0,30.0,0.5,124,125,,,,,,0.05021701008081436,0.1202230155467987,0.5060123801231384,0.7841581702232361
90,easiest,0.0017,sweep,translation,0.0,0.0,,0.5,124,125,8.344650268554688e-07,7.748603820800781e-07,8.059950005190331e-07,8.79021797572932e-08,8.059950005190331e-07,,,,
90,easiest,0.0017,sweep,translation,1.0,1.0,,0.5,124,125,0.08477210998535156,0.0892108678817749,0.3745151162147522,0.5028787851333618,0.3275562524795532,,,,
90,easiest,0.0017,sweep,translation,2.0,2.0,,0.5,124,125,0.07948589324951172,0.101284921169281,0.40105506777763367,0.5351542830467224,0.3247684836387634,,,,
90,easiest,0.0017,sweep,translation,4.0,4.0,,0.5,124,125,0.09469300508499146,0.1291440725326538,0.4517732262611389,0.6920508146286011,0.3090653717517853,,,,
90,easiest,0.0017,sweep,translation,6.0,6.0,,0.5,124,125,0.08686327934265137,0.13189077377319336,0.5344078540802002,0.8603848814964294,0.34652143716812134,,,,
90,easiest,0.0017,sweep,translation,8.0,8.0,,0.5,124,125,0.08623194694519043,0.10833847522735596,0.6013242602348328,1.123950719833374,0.4268683195114136,,,,
90,easiest,0.0017,ensemble,translation,,2.0,2.0,0.5,124,125,,,,,,0.05223989859223366,0.08747272938489914,0.41851770877838135,0.6126629710197449
90,easiest,0.0017,ensemble,translation,,4.0,4.0,0.5,124,125,,,,,,0.04781685769557953,0.10443998128175735,0.5438165664672852,0.8779029846191406
90,easiest,0.0017,ensemble,translation,,6.0,6.0,0.5,124,125,,,,,,0.042061131447553635,0.10990647226572037,0.6025656461715698,1.0453797578811646
90,easiest,0.0017,sweep,scaling,0.8,0.2231435513142097,,0.5,124,125,0.09723371267318726,0.1301783323287964,0.5229437351226807,0.6670078635215759,0.4618796706199646,,,,
90,easiest,0.0017,sweep,scaling,0.9,0.10536051565782628,,0.5,124,125,0.09325993061065674,0.10134285688400269,0.3568718135356903,0.4804697632789612,0.3615134358406067,,,,
90,easiest,0.0017,sweep,scaling,1.0,0.0,,0.5,124,125,8.344650268554688e-07,7.748603820800781e-07,8.059950005190331e-07,8.79021797572932e-08,8.059950005190331e-07,,,,
90,easiest,0.0017,sweep,scaling,1.1,0.09531017980432493,,0.5,124,125,0.08173531293869019,0.0755685567855835,0.3730686902999878,0.4750756323337555,0.33257701992988586,,,,
90,easiest,0.0017,sweep,scaling,1.25,0.22314355131420976,,0.5,124,125,0.08078181743621826,0.10122263431549072,0.4899982810020447,0.712681770324707,0.4242842197418213,,,,
90,easiest,0.0017,sweep,scaling,1.5,0.4054651081081644,,0.5,124,125,0.09809082746505737,0.10974138975143433,0.5553405284881592,0.8106939792633057,0.43321865797042847,,,,
90,easiest,0.0017,ensemble,scaling,,0.1,0.1,0.5,124,125,,,,,,0.050145599991083145,0.07056835293769836,0.3016120493412018,0.33989137411117554
90,easiest,0.0017,ensemble,scaling,,0.2,0.2,0.5,124,125,,,,,,0.0500936359167099,0.0922955647110939,0.4089928865432739,0.5200304985046387
90,easiest,0.0017,ensemble,scaling,,0.3,0.3,0.5,124,125,,,,,,0.04534701630473137,0.11878915876150131,0.4649205207824707,0.611958384513855
90,easiest,0.0017,sweep,flip,0.0,0.0,,0.5,124,125,5.364418029785156e-07,7.152557373046875e-07,7.646693234164559e-07,1.1215377071494004e-07,7.646693234164559e-07,,,,
90,easiest,0.0017,sweep,flip,1.0,1.0,,0.5,124,125,0.082541823387146,0.16504508256912231,0.7521297931671143,1.4089791774749756,0.44034498929977417,,,,
90,easiest,0.0017,sweep,shear,0.0,0.0,,0.5,124,125,8.940696716308594e-07,7.152557373046875e-07,1.3402197964751394e-06,2.8900595339109714e-07,1.3402197964751394e-06,,,,
90,easiest,0.0017,sweep,shear,0.05,0.05,,0.5,124,125,0.07341611385345459,0.062198102474212646,0.25997671484947205,0.2787948250770569,0.24374091625213623,,,,
90,easiest,0.0017,sweep,shear,0.1,0.1,,0.5,124,125,0.07316195964813232,0.065238356590271,0.2630614638328552,0.3123863935470581,0.23562604188919067,,,,
90,easiest,0.0017,sweep,shear,0.2,0.2,,0.5,124,125,0.08201408386230469,0.0788336992263794,0.286111980676651,0.4031038284301758,0.2366006225347519,,,,
90,easiest,0.0017,sweep,shear,0.3,0.3,,0.5,124,125,0.07009947299957275,0.09370601177215576,0.375643253326416,0.5237038135528564,0.33431175351142883,,,,
90,easiest,0.0017,ensemble,shear,,0.1,0.1,0.5,124,125,,,,,,0.03584135323762894,0.053331878036260605,0.17375044524669647,0.20377637445926666
90,easiest,0.0017,ensemble,shear,,0.2,0.2,0.5,124,125,,,,,,0.045444149523973465,0.07325488328933716,0.22964687645435333,0.2981051802635193
90,easiest,0.0017,ensemble,shear,,0.3,0.3,0.5,124,125,,,,,,0.03923484683036804,0.08676831424236298,0.2918936014175415,0.37692728638648987
90,easiest,0.0017,sweep,rotation,0.0,0.0,,0.7,75,174,2.384185791015625e-07,3.5762786865234375e-07,7.379928206319164e-07,3.117679270303597e-08,7.379928206319164e-07,,,,
90,easiest,0.0017,sweep,rotation,5.0,5.0,,0.7,75,174,0.023847877979278564,0.03821587562561035,0.20463089644908905,0.35798409581184387,0.16245737671852112,,,,
90,easiest,0.0017,sweep,rotation,10.0,10.0,,0.7,75,174,0.02007925510406494,0.04829752445220947,0.3562108874320984,0.6310228705406189,0.2201838344335556,,,,
90,easiest,0.0017,sweep,rotation,20.0,20.0,,0.7,75,174,0.02894449234008789,0.07655072212219238,0.5304544568061829,0.9153628349304199,0.23968605697155,,,,
90,easiest,0.0017,sweep,rotation,30.0,30.0,,0.7,75,174,0.029015779495239258,0.13804614543914795,0.6035240888595581,1.0723493099212646,0.28985297679901123,,,,
90,easiest,0.0017,sweep,rotation,45.0,45.0,,0.7,75,174,0.036937713623046875,0.1273937225341797,0.6624902486801147,1.3690437078475952,0.30169767141342163,,,,
90,easiest,0.0017,ensemble,rotation,,10.0,10.0,0.7,75,174,,,,,,0.013254675082862377,0.045759882777929306,0.27954697608947754,0.44846415519714355
90,easiest,0.0017,ensemble,rotation,,20.0,20.0,0.7,75,174,,,,,,0.020106492564082146,0.07138275355100632,0.4230557382106781,0.7088642716407776
90,easiest,0.0017,ensemble,rotation,,30.0,30.0,0.7,75,174,,,,,,0.01907111145555973,0.08169416338205338,0.49888843297958374,0.8889830708503723
90,easiest,0.0017,sweep,translation,0.0,0.0,,0.7,75,174,2.384185791015625e-07,3.5762786865234375e-07,7.379928206319164e-07,3.117679270303597e-08,7.379928206319164e-07,,,,
90,easiest,0.0017,sweep,translation,1.0,1.0,,0.7,75,174,0.013694465160369873,0.04566502571105957,0.21001148223876953,0.3975328207015991,0.14465434849262238,,,,
90,easiest,0.0017,sweep,translation,2.0,2.0,,0.7,75,174,0.017135024070739746,0.07036799192428589,0.3249683380126953,0.6295400261878967,0.17073746025562286,,,,
90,easiest,0.0017,sweep,translation,4.0,4.0,,0.7,75,174,0.023413002490997314,0.09820437431335449,0.5040692090988159,0.9928059577941895,0.20966747403144836,,,,
90,easiest,0.0017,sweep,translation,6.0,6.0,,0.7,75,174,0.023821115493774414,0.10134220123291016,0.5814871191978455,1.1864392757415771,0.21288132667541504,,,,
90,easiest,0.0017,sweep,translation,8.0,8.0,,0.7,75,174,0.025796353816986084,0.1294829249382019,0.6419017910957336,1.3562877178192139,0.22893837094306946,,,,
90,easiest,0.0017,ensemble,translation,,2.0,2.0,0.7,75,174,,,,,,0.021315092220902443,0.052192166447639465,0.40900567173957825,0.7131372690200806
90,easiest,0.0017,ensemble,translation,,4.0,4.0,0.7,75,174,,,,,,0.024540508165955544,0.08281432092189789,0.5478765368461609,1.0638859272003174
90,easiest,0.0017,ensemble,translation,,6.0,6.0,0.7,75,174,,,,,,0.041385337710380554,0.09174459427595139,0.6278119087219238,1.227142095565796
90,easiest,0.0017,sweep,scaling,0.8,0.2231435513142097,,0.7,75,174,0.032511115074157715,0.07449781894683838,0.4571729004383087,0.80555260181427,0.28373783826828003,,,,
90,easiest,0.0017,sweep,scaling,0.9,0.10536051565782628,,0.7,75,174,0.01860630512237549,0.04226887226104736,0.28573358058929443,0.4879501461982727,0.19708582758903503,,,,
90,easiest,0.0017,sweep,scaling,1.0,0.0,,0.7,75,174,2.384185791015625e-07,3.5762786865234375e-07,7.379928206319164e-07,3.117679270303597e-08,7.379928206319164e-07,,,,
90,easiest,0.0017,sweep,scaling,1.1,0.09531017980432493,,0.7,75,174,0.01992976665496826,0.05488300323486328,0.28677791357040405,0.5238533616065979,0.18491357564926147,,,,
90,easiest,0.0017,sweep,scaling,1.25,0.22314355131420976,,0.7,75,174,0.028442203998565674,0.08044171333312988,0.48860523104667664,0.94969242811203,0.26033055782318115,,,,
90,easiest,0.0017,sweep,scaling,1.5,0.4054651081081644,,0.7,75,174,0.088897705078125,0.11993986368179321,0.612901508808136,1.166939616203308,0.31671133637428284,,,,
90,easiest,0.0017,ensemble,scaling,,0.1,0.1,0.7,75,174,,,,,,0.013706577941775322,0.04513091966509819,0.2209264189004898,0.33005988597869873
90,easiest,0.0017,ensemble,scaling,,0.2,0.2,0.7,75,174,,,,,,0.027931900694966316,0.06195688620209694,0.3450770676136017,0.5774667859077454
90,easiest,0.0017,ensemble,scaling,,0.3,0.3,0.7,75,174,,,,,,0.03409112989902496,0.07737214863300323,0.43253642320632935,0.738679051399231
90,easiest,0.0017,sweep,flip,0.0,0.0,,0.7,75,174,2.384185791015625e-07,5.364418029785156e-07,7.116105962268193e-07,4.233147166132767e-08,7.116105962268193e-07,,,,
90,easiest,0.0017,sweep,flip,1.0,1.0,,0.7,75,174,0.022408783435821533,0.10161960124969482,0.665637731552124,1.5329861640930176,0.22683900594711304,,,,
90,easiest,0.0017,sweep,shear,0.0,0.0,,0.7,75,174,4.172325134277344e-07,5.364418029785156e-07,6.739546165590582e-07,3.3627785001044685e-08,6.739546165590582e-07,,,,
90,easiest,0.0017,sweep,shear,0.05,0.05,,0.7,75,174,0.014505922794342041,0.0244523286819458,0.10827088356018066,0.11014825105667114,0.1126524806022644,,,,
90,easiest,0.0017,sweep,shear,0.1,0.1,,0.7,75,174,0.017582714557647705,0.03357118368148804,0.1769663244485855,0.27492755651474,0.1307535469532013,,,,
90,easiest,0.0017,sweep,shear,0.2,0.2,,0.7,75,174,0.014984369277954102,0.04921364784240723,0.2745067775249481,0.46932077407836914,0.16667908430099487,,,,
90,easiest,0.0017,sweep,shear,0.3,0.3,,0.7,75,174,0.024973392486572266,0.06481963396072388,0.3714785575866699,0.622136116027832,0.19210068881511688,,,,
90,easiest,0.0017,ensemble,shear,,0.1,0.1,0.7,75,174,,,,,,0.010434883646667004,0.030770346522331238,0.1256081908941269,0.18114891648292542
90,easiest,0.0017,ensemble,shear,,0.2,0.2,0.7,75,174,,,,,,0.013067907653748989,0.04728563129901886,0.22106720507144928,0.34209898114204407
90,easiest,0.0017,ensemble,shear,,0.3,0.3,0.7,75,174,,,,,,0.01687679812312126,0.056915003806352615,0.2867278456687927,0.45849475264549255
