clip_pair_cosdist,clip_var,dino_pair_cosdist,dino_var,lpips_pair,latent_mse_pair,pixel_mse_pair,clip_dist_to_ref,dino_dist_to_ref,lpips_to_ref,class_id,mode,k,noise_type,t_frac,t_idx,start_idx
0.12998715043067932,0.11380555480718613,0.18791760504245758,0.1644166111946106,0.6601003408432007,1.4780679941177368,0.13951252400875092,0.13495750725269318,0.1405554711818695,0.69800865650177,63,denoise,0,gaussian,0.3,174,174
0.020523887127637863,0.01798727735877037,0.02688951976597309,0.023531481623649597,0.1809045672416687,0.2479105144739151,0.024698840454220772,0.12395954132080078,0.0909002274274826,0.7255325317382812,63,perturb,1,gaussian,0.3,174,175
0.05829454958438873,0.05104755237698555,0.07009671628475189,0.06133203208446503,0.2910296618938446,0.4326404929161072,0.04088515788316727,0.12906238436698914,0.10444149374961853,0.7240666151046753,63,perturb,2,gaussian,0.3,174,176
0.07450082898139954,0.06516951322555542,0.11881443858146667,0.10396195948123932,0.40174439549446106,0.6129827499389648,0.05836663395166397,0.12245668470859528,0.11612784117460251,0.7098945379257202,63,perturb,5,gaussian,0.3,174,179
0.11363013088703156,0.09943988174200058,0.10007618367671967,0.08757967501878738,0.39756593108177185,0.922696590423584,0.07071351259946823,0.1092485710978508,0.08261959254741669,0.40352529287338257,63,denoise,0,gaussian,0.5,124,124
0.07401837408542633,0.0647532120347023,0.057532329112291336,0.050353921949863434,0.18972374498844147,0.22638073563575745,0.025858597829937935,0.1372247189283371,0.11696082353591919,0.42041000723838806,63,perturb,1,gaussian,0.5,124,125
0.07982628047466278,0.06980259716510773,0.07621347159147263,0.06668926030397415,0.23632323741912842,0.2798967957496643,0.030956469476222992,0.130869060754776,0.12609121203422546,0.4443778991699219,63,perturb,2,gaussian,0.5,124,126
0.10523770749568939,0.09214600920677185,0.0767635852098465,0.0671594962477684,0.3225442171096802,0.441358357667923,0.050149258226156235,0.14045298099517822,0.11754811555147171,0.46571651101112366,63,perturb,5,gaussian,0.5,124,129
0.046209659427404404,0.04046056419610977,0.03929082304239273,0.03438564017415047,0.21954816579818726,0.39445415139198303,0.021590182557702065,0.061516858637332916,0.03394559025764465,0.24560409784317017,63,denoise,0,gaussian,0.7,75,75
0.007174264639616013,0.00630018999800086,0.005446151364594698,0.004750506021082401,0.024598481133580208,0.018330778926610947,0.002378370612859726,0.06901364773511887,0.04553940147161484,0.24399763345718384,63,perturb,1,gaussian,0.7,75,76
0.013681972399353981,0.011963052675127983,0.007815046235918999,0.006832337938249111,0.04210665076971054,0.03465472161769867,0.00432834355160594,0.07177283614873886,0.04265497624874115,0.24413549900054932,63,perturb,2,gaussian,0.7,75,77
0.038600482046604156,0.03368555009365082,0.016067024320364,0.014058221131563187,0.11115555465221405,0.07575380057096481,0.008846609853208065,0.07496614009141922,0.040760599076747894,0.25861650705337524,63,perturb,5,gaussian,0.7,75,80
0.11830589175224304,0.10345955938100815,0.34307271242141724,0.300175279378891,0.5847794413566589,1.0229096412658691,0.10607948154211044,0.17173027992248535,0.4525004029273987,0.6569555997848511,38,denoise,0,gaussian,0.3,174,174
0.06004594266414642,0.052496448159217834,0.12563341856002808,0.1099342331290245,0.17294280230998993,0.18900911509990692,0.026729218661785126,0.20942768454551697,0.5026062726974487,0.6508980989456177,38,perturb,1,gaussian,0.3,174,175
0.06906017661094666,0.060388535261154175,0.13165991008281708,0.1152072325348854,0.17682304978370667,0.18676067888736725,0.027481989935040474,0.22114074230194092,0.4888535737991333,0.6521239280700684,38,perturb,2,gaussian,0.3,174,176
0.08266505599021912,0.0723310261964798,0.16697145998477936,0.14608946442604065,0.23867079615592957,0.2894972562789917,0.03613686561584473,0.1998859941959381,0.4809735417366028,0.6517033576965332,38,perturb,5,gaussian,0.3,174,179
0.07112047076225281,0.06221134960651398,0.16571293771266937,0.14498627185821533,0.40318015217781067,0.6232292056083679,0.026921182870864868,0.06752867251634598,0.17956498265266418,0.39573934674263,38,denoise,0,gaussian,0.5,124,124
0.05775962024927139,0.050441816449165344,0.15087240934371948,0.13200515508651733,0.23113109171390533,0.21415743231773376,0.01439595315605402,0.08459846675395966,0.2393694967031479,0.43188703060150146,38,perturb,1,gaussian,0.5,124,125
0.07155990600585938,0.0625709593296051,0.20217424631118774,0.17690545320510864,0.3064894676208496,0.26833412051200867,0.01920466125011444,0.07688967883586884,0.23863723874092102,0.4370149075984955,38,perturb,2,gaussian,0.5,124,126
0.06789791584014893,0.05948854237794876,0.2527362108230591,0.22115275263786316,0.3594307005405426,0.316995233297348,0.023770535364747047,0.07191463559865952,0.2535334527492523,0.4383595287799835,38,perturb,5,gaussian,0.5,124,129
0.048861242830753326,0.04275341331958771,0.1086798757314682,0.09509836882352829,0.2562789022922516,0.3481934666633606,0.00879939366132021,0.055000483989715576,0.13114222884178162,0.27271246910095215,38,denoise,0,gaussian,0.7,75,75
0.00967193953692913,0.008405942469835281,0.029092684388160706,0.0254693403840065,0.03748413175344467,0.018431050702929497,0.001322165597230196,0.045399852097034454,0.12854181230068207,0.25425752997398376,38,perturb,1,gaussian,0.7,75,76
0.0113514494150877,0.009938843548297882,0.04232640564441681,0.03702668845653534,0.0542910173535347,0.029168836772441864,0.001925119897350669,0.04463642090559006,0.12695607542991638,0.25312817096710205,38,perturb,2,gaussian,0.7,75,77
0.02107160910964012,0.018438216298818588,0.07193928956985474,0.0629570260643959,0.08915305882692337,0.06021348387002945,0.003654422936961055,0.04873374104499817,0.1315423846244812,0.25700289011001587,38,perturb,5,gaussian,0.7,75,80
0.15418939292430878,0.13483498990535736,0.4369460642337799,0.38233238458633423,0.6172289252281189,1.263413667678833,0.1364855170249939,0.20176181197166443,0.40337073802948,0.7007637619972229,34,denoise,0,gaussian,0.3,174,174
0.11324987560510635,0.09914787858724594,0.22532883286476135,0.19716671109199524,0.36560115218162537,0.4170779585838318,0.04683651402592659,0.2125101238489151,0.3745061755180359,0.6710443496704102,34,perturb,1,gaussian,0.3,174,175
0.11078618466854095,0.09693319350481033,0.23764771223068237,0.20794577896595,0.42917871475219727,0.5120129585266113,0.059979092329740524,0.2083035111427307,0.349901407957077,0.6751372814178467,34,perturb,2,gaussian,0.3,174,176
0.11475809663534164,0.10040740668773651,0.32782456278800964,0.2868538200855255,0.5161757469177246,0.7978264093399048,0.10261520743370056,0.1931510865688324,0.36086153984069824,0.6759161949157715,34,perturb,5,gaussian,0.3,174,179
0.09150537848472595,0.08019698411226273,0.19405178725719452,0.16979312896728516,0.43638020753860474,0.6401900053024292,0.03432437404990196,0.09308353066444397,0.16567206382751465,0.4875403940677643,34,denoise,0,gaussian,0.5,124,124
0.04343796893954277,0.038097918033599854,0.08347610384225845,0.07301872968673706,0.15747134387493134,0.13511309027671814,0.01191870030015707,0.07398421317338943,0.15257489681243896,0.42971837520599365,34,perturb,1,gaussian,0.5,124,125
0.05691586434841156,0.049821674823760986,0.08163806796073914,0.0714261382818222,0.16398493945598602,0.14354164898395538,0.01262117363512516,0.08423344790935516,0.15175548195838928,0.430669903755188,34,perturb,2,gaussian,0.5,124,126
0.10199210047721863,0.08919373899698257,0.11497718095779419,0.10058753192424774,0.3145809769630432,0.2884943187236786,0.02639787271618843,0.10056531429290771,0.1469877064228058,0.4487720727920532,34,perturb,5,gaussian,0.5,124,129
0.04145924746990204,0.03622124716639519,0.0636177808046341,0.055652182549238205,0.20423391461372375,0.36372390389442444,0.018347688019275665,0.03194914758205414,0.06389766931533813,0.22777248919010162,34,denoise,0,gaussian,0.7,75,75
0.008086377754807472,0.007038586772978306,0.01335983444005251,0.011704416945576668,0.03714459016919136,0.013051627203822136,0.002073359675705433,0.02279715985059738,0.06532850861549377,0.21105913817882538,34,perturb,1,gaussian,0.7,75,76
0.013924271799623966,0.01218342874199152,0.022053921595215797,0.019307203590869904,0.057003118097782135,0.024609070271253586,0.0035367708187550306,0.0254666730761528,0.06438335031270981,0.21919924020767212,34,perturb,2,gaussian,0.7,75,77
0.03164602443575859,0.027648283168673515,0.04667000100016594,0.04084755480289459,0.10333976149559021,0.06198616698384285,0.0072312247939407825,0.032045021653175354,0.07597419619560242,0.2345297783613205,34,perturb,5,gaussian,0.7,75,80
0.12361201643943787,0.1082095354795456,0.2907406687736511,0.25441139936447144,0.6323966383934021,1.2914292812347412,0.102060966193676,0.1371709406375885,0.2474275827407837,0.6179152727127075,47,denoise,0,gaussian,0.3,174,174
0.06093136966228485,0.053428638726472855,0.13988438248634338,0.12241217494010925,0.35199227929115295,0.405204176902771,0.029211774468421936,0.14419500529766083,0.210377037525177,0.5786969661712646,47,perturb,1,gaussian,0.3,174,175
0.08844231814146042,0.0774521678686142,0.15945355594158173,0.13951972126960754,0.42372405529022217,0.5003885626792908,0.03872229531407356,0.15706869959831238,0.21675366163253784,0.5899558067321777,47,perturb,2,gaussian,0.3,174,176
0.10921979695558548,0.09565700590610504,0.20267976820468903,0.1773538887500763,0.46400874853134155,0.6195379495620728,0.056425102055072784,0.14607979357242584,0.24851998686790466,0.617746889591217,47,perturb,5,gaussian,0.3,174,179
0.06694547086954117,0.0585850328207016,0.18602362275123596,0.16276779770851135,0.40069302916526794,0.8424866795539856,0.058990251272916794,0.08748983591794968,0.16340528428554535,0.42453843355178833,47,denoise,0,gaussian,0.5,124,124
0.025950532406568527,0.02263210527598858,0.04698420315980911,0.04110840708017349,0.15756350755691528,0.1663585752248764,0.016491107642650604,0.08108140528202057,0.11431311815977097,0.4088362455368042,47,perturb,1,gaussian,0.5,124,125
0.026877183467149734,0.023508407175540924,0.051202502101659775,0.044792525470256805,0.17880839109420776,0.19364653527736664,0.018990198150277138,0.08151712268590927,0.11051851511001587,0.4126090109348297,47,perturb,2,gaussian,0.5,124,126
0.0464625284075737,0.040476568043231964,0.08720526099205017,0.07630842179059982,0.27247533202171326,0.34534981846809387,0.03574955090880394,0.08611447364091873,0.11676784604787827,0.4180074632167816,47,perturb,5,gaussian,0.5,124,129
0.039100490510463715,0.03421073779463768,0.08146178722381592,0.07126354426145554,0.22682473063468933,0.35566189885139465,0.020730894058942795,0.059379689395427704,0.08242108672857285,0.24267107248306274,47,denoise,0,gaussian,0.7,75,75
0.009413404390215874,0.008215805515646935,0.018688581883907318,0.016352547332644463,0.05357111617922783,0.030888304114341736,0.0028109163977205753,0.05798572301864624,0.0791008472442627,0.25575563311576843,47,perturb,1,gaussian,0.7,75,76
0.013713132590055466,0.01191699504852295,0.025981461629271507,0.022732388228178024,0.07704310864210129,0.04839915409684181,0.0043136305175721645,0.056463949382305145,0.07757534086704254,0.25441789627075195,47,perturb,2,gaussian,0.7,75,77
0.02232586406171322,0.019527742639183998,0.04406115040183067,0.038548216223716736,0.12351251393556595,0.09302201122045517,0.007913423702120781,0.06113789975643158,0.07895173132419586,0.2548842132091522,47,perturb,5,gaussian,0.7,75,80
0.16402752697467804,0.14351655542850494,0.4816184341907501,0.4214220643043518,0.604508638381958,1.2584750652313232,0.13415002822875977,0.16026487946510315,0.36013972759246826,0.5722806453704834,51,denoise,0,gaussian,0.3,174,174
0.058668769896030426,0.051278773695230484,0.18455392122268677,0.1614849865436554,0.27728718519210815,0.4282134771347046,0.04576292261481285,0.12615767121315002,0.24382328987121582,0.5419156551361084,51,perturb,1,gaussian,0.3,174,175
0.05832105129957199,0.05098295211791992,0.17142386734485626,0.14999058842658997,0.30559930205345154,0.46896183490753174,0.04990069195628166,0.11928242444992065,0.21582671999931335,0.5450249910354614,51,perturb,2,gaussian,0.3,174,176
0.06888336688280106,0.06022273749113083,0.21731142699718475,0.19014516472816467,0.35076478123664856,0.5505307912826538,0.058588068932294846,0.12356211990118027,0.22284168004989624,0.5474432110786438,51,perturb,5,gaussian,0.3,174,179
0.04810895398259163,0.04210362583398819,0.1757524609565735,0.15378199517726898,0.2705093324184418,0.5172219276428223,0.03665195405483246,0.08205117285251617,0.16349643468856812,0.284859836101532,51,denoise,0,gaussian,0.5,124,124
0.024321120232343674,0.021258922293782234,0.03604135662317276,0.03153616935014725,0.0675235316157341,0.0706406831741333,0.006109417881816626,0.10013842582702637,0.17373348772525787,0.32291772961616516,51,perturb,1,gaussian,0.5,124,125
0.025583701208233833,0.02238648012280464,0.046893466264009476,0.04104471951723099,0.08707939088344574,0.09447149187326431,0.008456911891698837,0.09787972271442413,0.17425058782100677,0.32369932532310486,51,perturb,2,gaussian,0.5,124,126
0.0295051708817482,0.02579345926642418,0.07364251464605331,0.06444375216960907,0.1515023559331894,0.181082084774971,0.017162734642624855,0.08912718296051025,0.18008244037628174,0.3356860280036926,51,perturb,5,gaussian,0.5,124,129
0.04035308584570885,0.0352746844291687,0.12177905440330505,0.10655303299427032,0.16584709286689758,0.25821346044540405,0.017494656145572662,0.05802790820598602,0.10796263068914413,0.1690024733543396,51,denoise,0,gaussian,0.7,75,75
0.007709367200732231,0.00671292282640934,0.04375053569674492,0.03828909248113632,0.04346102848649025,0.022504713386297226,0.002644548425450921,0.06355226784944534,0.11979181319475174,0.17699451744556427,51,perturb,1,gaussian,0.7,75,76
0.011059371754527092,0.009623526595532894,0.05622606724500656,0.04918540641665459,0.062490612268447876,0.03827102109789848,0.004023596178740263,0.0688282698392868,0.11833098530769348,0.17597784101963043,51,perturb,2,gaussian,0.7,75,77
0.02063404582440853,0.018074512481689453,0.0756361186504364,0.06618639826774597,0.09018508344888687,0.07030147314071655,0.006608074530959129,0.06979137659072876,0.12291685491800308,0.17877045273780823,51,perturb,5,gaussian,0.7,75,80
0.07366512715816498,0.06454154849052429,0.29547643661499023,0.25854143500328064,0.4744747281074524,0.7609196305274963,0.05933167040348053,0.08254320919513702,0.3551061153411865,0.4711955487728119,33,denoise,0,gaussian,0.3,174,174
0.04250120744109154,0.03724384307861328,0.17445418238639832,0.1526699811220169,0.2797721326351166,0.18403394520282745,0.014248925261199474,0.07525458186864853,0.32805824279785156,0.4031882882118225,33,perturb,1,gaussian,0.3,174,175
0.042122092097997665,0.03694266825914383,0.18412010371685028,0.16109660267829895,0.27801260352134705,0.20099793374538422,0.014847783371806145,0.07021491229534149,0.3340294063091278,0.39814791083335876,33,perturb,2,gaussian,0.3,174,176
0.047169279307127,0.04130769148468971,0.19969020783901215,0.17471259832382202,0.3064296841621399,0.23446106910705566,0.019072143360972404,0.07059220969676971,0.31333276629447937,0.41516292095184326,33,perturb,5,gaussian,0.3,174,179
0.05624287575483322,0.04922422394156456,0.19962932169437408,0.17469953000545502,0.2818591594696045,0.45625701546669006,0.012872990220785141,0.062171779572963715,0.311130166053772,0.2914673984050751,33,denoise,0,gaussian,0.5,124,124
0.03651309013366699,0.03194735199213028,0.15257063508033752,0.1334991306066513,0.16945353150367737,0.12310222536325455,0.004346981178969145,0.09516087174415588,0.32556140422821045,0.2652401328086853,33,perturb,1,gaussian,0.5,124,125
0.031190719455480576,0.02725638821721077,0.15505024790763855,0.13567960262298584,0.1725732684135437,0.1273820400238037,0.00459679588675499,0.06865647435188293,0.3248457908630371,0.26361000537872314,33,perturb,2,gaussian,0.5,124,126
0.05247665196657181,0.04591809958219528,0.1981695145368576,0.17338040471076965,0.20801861584186554,0.155575692653656,0.006203315686434507,0.06149783730506897,0.31372973322868347,0.26782095432281494,33,perturb,5,gaussian,0.5,124,129
0.04499927535653114,0.039395399391651154,0.12693923711776733,0.11107194423675537,0.1229732409119606,0.23467311263084412,0.004546205047518015,0.04141465574502945,0.1498751938343048,0.12205223739147186,33,denoise,0,gaussian,0.7,75,75
0.01950175315141678,0.017117034643888474,0.07984321564435959,0.06987151503562927,0.050452668219804764,0.031917765736579895,0.0007934197201393545,0.061323583126068115,0.1735464334487915,0.13152699172496796,33,perturb,1,gaussian,0.7,75,76
0.022315839305520058,0.019564926624298096,0.08585735410451889,0.07514142245054245,0.06017543375492096,0.039109885692596436,0.0009861651342362165,0.05905488133430481,0.17466473579406738,0.1355879157781601,33,perturb,2,gaussian,0.7,75,77
0.027996055781841278,0.024447672069072723,0.11810138821601868,0.10333502292633057,0.08981543034315109,0.0685310959815979,0.0016219787066802382,0.05149909108877182,0.17196619510650635,0.14551213383674622,33,perturb,5,gaussian,0.7,75,80
0.10245838016271591,0.08964821696281433,0.41011887788772583,0.35884368419647217,0.450162410736084,0.7413010001182556,0.044347215443849564,0.09394845366477966,0.3542124629020691,0.46711039543151855,979,denoise,0,gaussian,0.3,174,174
0.022071177139878273,0.019271668046712875,0.039816029369831085,0.034833598881959915,0.059882111847400665,0.015306913293898106,0.001732227741740644,0.09545744210481644,0.3864920735359192,0.4577743411064148,979,perturb,1,gaussian,0.3,174,175
0.029746998101472855,0.026035593822598457,0.05853955075144768,0.05123315006494522,0.09475352615118027,0.03049558587372303,0.00333937956020236,0.09682458639144897,0.374572217464447,0.45784881711006165,979,perturb,2,gaussian,0.3,174,176
0.035349633544683456,0.030962223187088966,0.096631720662117,0.08456496894359589,0.13366560637950897,0.05062040314078331,0.005604903679341078,0.08976056426763535,0.3533862233161926,0.45511525869369507,979,perturb,5,gaussian,0.3,174,179
0.1349487453699112,0.11802257597446442,0.3719308078289032,0.3254275321960449,0.3885830044746399,0.5981866121292114,0.026104379445314407,0.09983150660991669,0.3122789263725281,0.3867022693157196,979,denoise,0,gaussian,0.5,124,124
0.02145363762974739,0.01873164065182209,0.04944203794002533,0.043253134936094284,0.07540929317474365,0.02950870245695114,0.0027332722675055265,0.12689775228500366,0.3792605400085449,0.3705223500728607,979,perturb,1,gaussian,0.5,124,125
0.028722435235977173,0.025181209668517113,0.07374542206525803,0.06452947109937668,0.10268019884824753,0.04450426995754242,0.004133963957428932,0.13239486515522003,0.38486534357070923,0.37475013732910156,979,perturb,2,gaussian,0.5,124,126
0.055182039737701416,0.04818408563733101,0.1472734659910202,0.12886446714401245,0.17079617083072662,0.09018387645483017,0.007514782249927521,0.13178978860378265,0.38613271713256836,0.3877851366996765,979,perturb,5,gaussian,0.5,124,129
0.07337965816259384,0.06417802721261978,0.2279680222272873,0.19946444034576416,0.2509717345237732,0.3679963946342468,0.01203073374927044,0.057250261306762695,0.17985835671424866,0.251681387424469,979,denoise,0,gaussian,0.7,75,75
0.01113000139594078,0.00967186689376831,0.036560025066137314,0.03198065608739853,0.04970194771885872,0.013538229279220104,0.0012538116425275803,0.08155036717653275,0.2782633602619171,0.23679770529270172,979,perturb,1,gaussian,0.7,75,76
0.016969282180070877,0.014833465218544006,0.05226607993245125,0.04571935161948204,0.07453128695487976,0.024104898795485497,0.0020055093336850405,0.08314816653728485,0.2844793200492859,0.24149134755134583,979,perturb,2,gaussian,0.7,75,77
0.024042049422860146,0.02100059948861599,0.08715161681175232,0.0762363076210022,0.12171764671802521,0.05429530516266823,0.003968718461692333,0.08562470227479935,0.29238277673721313,0.2560533285140991,979,perturb,5,gaussian,0.7,75,80
0.10435459762811661,0.09125815331935883,0.22483618557453156,0.1967322826385498,0.6421305537223816,1.140878438949585,0.12690186500549316,0.08992490917444229,0.2145998477935791,0.6414949893951416,61,denoise,0,gaussian,0.3,174,174
0.0446297749876976,0.03902376815676689,0.11645421385765076,0.10188005864620209,0.3361895680427551,0.29192590713500977,0.040892280638217926,0.07492177933454514,0.1779072880744934,0.6083950996398926,61,perturb,1,gaussian,0.3,174,175
0.0629124864935875,0.05497054383158684,0.1086043193936348,0.09502848982810974,0.36413806676864624,0.34280139207839966,0.04735986143350601,0.08065293729305267,0.17141714692115784,0.6089134216308594,61,perturb,2,gaussian,0.3,174,176
0.0627080425620079,0.05491296201944351,0.1325875073671341,0.11600105464458466,0.43965867161750793,0.4439086318016052,0.06327538192272186,0.08180313557386398,0.18108682334423065,0.6191905736923218,61,perturb,5,gaussian,0.3,174,179
0.0753927007317543,0.06601585447788239,0.17991666495800018,0.15743286907672882,0.5365860462188721,0.8518988490104675,0.084007129073143,0.06746520102024078,0.17588430643081665,0.547163724899292,61,denoise,0,gaussian,0.5,124,124
0.05975720286369324,0.0521768219769001,0.11941905319690704,0.10448019206523895,0.3755875527858734,0.2857791483402252,0.042637504637241364,0.07751499116420746,0.15026000142097473,0.564706563949585,61,perturb,1,gaussian,0.5,124,125
0.055959299206733704,0.04895535111427307,0.12434176355600357,0.10879015922546387,0.40460559725761414,0.3444060683250427,0.05103445425629616,0.07402665168046951,0.16056276857852936,0.5561643838882446,61,perturb,2,gaussian,0.5,124,126
0.05532889813184738,0.04839737340807915,0.11868908256292343,0.1038454920053482,0.45272597670555115,0.45979467034339905,0.0709291622042656,0.07216464728116989,0.14476150274276733,0.5655926465988159,61,perturb,5,gaussian,0.5,124,129
0.06105665862560272,0.053449597209692,0.07922475785017014,0.06931380927562714,0.3271747827529907,0.44535958766937256,0.03822178766131401,0.04815276712179184,0.0891779437661171,0.34372228384017944,61,denoise,0,gaussian,0.7,75,75
0.040469612926244736,0.03535041585564613,0.02933446690440178,0.025660967454314232,0.1290600299835205,0.06626251339912415,0.011384549550712109,0.05864895135164261,0.07910890877246857,0.33871889114379883,61,perturb,1,gaussian,0.7,75,76
0.04106473922729492,0.03586721420288086,0.03647549822926521,0.03189101070165634,0.16111759841442108,0.09512890130281448,0.015484459698200226,0.05698363482952118,0.07943844795227051,0.33547449111938477,61,perturb,2,gaussian,0.7,75,77
0.052581753581762314,0.04605593532323837,0.05260397121310234,0.046020232141017914,0.20561964809894562,0.14514559507369995,0.022253310307860374,0.0552259236574173,0.08443108946084976,0.3413335978984833,61,perturb,5,gaussian,0.7,75,80
0.11017186939716339,0.09640620648860931,0.3434154689311981,0.3004812002182007,0.40710824728012085,0.7148812413215637,0.05144553259015083,0.19065487384796143,0.5798622369766235,0.3529459238052368,21,denoise,0,gaussian,0.3,174,174
0.032485779374837875,0.028444383293390274,0.13855189085006714,0.12121981382369995,0.1460738480091095,0.211077019572258,0.01679287850856781,0.18420103192329407,0.5896261930465698,0.39729100465774536,21,perturb,1,gaussian,0.3,174,175
0.03700907155871391,0.03242212533950806,0.15047168731689453,0.13165268301963806,0.16073298454284668,0.23665422201156616,0.019031576812267303,0.18279200792312622,0.6070253252983093,0.40351223945617676,21,perturb,2,gaussian,0.3,174,176
0.05472326651215553,0.04790879786014557,0.19836193323135376,0.17355409264564514,0.21986417472362518,0.300283819437027,0.026269670575857162,0.18413452804088593,0.5974206924438477,0.39516034722328186,21,perturb,5,gaussian,0.3,174,179
0.0799420103430748,0.06995299458503723,0.3422633707523346,0.2994765639305115,0.1858920156955719,0.23127341270446777,0.00927822571247816,0.11365113407373428,0.4960223436355591,0.15694046020507812,21,denoise,0,gaussian,0.5,124,124
0.073173388838768,0.06406565755605698,0.37785661220550537,0.330613911151886,0.16813145577907562,0.11859504133462906,0.008051939308643341,0.113139308989048,0.5359411239624023,0.17519068717956543,21,perturb,1,gaussian,0.5,124,125
0.08321332186460495,0.07286195456981659,0.4253922402858734,0.3722078800201416,0.18952329456806183,0.12771576642990112,0.008756043389439583,0.12216029316186905,0.5746305584907532,0.1847374588251114,21,perturb,2,gaussian,0.5,124,126
0.0912497416138649,0.07984516769647598,0.3818933665752411,0.3341561257839203,0.1974925696849823,0.14329825341701508,0.009924644604325294,0.11720126867294312,0.5450917482376099,0.18452700972557068,21,perturb,5,gaussian,0.5,124,129
0.04604283720254898,0.04024755209684372,0.30655810236930847,0.2682349979877472,0.04414920508861542,0.08994035422801971,0.0017858105711638927,0.06928709894418716,0.348251074552536,0.05272351950407028,21,denoise,0,gaussian,0.7,75,75
0.0039387899450957775,0.0034315846860408783,0.022960590198636055,0.02009548246860504,0.0028058753814548254,0.0011065599974244833,0.00013158205547370017,0.05237516760826111,0.37697306275367737,0.04778037965297699,21,perturb,1,gaussian,0.7,75,76
0.007367764599621296,0.006567740347236395,0.03882041200995445,0.03397567197680473,0.005429585464298725,0.002384174382314086,0.00026264754706062376,0.05207742005586624,0.3850853443145752,0.047898679971694946,21,perturb,2,gaussian,0.7,75,77
0.014275808818638325,0.012506285682320595,0.09948274493217468,0.08704826235771179,0.013441433198750019,0.006919627543538809,0.000597181438934058,0.05518727749586105,0.369722455739975,0.047065239399671555,21,perturb,5,gaussian,0.7,75,80
0.09995593130588531,0.0873984768986702,0.36098888516426086,0.3158537745475769,0.6205999255180359,1.0365417003631592,0.09246960282325745,0.11704882234334946,0.45516180992126465,0.6053284406661987,44,denoise,0,gaussian,0.3,174,174
0.03399087116122246,0.02970931865274906,0.0641058087348938,0.056067295372486115,0.1348610818386078,0.1010592058300972,0.016312919557094574,0.10894719511270523,0.4218944013118744,0.586113452911377,44,perturb,1,gaussian,0.3,174,175
0.06982176750898361,0.06102336198091507,0.16572122275829315,0.1450047641992569,0.2565493881702423,0.2180735468864441,0.03243173658847809,0.11418789625167847,0.41202789545059204,0.5823439359664917,44,perturb,2,gaussian,0.3,174,176
0.09294494986534119,0.08129291981458664,0.3044314384460449,0.26636451482772827,0.36967530846595764,0.34344565868377686,0.04757840558886528,0.11945780366659164,0.4372514486312866,0.5830049514770508,44,perturb,5,gaussian,0.3,174,179
0.0752185806632042,0.06586983799934387,0.2406805008649826,0.2105904370546341,0.41799482703208923,0.676381528377533,0.036282867193222046,0.066382996737957,0.1993493139743805,0.41633525490760803,44,denoise,0,gaussian,0.5,124,124
0.04078815504908562,0.03576711192727089,0.12737098336219788,0.11144904047250748,0.2123841941356659,0.12323573976755142,0.013736661523580551,0.05575420707464218,0.19694387912750244,0.380158394575119,44,perturb,1,gaussian,0.5,124,125
0.06401840597391129,0.05604109540581703,0.23824775218963623,0.2084636688232422,0.27578386664390564,0.16291680932044983,0.017830515280365944,0.06424567848443985,0.2486971616744995,0.3954508304595947,44,perturb,2,gaussian,0.5,124,126
0.07906465977430344,0.06921301782131195,0.37575915455818176,0.3287927210330963,0.3670516312122345,0.2676876187324524,0.02916053868830204,0.06675535440444946,0.36187028884887695,0.43186846375465393,44,perturb,5,gaussian,0.5,124,129
0.051541220396757126,0.045110754668712616,0.16597993671894073,0.14524629712104797,0.308580607175827,0.4321040213108063,0.022880656644701958,0.05053042620420456,0.14419886469841003,0.31961941719055176,44,denoise,0,gaussian,0.7,75,75
0.005680537782609463,0.0049737002700567245,0.014764607883989811,0.012905042618513107,0.05298171937465668,0.014003051444888115,0.0019279815023764968,0.032457396388053894,0.12989866733551025,0.3130345642566681,44,perturb,1,gaussian,0.7,75,76
0.010267696343362331,0.008980553597211838,0.025106804445385933,0.02196389250457287,0.08363824337720871,0.026787802577018738,0.00331570440903306,0.03497881442308426,0.1276257187128067,0.31814175844192505,44,perturb,2,gaussian,0.7,75,77
0.017523083835840225,0.015281269326806068,0.04349623620510101,0.0380534902215004,0.1331574022769928,0.05614055320620537,0.00604790635406971,0.0360504612326622,0.1364695280790329,0.3260980248451233,44,perturb,5,gaussian,0.7,75,80
0.06676723062992096,0.05846372991800308,0.2777005136013031,0.24296611547470093,0.5635930299758911,1.1237225532531738,0.11537522077560425,0.10430986434221268,0.3265441060066223,0.5413240790367126,36,denoise,0,gaussian,0.3,174,174
0.03879339620471001,0.0338260754942894,0.09468214958906174,0.08284913003444672,0.21230913698673248,0.16208720207214355,0.019755776971578598,0.11931909620761871,0.32290077209472656,0.5066424608230591,36,perturb,1,gaussian,0.3,174,175
0.06047261133790016,0.05294984206557274,0.1345875859260559,0.11775609105825424,0.30451223254203796,0.3002527952194214,0.0378764383494854,0.11420455574989319,0.3166043758392334,0.5234627723693848,36,perturb,2,gaussian,0.3,174,176
0.10457773506641388,0.0915621817111969,0.18281123042106628,0.15994682908058167,0.3896426260471344,0.497494637966156,0.05644068494439125,0.1338714361190796,0.30632448196411133,0.5485776662826538,36,perturb,5,gaussian,0.3,174,179
0.07830585539340973,0.06846542656421661,0.20323823392391205,0.17784236371517181,0.38915544748306274,0.7508211731910706,0.05124979093670845,0.0920698493719101,0.281293660402298,0.4279298782348633,36,denoise,0,gaussian,0.5,124,124
0.013466925360262394,0.011722203344106674,0.0633380115032196,0.055429354310035706,0.10201504826545715,0.09441740810871124,0.012322168797254562,0.09193342924118042,0.22281137108802795,0.4039473831653595,36,perturb,1,gaussian,0.5,124,125
0.016857799142599106,0.014676470309495926,0.06831071525812149,0.05978631600737572,0.1323060542345047,0.12085259705781937,0.014909815043210983,0.09133011847734451,0.22670136392116547,0.40070652961730957,36,perturb,2,gaussian,0.5,124,126
0.019972380250692368,0.017496414482593536,0.08734997361898422,0.07643105089664459,0.19797055423259735,0.21214419603347778,0.023501986637711525,0.09107966721057892,0.23218005895614624,0.40685147047042847,36,perturb,5,gaussian,0.5,124,129
0.07178065180778503,0.06284544616937637,0.15772032737731934,0.13800080120563507,0.27016642689704895,0.46034011244773865,0.026378316804766655,0.06880348920822144,0.1648346483707428,0.27644068002700806,36,denoise,0,gaussian,0.7,75,75
0.019863102585077286,0.017326952889561653,0.043393511325120926,0.037972062826156616,0.06548658758401871,0.03485002741217613,0.004452242981642485,0.06874603778123856,0.1456335186958313,0.2639327347278595,36,perturb,1,gaussian,0.7,75,76
0.02368413656949997,0.020766481757164,0.05086706578731537,0.04452849552035332,0.08950385451316833,0.056001756340265274,0.006404795218259096,0.06276637315750122,0.15405353903770447,0.26202714443206787,36,perturb,2,gaussian,0.7,75,77
0.031426914036273956,0.027549806982278824,0.06809686869382858,0.0595722422003746,0.1222250834107399,0.09588173776865005,0.00936496164649725,0.05857114493846893,0.16553640365600586,0.26556703448295593,36,perturb,5,gaussian,0.7,75,80
0.06877360492944717,0.060063377022743225,0.30436789989471436,0.26631128787994385,0.5423611402511597,1.0791996717453003,0.09715268015861511,0.07324295490980148,0.26136699318885803,0.5264074802398682,35,denoise,0,gaussian,0.3,174,174
0.01368870958685875,0.011968201026320457,0.07892479747533798,0.06906171143054962,0.15262632071971893,0.1245897188782692,0.013915964402258396,0.05399296432733536,0.24176645278930664,0.4375854730606079,35,perturb,1,gaussian,0.3,174,175
0.024617396295070648,0.021618211641907692,0.10307759791612625,0.0901898443698883,0.1983555108308792,0.16200515627861023,0.017963266000151634,0.05486893653869629,0.22892838716506958,0.45175760984420776,35,perturb,2,gaussian,0.3,174,176
0.03790190443396568,0.03310529142618179,0.14503486454486847,0.12690824270248413,0.26070135831832886,0.22065678238868713,0.025760265067219734,0.0562172532081604,0.22577255964279175,0.47865039110183716,35,perturb,5,gaussian,0.3,174,179
0.06334596872329712,0.055438995361328125,0.2340639978647232,0.2048003077507019,0.40823307633399963,0.7482009530067444,0.05167956277728081,0.05455692857503891,0.24668681621551514,0.4009457230567932,35,denoise,0,gaussian,0.5,124,124
0.01424867007881403,0.012431713752448559,0.1232905462384224,0.10787802934646606,0.14347167313098907,0.097661592066288,0.007879268378019333,0.03540918231010437,0.218044251203537,0.35677391290664673,35,perturb,1,gaussian,0.5,124,125
0.020442020148038864,0.0178479366004467,0.1582486927509308,0.13847200572490692,0.1782805621623993,0.13065063953399658,0.010803482495248318,0.037569545209407806,0.2102353274822235,0.3672650456428528,35,perturb,2,gaussian,0.5,124,126
0.02798660658299923,0.024410732090473175,0.17044736444950104,0.1491270363330841,0.23379619419574738,0.1952158361673355,0.016614524647593498,0.04043334722518921,0.21327240765094757,0.3775002360343933,35,perturb,5,gaussian,0.5,124,129
0.02151956968009472,0.01890658587217331,0.14156055450439453,0.12385939806699753,0.29257258772850037,0.4603544771671295,0.029422063380479813,0.02280046045780182,0.1276232898235321,0.28870874643325806,35,denoise,0,gaussian,0.7,75,75
0.005517981015145779,0.004897473379969597,0.023596378043293953,0.020634479820728302,0.0680122897028923,0.027060262858867645,0.003648984245955944,0.026150763034820557,0.15421169996261597,0.2893085479736328,35,perturb,1,gaussian,0.7,75,76
0.010305309668183327,0.00895161647349596,0.04212234914302826,0.03687573969364166,0.09398713707923889,0.045468930155038834,0.0053164782002568245,0.02685590833425522,0.1499357670545578,0.2844494581222534,35,perturb,2,gaussian,0.7,75,77
0.016677647829055786,0.014563113451004028,0.07124268263578415,0.06232167407870293,0.1397731453180313,0.0820184275507927,0.008769005537033081,0.030675694346427917,0.14778783917427063,0.2919533848762512,35,perturb,5,gaussian,0.7,75,80
0.11445064842700958,0.10019093751907349,0.331562340259552,0.2901155352592468,0.5701909065246582,1.1058772802352905,0.1209491565823555,0.08246872574090958,0.28156641125679016,0.5157938003540039,67,denoise,0,gaussian,0.3,174,174
0.0349944531917572,0.03064388781785965,0.09582408517599106,0.08384207636117935,0.16651076078414917,0.11474579572677612,0.0198941882699728,0.10845623165369034,0.3303799629211426,0.500976026058197,67,perturb,1,gaussian,0.3,174,175
0.049725595861673355,0.04348807781934738,0.11850173771381378,0.1036825031042099,0.23300698399543762,0.20116201043128967,0.030047215521335602,0.09837525337934494,0.322243869304657,0.511885404586792,67,perturb,2,gaussian,0.3,174,176
0.08821533620357513,0.07720252871513367,0.2604737877845764,0.2279013991355896,0.3113583028316498,0.30196020007133484,0.04349334537982941,0.1360899806022644,0.3958549499511719,0.530244767665863,67,perturb,5,gaussian,0.3,174,179
0.0980180948972702,0.08586430549621582,0.26697513461112976,0.23359322547912598,0.4986465573310852,0.8616100549697876,0.07162729650735855,0.07180631160736084,0.25791463255882263,0.4849899411201477,67,denoise,0,gaussian,0.5,124,124
0.04298778995871544,0.037574440240859985,0.13600817322731018,0.11899760365486145,0.260366290807724,0.21021808683872223,0.03458229824900627,0.04872824251651764,0.2103167474269867,0.4250359535217285,67,perturb,1,gaussian,0.5,124,125
0.049030985683202744,0.04293186962604523,0.13922211527824402,0.12182247638702393,0.27833932638168335,0.23565363883972168,0.03752570599317551,0.052332088351249695,0.1927727460861206,0.42411068081855774,67,perturb,2,gaussian,0.5,124,126
0.046494536101818085,0.04063020646572113,0.15084940195083618,0.13198542594909668,0.3181194067001343,0.2811339497566223,0.04298631101846695,0.050296127796173096,0.18950578570365906,0.4265652298927307,67,perturb,5,gaussian,0.5,124,129
0.04129783809185028,0.036130696535110474,0.14166827499866486,0.1239619106054306,0.3484131693840027,0.5840418934822083,0.06190674006938934,0.03787752985954285,0.1473630666732788,0.35311734676361084,67,denoise,0,gaussian,0.7,75,75
0.022269096225500107,0.01943788304924965,0.08090944588184357,0.07079559564590454,0.1668984591960907,0.09612717479467392,0.018245553597807884,0.030530914664268494,0.13785390555858612,0.34982457756996155,67,perturb,1,gaussian,0.7,75,76
0.02365904673933983,0.020759299397468567,0.09520735591650009,0.08330786228179932,0.20554083585739136,0.13356874883174896,0.023485412821173668,0.03133179992437363,0.1386852264404297,0.3514150083065033,67,perturb,2,gaussian,0.7,75,77
0.0284349974244833,0.02484705299139023,0.11087337881326675,0.09702931344509125,0.2396472841501236,0.1898217648267746,0.030473025515675545,0.03593939542770386,0.1517389714717865,0.35536879301071167,67,perturb,5,gaussian,0.7,75,80
0.11839193105697632,0.10353464633226395,0.17509594559669495,0.1532019078731537,0.5838581919670105,1.3090968132019043,0.1128195971250534,0.11586900800466537,0.14413130283355713,0.5746564865112305,29,denoise,0,gaussian,0.3,174,174
0.04402513429522514,0.038468942046165466,0.08556006103754044,0.07486352324485779,0.27001431584358215,0.3279002904891968,0.02699715830385685,0.10305245965719223,0.13549304008483887,0.5674583911895752,29,perturb,1,gaussian,0.3,174,175
0.05073031038045883,0.044428177177906036,0.08752384036779404,0.07658961415290833,0.33063989877700806,0.4474235773086548,0.039140958338975906,0.10372540354728699,0.13920798897743225,0.568496823310852,29,perturb,2,gaussian,0.3,174,176
0.07917316257953644,0.0692547857761383,0.14906662702560425,0.13042756915092468,0.455792099237442,0.6594957113265991,0.06010102480649948,0.12572066485881805,0.17097210884094238,0.5837583541870117,29,perturb,5,gaussian,0.3,174,179
0.08232738822698593,0.0719924196600914,0.09206529706716537,0.08056766539812088,0.38033515214920044,0.7214414477348328,0.05010759085416794,0.09197898209095001,0.08382732421159744,0.36214756965637207,29,denoise,0,gaussian,0.5,124,124
0.04616350308060646,0.04036150127649307,0.0380357950925827,0.033278703689575195,0.17238648235797882,0.17570751905441284,0.014418475329875946,0.10130269080400467,0.07830767333507538,0.34463056921958923,29,perturb,1,gaussian,0.5,124,125
0.0588374137878418,0.05138513073325157,0.03868590295314789,0.033862292766571045,0.208596333861351,0.23032566905021667,0.019351165741682053,0.10425557941198349,0.07364463061094284,0.34730765223503113,29,perturb,2,gaussian,0.5,124,126
0.06201201677322388,0.05430353432893753,0.0465724915266037,0.04074190557003021,0.2671622931957245,0.313249796628952,0.02674160525202751,0.09611189365386963,0.07267580181360245,0.3582704961299896,29,perturb,5,gaussian,0.5,124,129
0.06254374235868454,0.054762762039899826,0.04908805340528488,0.04295670986175537,0.20134298503398895,0.33278679847717285,0.017307192087173462,0.06082683801651001,0.048252277076244354,0.20842628180980682,29,denoise,0,gaussian,0.7,75,75
0.018983228132128716,0.016579188406467438,0.008526434190571308,0.007458772510290146,0.03761950135231018,0.027058565989136696,0.0020414094906300306,0.05099288374185562,0.04375360161066055,0.19117403030395508,29,perturb,1,gaussian,0.7,75,76
0.025401080027222633,0.022149313241243362,0.012262117117643356,0.010735156014561653,0.053714681416749954,0.04223574325442314,0.0032416232861578465,0.05263129621744156,0.045054443180561066,0.19548189640045166,29,perturb,2,gaussian,0.7,75,77
0.032757606357336044,0.028708551079034805,0.017566485330462456,0.01537194661796093,0.08954506367444992,0.08219465613365173,0.0060364180244505405,0.05321187525987625,0.04516139626502991,0.2032822221517563,29,perturb,5,gaussian,0.7,75,80
0.1452125906944275,0.12712034583091736,0.3174327313899994,0.27775633335113525,0.30674371123313904,0.2888720631599426,0.014191698282957077,0.10186503082513809,0.26801636815071106,0.324243426322937,65,denoise,0,gaussian,0.3,174,174
0.032690390944480896,0.02868693694472313,0.15151795744895935,0.13256926834583282,0.09292877465486526,0.0504152812063694,0.0016385639319196343,0.0707506462931633,0.4341900944709778,0.3102518916130066,65,perturb,1,gaussian,0.3,174,175
0.03699363395571709,0.03233477473258972,0.17127229273319244,0.14985963702201843,0.10958594083786011,0.06305660307407379,0.0018676039762794971,0.07328733801841736,0.4363713264465332,0.31384217739105225,65,perturb,2,gaussian,0.3,174,176
0.05730646103620529,0.050098635256290436,0.2638917565345764,0.2309015393257141,0.1981421411037445,0.10957939922809601,0.0030333460308611393,0.0698062852025032,0.3570851981639862,0.3000626564025879,65,perturb,5,gaussian,0.3,174,179
0.09268821030855179,0.08103839308023453,0.2510194182395935,0.21964314579963684,0.24705816805362701,0.15229558944702148,0.002911739517003298,0.07106529176235199,0.23270758986473083,0.23762209713459015,65,denoise,0,gaussian,0.5,124,124
0.06771430373191833,0.05927759408950806,0.05571376159787178,0.04874183237552643,0.08757992088794708,0.05272873863577843,0.0012347402516752481,0.08332952857017517,0.13301624357700348,0.18634742498397827,65,perturb,1,gaussian,0.5,124,125
0.051026202738285065,0.04461250454187393,0.060413628816604614,0.05286671221256256,0.08565699309110641,0.054215747863054276,0.0013657890958711505,0.06616675853729248,0.13796401023864746,0.18394425511360168,65,perturb,2,gaussian,0.5,124,126
0.09151368588209152,0.0799933597445488,0.14065669476985931,0.12308338284492493,0.17958350479602814,0.10275916010141373,0.0023693570401519537,0.08005887269973755,0.15312519669532776,0.19655796885490417,65,perturb,5,gaussian,0.5,124,129
0.05212860181927681,0.04557359218597412,0.08243932574987411,0.07213042676448822,0.06344842910766602,0.06585688889026642,0.0010389727540314198,0.04541987180709839,0.11321152001619339,0.06092875450849533,65,denoise,0,gaussian,0.7,75,75
0.009725496172904968,0.008502918295562267,0.023952549323439598,0.020963160321116447,0.01585261896252632,0.007633967790752649,0.0001425295922672376,0.030467256903648376,0.1550258994102478,0.06425008922815323,65,perturb,1,gaussian,0.7,75,76
0.014455814845860004,0.01263076439499855,0.03982104733586311,0.034832343459129333,0.023475946858525276,0.013759441673755646,0.0002548714983277023,0.03478190302848816,0.14794553816318512,0.0658855140209198,65,perturb,2,gaussian,0.7,75,77
0.01970142498612404,0.01729574427008629,0.06234133616089821,0.05456320941448212,0.03414425998926163,0.019998526200652122,0.0004165738937444985,0.044844336807727814,0.15351712703704834,0.07722987979650497,65,perturb,5,gaussian,0.7,75,80
0.19292457401752472,0.16872818768024445,0.36292392015457153,0.31755292415618896,0.6705960035324097,1.2693647146224976,0.1353846788406372,0.15667438507080078,0.2895808219909668,0.6682316660881042,10,denoise,0,gaussian,0.3,174,174
0.09916243702173233,0.08685524761676788,0.26593706011772156,0.2326878160238266,0.5172666907310486,0.6759030818939209,0.0856979638338089,0.10383163392543793,0.2554095983505249,0.6560556888580322,10,perturb,1,gaussian,0.3,174,175
0.10002181679010391,0.08753179013729095,0.2700793445110321,0.23632660508155823,0.5388464331626892,0.7132052183151245,0.09098366647958755,0.09835118055343628,0.24681448936462402,0.6589950323104858,10,perturb,2,gaussian,0.3,174,176
0.14476092159748077,0.1267344355583191,0.32254594564437866,0.2822416424751282,0.6166583895683289,0.7723426222801208,0.09319062530994415,0.12463908642530441,0.30183547735214233,0.698073148727417,10,perturb,5,gaussian,0.3,174,179
0.10423239320516586,0.09118200093507767,0.26524853706359863,0.23208411037921906,0.4890194833278656,0.6327733993530273,0.04123193770647049,0.09359251707792282,0.24565672874450684,0.4729551672935486,10,denoise,0,gaussian,0.5,124,124
0.05652790516614914,0.04954224079847336,0.19423808157444,0.1699574589729309,0.22305472195148468,0.16195403039455414,0.015218416228890419,0.08567021787166595,0.254692405462265,0.4178934097290039,10,perturb,1,gaussian,0.5,124,125
0.08150613307952881,0.07131459563970566,0.21789249777793884,0.1906522810459137,0.2887920141220093,0.20796595513820648,0.020595189183950424,0.09439466893672943,0.2465067207813263,0.42937710881233215,10,perturb,2,gaussian,0.5,124,126
0.1137118712067604,0.09947015345096588,0.28898826241493225,0.2528517544269562,0.37238726019859314,0.2605026960372925,0.02746696025133133,0.1146271601319313,0.2828311324119568,0.4655180275440216,10,perturb,5,gaussian,0.5,124,129
0.04630403220653534,0.040515560656785965,0.15976476669311523,0.13978642225265503,0.29530197381973267,0.29410094022750854,0.007743884809315205,0.04082878679037094,0.1720164716243744,0.3221936523914337,10,denoise,0,gaussian,0.7,75,75
0.009254577569663525,0.008164037019014359,0.0172028299421072,0.01504671759903431,0.07901439815759659,0.01642495021224022,0.0006867787451483309,0.03688482195138931,0.17269396781921387,0.29693105816841125,10,perturb,1,gaussian,0.7,75,76
0.014417518861591816,0.012639029882848263,0.026532728224992752,0.023213932290673256,0.1084492951631546,0.026079664006829262,0.001157090999186039,0.04149152338504791,0.1727760136127472,0.30126866698265076,10,perturb,2,gaussian,0.7,75,77
0.019448062404990196,0.017102189362049103,0.05131465569138527,0.04488016664981842,0.14472419023513794,0.04344358667731285,0.00198347307741642,0.04736480861902237,0.17957040667533875,0.30666691064834595,10,perturb,5,gaussian,0.7,75,80
0.10814274102449417,0.09459560364484787,0.20924696326255798,0.18308007717132568,0.628689169883728,1.388762354850769,0.12522628903388977,0.07090739160776138,0.18287590146064758,0.5822499990463257,9,denoise,0,gaussian,0.3,174,174
0.055707406252622604,0.048850491642951965,0.09348423033952713,0.0817863866686821,0.2692636549472809,0.3065299987792969,0.02886159159243107,0.049559928476810455,0.1251116245985031,0.45852410793304443,9,perturb,1,gaussian,0.3,174,175
0.06729009747505188,0.05885859578847885,0.12083927541971207,0.10573866963386536,0.3177792727947235,0.3738034665584564,0.0348438024520874,0.05880320072174072,0.13987553119659424,0.4745289385318756,9,perturb,2,gaussian,0.3,174,176
0.07437852770090103,0.0650753602385521,0.13816682994365692,0.12090802192687988,0.34272488951683044,0.4078896641731262,0.03949245065450668,0.05786071717739105,0.1425015926361084,0.4763643145561218,9,perturb,5,gaussian,0.3,174,179
0.06387311220169067,0.055875569581985474,0.1330934464931488,0.11644644290208817,0.3195258378982544,0.5623130798339844,0.025304537266492844,0.05778878927230835,0.15069542825222015,0.3571088910102844,9,denoise,0,gaussian,0.5,124,124
0.03146899864077568,0.02751905843615532,0.05202104151248932,0.04551379382610321,0.1442922055721283,0.09441601485013962,0.005788491573184729,0.03664100170135498,0.10905511677265167,0.2887708842754364,9,perturb,1,gaussian,0.5,124,125
0.04336310923099518,0.03787873685359955,0.06052272394299507,0.0529458224773407,0.16688603162765503,0.11565621942281723,0.00716256583109498,0.04427366703748703,0.11339011043310165,0.29573094844818115,9,perturb,2,gaussian,0.5,124,126
0.038250960409641266,0.03344609588384628,0.077525794506073,0.06782139837741852,0.21270295977592468,0.17590180039405823,0.01110122725367546,0.03896849602460861,0.11836293339729309,0.30938804149627686,9,perturb,5,gaussian,0.5,124,129
0.035525668412446976,0.031024079769849777,0.07824012637138367,0.06844265758991241,0.19807811081409454,0.2861374318599701,0.010918663814663887,0.027674861252307892,0.07235591858625412,0.18467968702316284,9,denoise,0,gaussian,0.7,75,75
0.006395934149622917,0.005634678062051535,0.014767419546842575,0.012901442125439644,0.026815909892320633,0.014464298263192177,0.0012810375774279237,0.031015455722808838,0.06270237267017365,0.16312499344348907,9,perturb,1,gaussian,0.7,75,76
0.01210489496588707,0.010532382875680923,0.023170532658696175,0.020268160849809647,0.04228723421692848,0.02594340406358242,0.0020418015774339437,0.030648760497570038,0.06280189752578735,0.16206300258636475,9,perturb,2,gaussian,0.7,75,77
0.03133612871170044,0.027489297091960907,0.03579817712306976,0.03133327513933182,0.06985089927911758,0.050460878759622574,0.0037140760105103254,0.03962003439664841,0.06608685851097107,0.1691988706588745,9,perturb,5,gaussian,0.7,75,80
0.10781409591436386,0.09434682130813599,0.211390882730484,0.1849830448627472,0.6508884429931641,1.3059172630310059,0.13064992427825928,0.1015247330069542,0.21774233877658844,0.6699525117874146,91,denoise,0,gaussian,0.3,174,174
0.09799966961145401,0.08572797477245331,0.16347745060920715,0.14303645491600037,0.562320351600647,0.6815856695175171,0.0919422134757042,0.10698849707841873,0.24400421977043152,0.6671926379203796,91,perturb,1,gaussian,0.3,174,175
0.11074922978878021,0.0969075858592987,0.19144028425216675,0.1675211489200592,0.5822812914848328,0.7678838968276978,0.10433360934257507,0.11770102381706238,0.23920878767967224,0.6764348745346069,91,perturb,2,gaussian,0.3,174,176
0.117574043571949,0.1028536856174469,0.17792318761348724,0.15568380057811737,0.604909360408783,0.8727648258209229,0.11104262620210648,0.11300501972436905,0.22446231544017792,0.7016161680221558,91,perturb,5,gaussian,0.3,174,179
0.05263970047235489,0.046081431210041046,0.09107084572315216,0.07967348396778107,0.30406808853149414,0.6170009970664978,0.037627872079610825,0.05992833524942398,0.10106218606233597,0.41865530610084534,91,denoise,0,gaussian,0.5,124,124
0.012003692798316479,0.010513585060834885,0.021739982068538666,0.01901853084564209,0.04764463007450104,0.04896371066570282,0.004940659739077091,0.057039983570575714,0.0935852974653244,0.4115758538246155,91,perturb,1,gaussian,0.5,124,125
0.017915155738592148,0.01569567807018757,0.02908708155155182,0.025451412424445152,0.06633446365594864,0.08045165985822678,0.007458277512341738,0.05981730669736862,0.09799091517925262,0.41413944959640503,91,perturb,2,gaussian,0.5,124,126
0.02539150044322014,0.022191239520907402,0.035077497363090515,0.030708719044923782,0.09372162073850632,0.12371636182069778,0.011389260180294514,0.06411250680685043,0.10423842072486877,0.42087578773498535,91,perturb,5,gaussian,0.5,124,129
0.03657457232475281,0.031990572810173035,0.05771445482969284,0.050494782626628876,0.22841235995292664,0.3663422763347626,0.019306642934679985,0.03489944338798523,0.06699690967798233,0.2424565851688385,91,denoise,0,gaussian,0.7,75,75
0.0034580850042402744,0.003025292418897152,0.006544262636452913,0.005727555602788925,0.020836610347032547,0.013148095458745956,0.001195899792946875,0.03609136492013931,0.06637663394212723,0.2306046187877655,91,perturb,1,gaussian,0.7,75,76
0.006699204910546541,0.005878739058971405,0.0105357114225626,0.009224357083439827,0.03825817257165909,0.024991530925035477,0.0022443942725658417,0.03532017022371292,0.06676489859819412,0.23298758268356323,91,perturb,2,gaussian,0.7,75,77
0.013344893231987953,0.011763273738324642,0.020521899685263634,0.017951739951968193,0.07709904760122299,0.058713916689157486,0.004993530455976725,0.03348427265882492,0.06559815257787704,0.2417900562286377,91,perturb,5,gaussian,0.7,75,80
0.1392006129026413,0.12181422114372253,0.28045547008514404,0.24539093673229218,0.5639936327934265,1.0370811223983765,0.1265881061553955,0.12540867924690247,0.2563140392303467,0.5491949319839478,71,denoise,0,gaussian,0.3,174,174
0.10131536424160004,0.0886906087398529,0.12935562431812286,0.11317582428455353,0.3145942687988281,0.5066677927970886,0.09283296018838882,0.13585691154003143,0.19730831682682037,0.5100238919258118,71,perturb,1,gaussian,0.3,174,175
0.10955590009689331,0.09586337208747864,0.1318262815475464,0.11535318195819855,0.30208060145378113,0.50986647605896,0.09029758721590042,0.12805861234664917,0.21757622063159943,0.5078320503234863,71,perturb,2,gaussian,0.3,174,176
0.12265260517597198,0.10726682841777802,0.1456509381532669,0.12744146585464478,0.39764726161956787,0.7566735744476318,0.1308564841747284,0.1362060308456421,0.2286379635334015,0.5310192108154297,71,perturb,5,gaussian,0.3,174,179
0.0497605986893177,0.043629590421915054,0.10984876751899719,0.09610254317522049,0.23330247402191162,0.43115153908729553,0.04943786561489105,0.044672705233097076,0.10994894057512283,0.24026963114738464,71,denoise,0,gaussian,0.5,124,124
0.026126373559236526,0.022871259599924088,0.0565624013543129,0.049483153969049454,0.10408688336610794,0.1160353571176529,0.02092110551893711,0.04511145502328873,0.12236777693033218,0.23121288418769836,71,perturb,1,gaussian,0.5,124,125
0.026567090302705765,0.023191604763269424,0.061899930238723755,0.05416923761367798,0.14084748923778534,0.16619229316711426,0.028974002227187157,0.04616818577051163,0.11906068027019501,0.23816964030265808,71,perturb,2,gaussian,0.5,124,126
0.04592641070485115,0.04025248438119888,0.08591664582490921,0.07515408843755722,0.1771688163280487,0.24481335282325745,0.041673313826322556,0.05176035314798355,0.13286547362804413,0.255481481552124,71,perturb,5,gaussian,0.5,124,129
0.03628353029489517,0.03169587254524231,0.07722035050392151,0.06755024194717407,0.1294899433851242,0.17440684139728546,0.01620820164680481,0.03160763531923294,0.07779238373041153,0.14001597464084625,71,denoise,0,gaussian,0.7,75,75
0.007412233855575323,0.006485377438366413,0.015741635113954544,0.013768104836344719,0.025029746815562248,0.011434230022132397,0.0021900020074099302,0.03388059884309769,0.06607755273580551,0.13290250301361084,71,perturb,1,gaussian,0.7,75,76
0.012306098826229572,0.0107770636677742,0.026794541627168655,0.023450549691915512,0.03959113359451294,0.021458318457007408,0.0037588414270430803,0.03383403271436691,0.06856624782085419,0.13450539112091064,71,perturb,2,gaussian,0.7,75,77
0.018809372559189796,0.016394447535276413,0.037882257252931595,0.033178213983774185,0.06564328819513321,0.04667399078607559,0.006954616401344538,0.034486569464206696,0.07447534799575806,0.141770601272583,71,perturb,5,gaussian,0.7,75,80
0.09361124783754349,0.08187738060951233,0.3787713944911957,0.331412136554718,0.6807286739349365,1.0675419569015503,0.09669682383537292,0.07612709701061249,0.28848713636398315,0.6670976877212524,49,denoise,0,gaussian,0.3,174,174
0.07538525760173798,0.06596191972494125,0.20969344675540924,0.1834944188594818,0.39400437474250793,0.3067922592163086,0.02758844569325447,0.07741809636354446,0.33288323879241943,0.6431586146354675,49,perturb,1,gaussian,0.3,174,175
0.08318618685007095,0.07287691533565521,0.2998596727848053,0.2623727321624756,0.44716399908065796,0.3493987023830414,0.03601273521780968,0.08202001452445984,0.37366315722465515,0.652417778968811,49,perturb,2,gaussian,0.3,174,176
0.08197386562824249,0.07166478037834167,0.32979291677474976,0.2885795533657074,0.47448286414146423,0.3600272536277771,0.04081069305539131,0.0830390676856041,0.41988247632980347,0.6685674786567688,49,perturb,5,gaussian,0.3,174,179
0.06764411181211472,0.0592225044965744,0.17261269688606262,0.1510578989982605,0.5491603016853333,0.9049358367919922,0.06429571658372879,0.0514882430434227,0.13468223810195923,0.5420912504196167,49,denoise,0,gaussian,0.5,124,124
0.03608274087309837,0.03156533092260361,0.1000712588429451,0.08756574988365173,0.24844494462013245,0.2082805186510086,0.021885311231017113,0.07002732902765274,0.19443351030349731,0.5680527687072754,49,perturb,1,gaussian,0.5,124,125
0.052297476679086685,0.04582378268241882,0.14317254722118378,0.12528321146965027,0.33929988741874695,0.3218059241771698,0.03475271165370941,0.06603732705116272,0.19472116231918335,0.5603917837142944,49,perturb,2,gaussian,0.5,124,126
0.059460174292325974,0.051913123577833176,0.22057214379310608,0.19299903512001038,0.4339936375617981,0.39011308550834656,0.03723005950450897,0.07173754274845123,0.2294849008321762,0.5711314082145691,49,perturb,5,gaussian,0.5,124,129
0.024091022089123726,0.02109876461327076,0.0655975267291069,0.05741061642765999,0.2748684287071228,0.418282151222229,0.024808714166283607,0.02427932620048523,0.05902723968029022,0.293121874332428,49,denoise,0,gaussian,0.7,75,75
0.005025842692703009,0.004264447838068008,0.014440549537539482,0.012639062479138374,0.04945715516805649,0.02360447868704796,0.0025772869121283293,0.024477563798427582,0.06600277125835419,0.2894553542137146,49,perturb,1,gaussian,0.7,75,76
0.0074196928180754185,0.006452033296227455,0.0231461301445961,0.020244929939508438,0.07866881042718887,0.0447043813765049,0.004375934135168791,0.023591533303260803,0.062628835439682,0.28844964504241943,49,perturb,2,gaussian,0.7,75,77
0.010997306555509567,0.009588424116373062,0.03673945739865303,0.032152656465768814,0.12642884254455566,0.09050219506025314,0.007923574186861515,0.023187793791294098,0.06151619553565979,0.2951688766479492,49,perturb,5,gaussian,0.7,75,80
0.12434110045433044,0.10889700055122375,0.4411396384239197,0.3860044479370117,0.6623135805130005,1.2575111389160156,0.12127615511417389,0.15416602790355682,0.5755266547203064,0.6686642169952393,16,denoise,0,gaussian,0.3,174,174
0.11589128524065018,0.10137355327606201,0.3115382790565491,0.27259963750839233,0.4848206043243408,0.6002729535102844,0.05048168823122978,0.16453766822814941,0.5737158060073853,0.683647632598877,16,perturb,1,gaussian,0.3,174,175
0.11605600267648697,0.10164690017700195,0.318488210439682,0.27867597341537476,0.5173155069351196,0.7084158062934875,0.06543600559234619,0.1572805792093277,0.5552808046340942,0.6619491577148438,16,perturb,2,gaussian,0.3,174,176
0.1172628104686737,0.10257025063037872,0.33350858092308044,0.2918172776699066,0.5449239015579224,0.8066436648368835,0.08369172364473343,0.1570594161748886,0.5329164266586304,0.6484470367431641,16,perturb,5,gaussian,0.3,174,179
0.09212389588356018,0.08057735860347748,0.26692846417427063,0.23357410728931427,0.33940449357032776,0.5090911388397217,0.0304722897708416,0.10277427732944489,0.2815748155117035,0.3806356191635132,16,denoise,0,gaussian,0.5,124,124
0.037433333694934845,0.03272221237421036,0.13229694962501526,0.11576249450445175,0.10960257053375244,0.10828221589326859,0.009675607085227966,0.09858405590057373,0.2364652305841446,0.36780428886413574,16,perturb,1,gaussian,0.5,124,125
0.04895339906215668,0.042868636548519135,0.17845961451530457,0.15615646541118622,0.15014195442199707,0.1462959498167038,0.013330151326954365,0.1038944348692894,0.27379006147384644,0.374947726726532,16,perturb,2,gaussian,0.5,124,126
0.06113961711525917,0.053541798144578934,0.22033604979515076,0.19281309843063354,0.19846579432487488,0.21683712303638458,0.01896616443991661,0.10366328060626984,0.30168208479881287,0.3864554166793823,16,perturb,5,gaussian,0.5,124,129
0.06314072012901306,0.05525176599621773,0.16382156312465668,0.14333415031433105,0.2317512482404709,0.2813984155654907,0.01834448054432869,0.06765783578157425,0.17015323042869568,0.2294013798236847,16,denoise,0,gaussian,0.7,75,75
0.019170427694916725,0.016831032931804657,0.0340447872877121,0.029805060476064682,0.038695983588695526,0.02200239524245262,0.002759661292657256,0.07118184864521027,0.12052597850561142,0.208454430103302,16,perturb,1,gaussian,0.7,75,76
0.025030262768268585,0.02191520854830742,0.05272724851965904,0.046133674681186676,0.0574285164475441,0.03594160079956055,0.0039709098637104034,0.06752133369445801,0.12831833958625793,0.20894786715507507,16,perturb,2,gaussian,0.7,75,77
0.033546268939971924,0.029323864728212357,0.08508773893117905,0.07446148246526718,0.10817000269889832,0.07803317904472351,0.007620634976774454,0.062242209911346436,0.1356843113899231,0.22172017395496368,16,perturb,5,gaussian,0.7,75,80
0.10739723592996597,0.09393933415412903,0.24670302867889404,0.21585676074028015,0.5939521193504333,1.0774438381195068,0.09720132499933243,0.12168911099433899,0.2956879138946533,0.5848890542984009,57,denoise,0,gaussian,0.3,174,174
0.0705094188451767,0.06174357235431671,0.1797885298728943,0.15730558335781097,0.3267897963523865,0.40617361664772034,0.05185635760426521,0.09956054389476776,0.324476957321167,0.5452561378479004,57,perturb,1,gaussian,0.3,174,175
0.07037368416786194,0.06155981868505478,0.22511425614356995,0.1969788819551468,0.3763048052787781,0.4562329053878784,0.05635584890842438,0.10569692403078079,0.33809933066368103,0.546406090259552,57,perturb,2,gaussian,0.3,174,176
0.0712774246931076,0.06242100149393082,0.23927181959152222,0.20936352014541626,0.3572269678115845,0.393755167722702,0.05053434520959854,0.09970154613256454,0.3362029790878296,0.5435150861740112,57,perturb,5,gaussian,0.3,174,179
0.107150137424469,0.09381495416164398,0.27345532178878784,0.2392731010913849,0.5238046050071716,0.8139640688896179,0.06056690588593483,0.09038111567497253,0.23315846920013428,0.47610166668891907,57,denoise,0,gaussian,0.5,124,124
0.06690829247236252,0.05854867398738861,0.2192278504371643,0.19182315468788147,0.35045239329338074,0.2995098829269409,0.024759424850344658,0.06058720499277115,0.21633750200271606,0.4536893367767334,57,perturb,1,gaussian,0.5,124,125
0.06841520220041275,0.059877850115299225,0.21416302025318146,0.18737897276878357,0.3889003396034241,0.32158780097961426,0.025960225611925125,0.06309033930301666,0.21104571223258972,0.4670637547969818,57,perturb,2,gaussian,0.5,124,126
0.08573091775178909,0.07507869601249695,0.3085443675518036,0.269979864358902,0.45307645201683044,0.40481531620025635,0.03710174560546875,0.08121895790100098,0.25441476702690125,0.4899924695491791,57,perturb,5,gaussian,0.5,124,129
0.06396454572677612,0.05598917603492737,0.10678402334451675,0.09340180456638336,0.259946346282959,0.4623959958553314,0.03052390180528164,0.04128504544496536,0.10140640288591385,0.24869996309280396,57,denoise,0,gaussian,0.7,75,75
0.008099252358078957,0.007135286461561918,0.013886499218642712,0.01217581331729889,0.03622542321681976,0.016394617035984993,0.0019985365215688944,0.03091086447238922,0.09278412163257599,0.25557100772857666,57,perturb,1,gaussian,0.7,75,76
0.01390596479177475,0.012154091149568558,0.0238924790173769,0.02091432362794876,0.06057361513376236,0.028183000162243843,0.003353361738845706,0.032721780240535736,0.09510129690170288,0.26121985912323,57,perturb,2,gaussian,0.7,75,77
0.025117333978414536,0.02207212895154953,0.046935033053159714,0.0410783514380455,0.1175306886434555,0.0690152570605278,0.006632375065237284,0.03418548405170441,0.10434100031852722,0.27209946513175964,57,perturb,5,gaussian,0.7,75,80
0.12896190583705902,0.11283311247825623,0.27552497386932373,0.24108846485614777,0.582808792591095,1.083415150642395,0.08344849944114685,0.18328683078289032,0.3041282892227173,0.5968255996704102,360,denoise,0,gaussian,0.3,174,174
0.06644123792648315,0.05817098915576935,0.2588959336280823,0.2265397161245346,0.31384578347206116,0.2601630687713623,0.031238632276654243,0.17909571528434753,0.3358563184738159,0.5842454433441162,360,perturb,1,gaussian,0.3,174,175
0.10119839012622833,0.08851183205842972,0.3758457899093628,0.32886677980422974,0.38869088888168335,0.31695184111595154,0.03830764442682266,0.17861486971378326,0.39139917492866516,0.6000849604606628,360,perturb,2,gaussian,0.3,174,176
0.11527298390865326,0.10093765705823898,0.39962679147720337,0.34967225790023804,0.47357767820358276,0.410491406917572,0.04920642450451851,0.17856569588184357,0.3978252410888672,0.6118348836898804,360,perturb,5,gaussian,0.3,174,179
0.07371293008327484,0.06444227695465088,0.23836073279380798,0.20857350528240204,0.3990381956100464,0.771007239818573,0.03757023066282272,0.13876011967658997,0.21196924149990082,0.45406705141067505,360,denoise,0,gaussian,0.5,124,124
0.033483605831861496,0.02926114946603775,0.17201901972293854,0.15054138004779816,0.12667572498321533,0.07144501060247421,0.005437976680696011,0.1416318714618683,0.27222558856010437,0.46065789461135864,360,perturb,1,gaussian,0.5,124,125
0.0480002835392952,0.04196085408329964,0.1883806437253952,0.1648443192243576,0.17782869935035706,0.10515519976615906,0.007772844284772873,0.1552252471446991,0.2567076086997986,0.45771950483322144,360,perturb,2,gaussian,0.5,124,126
0.06320863217115402,0.05539117753505707,0.2217126041650772,0.1939939260482788,0.24205654859542847,0.15722112357616425,0.012290265411138535,0.15353640913963318,0.2794729769229889,0.4517902731895447,360,perturb,5,gaussian,0.5,124,129
0.07839121669530869,0.06866396218538284,0.17448903620243073,0.152673602104187,0.30740246176719666,0.4623534679412842,0.0185602568089962,0.09492898732423782,0.1514321267604828,0.3080591559410095,360,denoise,0,gaussian,0.7,75,75
0.029265623539686203,0.025591295212507248,0.0265493206679821,0.02322552725672722,0.07011120766401291,0.026098644360899925,0.0024472661316394806,0.10839491337537766,0.19611626863479614,0.3171869218349457,360,perturb,1,gaussian,0.7,75,76
0.04051455855369568,0.03535754606127739,0.0409049391746521,0.035789187997579575,0.10949689149856567,0.04874877631664276,0.004161251708865166,0.09933400899171829,0.1904647946357727,0.3227078318595886,360,perturb,2,gaussian,0.7,75,77
0.04662569239735603,0.04087456688284874,0.08495665341615677,0.07433934509754181,0.17595772445201874,0.10304753482341766,0.00730466702952981,0.09855544567108154,0.1860584020614624,0.34151923656463623,360,perturb,5,gaussian,0.7,75,80
0.09306133538484573,0.08149407058954239,0.1421465128660202,0.12437143921852112,0.5827363729476929,1.2034568786621094,0.06855380535125732,0.1014910638332367,0.12726593017578125,0.5519484281539917,974,denoise,0,gaussian,0.3,174,174
0.049762822687625885,0.04359309375286102,0.05304091423749924,0.046406857669353485,0.20372900366783142,0.22344276309013367,0.016976188868284225,0.08122588694095612,0.09363959729671478,0.574062705039978,974,perturb,1,gaussian,0.3,174,175
0.06371074169874191,0.055722855031490326,0.07536186277866364,0.06594005227088928,0.26241499185562134,0.33805009722709656,0.024614479392766953,0.08978485316038132,0.09971621632575989,0.5753114819526672,974,perturb,2,gaussian,0.3,174,176
0.0684308335185051,0.05980084091424942,0.06743689626455307,0.059016190469264984,0.3343874514102936,0.4889121949672699,0.037001729011535645,0.09559091180562973,0.099556103348732,0.5645807981491089,974,perturb,5,gaussian,0.3,174,179
0.07793446630239487,0.06821936368942261,0.07975532859563828,0.06979671120643616,0.3828563094139099,0.5285537242889404,0.018576476722955704,0.10582827031612396,0.08960698544979095,0.3788502812385559,974,denoise,0,gaussian,0.5,124,124
0.020092971622943878,0.017659684643149376,0.011834860779345036,0.010365685448050499,0.0663573369383812,0.034019142389297485,0.0014578182017430663,0.08668319135904312,0.06587978452444077,0.34967607259750366,974,perturb,1,gaussian,0.5,124,125
0.026280654594302177,0.022898320108652115,0.017609640955924988,0.015424675308167934,0.0884520635008812,0.04793902114033699,0.0021831176709383726,0.08725863695144653,0.06639594584703445,0.3482253849506378,974,perturb,2,gaussian,0.5,124,126
0.0366060845553875,0.03201620280742645,0.0356612354516983,0.031199980527162552,0.14664967358112335,0.08041663467884064,0.0042482162825763226,0.08522769808769226,0.07081432640552521,0.36325621604919434,974,perturb,5,gaussian,0.5,124,129
0.06054595112800598,0.052985891699790955,0.0645938590168953,0.05652669817209244,0.22971822321414948,0.28945913910865784,0.006148666609078646,0.057815030217170715,0.06291910260915756,0.227004274725914,974,denoise,0,gaussian,0.7,75,75
0.008981826715171337,0.007828673347830772,0.014002719894051552,0.012252702377736568,0.026071852073073387,0.00972825475037098,0.000380364537704736,0.04202509671449661,0.04975923150777817,0.1973891705274582,974,perturb,1,gaussian,0.7,75,76
0.01511397771537304,0.013162404298782349,0.02043057791888714,0.017873132601380348,0.03842727094888687,0.01703260838985443,0.0006241120863705873,0.04196631908416748,0.05114242434501648,0.20026443898677826,974,perturb,2,gaussian,0.7,75,77
0.02856612578034401,0.02501986175775528,0.03817464038729668,0.033389121294021606,0.07493337243795395,0.035419099032878876,0.0012092930264770985,0.05133073031902313,0.05699943006038666,0.21424579620361328,974,perturb,5,gaussian,0.7,75,80
0.10781420022249222,0.09431163966655731,0.3141479194164276,0.27489006519317627,0.613114058971405,0.9397464990615845,0.07729209959506989,0.0997193455696106,0.2680525779724121,0.5674712657928467,41,denoise,0,gaussian,0.3,174,174
0.04994267597794533,0.04370470345020294,0.07790644466876984,0.06816297769546509,0.14483490586280823,0.08963564783334732,0.01141609437763691,0.10873917490243912,0.21618108451366425,0.512805700302124,41,perturb,1,gaussian,0.3,174,175
0.0471637062728405,0.041206758469343185,0.07418409734964371,0.06491661071777344,0.16335399448871613,0.09720275551080704,0.012885333970189095,0.10189305990934372,0.216276615858078,0.508651614189148,41,perturb,2,gaussian,0.3,174,176
0.05450727418065071,0.04769180342555046,0.12882724404335022,0.1127299815416336,0.2413191944360733,0.17603041231632233,0.022688841447234154,0.08698497712612152,0.23022276163101196,0.512474775314331,41,perturb,5,gaussian,0.3,174,179
0.08971147239208221,0.07850594818592072,0.19945529103279114,0.174524188041687,0.4421784281730652,0.7527870535850525,0.05107208713889122,0.07716681063175201,0.18574601411819458,0.4477546811103821,41,denoise,0,gaussian,0.5,124,124
0.061653099954128265,0.05393721163272858,0.1560051441192627,0.1364942193031311,0.21803104877471924,0.12807349860668182,0.0139673613011837,0.06440361589193344,0.17762768268585205,0.40432173013687134,41,perturb,1,gaussian,0.5,124,125
0.06546162068843842,0.05724167078733444,0.16370223462581635,0.1432536393404007,0.24425694346427917,0.14368651807308197,0.016623377799987793,0.06920164078474045,0.19573679566383362,0.40787243843078613,41,perturb,2,gaussian,0.5,124,126
0.07726410031318665,0.06761174649000168,0.18088993430137634,0.15827955305576324,0.2956438958644867,0.19814808666706085,0.021236173808574677,0.0717114582657814,0.187297523021698,0.4319167733192444,41,perturb,5,gaussian,0.5,124,129
0.0707118883728981,0.061850421130657196,0.12779434025287628,0.11180833727121353,0.3533836603164673,0.4636527895927429,0.026894044131040573,0.0699244886636734,0.13659802079200745,0.34002670645713806,41,denoise,0,gaussian,0.7,75,75
0.01880059577524662,0.01646452583372593,0.03491007909178734,0.03052680753171444,0.10358579456806183,0.032257258892059326,0.004761761054396629,0.08042535930871964,0.1369905173778534,0.35876548290252686,41,perturb,1,gaussian,0.7,75,76
0.03559171035885811,0.031156178563833237,0.06532733887434006,0.05714910104870796,0.15867431461811066,0.0638522207736969,0.008077754639089108,0.06786590069532394,0.14536786079406738,0.35849231481552124,41,perturb,2,gaussian,0.7,75,77
0.07982176542282104,0.06985056400299072,0.0869305357336998,0.07604867219924927,0.21515652537345886,0.1142522543668747,0.012289482168853283,0.08114402741193771,0.14861860871315002,0.3659050464630127,41,perturb,5,gaussian,0.7,75,80
0.14908528327941895,0.13040652871131897,0.32058393955230713,0.28051888942718506,0.64615797996521,1.1759169101715088,0.08522636443376541,0.2061765491962433,0.3548913598060608,0.6835919618606567,83,denoise,0,gaussian,0.3,174,174
0.03153344988822937,0.02766377106308937,0.07920908182859421,0.06930425763130188,0.15158377587795258,0.07751744240522385,0.0059141372330486774,0.2420203983783722,0.3927660882472992,0.6091196537017822,83,perturb,1,gaussian,0.3,174,175
0.03824736177921295,0.033472247421741486,0.101904958486557,0.08917384594678879,0.19719144701957703,0.10919445753097534,0.008070156909525394,0.23758694529533386,0.3801168203353882,0.6128246784210205,83,perturb,2,gaussian,0.3,174,176
0.05790117755532265,0.050625383853912354,0.13640610873699188,0.11934301257133484,0.28352558612823486,0.1777522712945938,0.013093112036585808,0.2374456822872162,0.37518295645713806,0.6156778335571289,83,perturb,5,gaussian,0.3,174,179
0.172459214925766,0.1508367359638214,0.27451959252357483,0.2402171939611435,0.5413641333580017,0.7293935418128967,0.03337649255990982,0.2061200737953186,0.29688864946365356,0.49580061435699463,83,denoise,0,gaussian,0.5,124,124
0.1771613210439682,0.15507358312606812,0.14167456328868866,0.12396316230297089,0.387093722820282,0.2548028528690338,0.013764465227723122,0.21897438168525696,0.25332891941070557,0.5228391289710999,83,perturb,1,gaussian,0.5,124,125
0.1717936098575592,0.15030375123023987,0.17186857759952545,0.1503811776638031,0.41013675928115845,0.2775224447250366,0.015039799734950066,0.21830883622169495,0.2650648355484009,0.5164237022399902,83,perturb,2,gaussian,0.5,124,126
0.16082771122455597,0.14069750905036926,0.21673566102981567,0.18964368104934692,0.4035402238368988,0.3051973283290863,0.01661989651620388,0.20537763833999634,0.2795051336288452,0.5051681995391846,83,perturb,5,gaussian,0.5,124,129
0.13433948159217834,0.11759046465158463,0.12392117828130722,0.10844439268112183,0.2774845361709595,0.3192329406738281,0.009569406509399414,0.14316514134407043,0.1561536192893982,0.287384033203125,83,denoise,0,gaussian,0.7,75,75
0.07615551352500916,0.06662201881408691,0.02253752015531063,0.019711066037416458,0.041816677898168564,0.017335236072540283,0.0016595561755821109,0.17279839515686035,0.16252124309539795,0.2649097442626953,83,perturb,1,gaussian,0.7,75,76
0.1101769432425499,0.09645511209964752,0.03350602835416794,0.029310092329978943,0.08114247769117355,0.034588560461997986,0.002666463842615485,0.18148362636566162,0.1590518206357956,0.27160942554473877,83,perturb,2,gaussian,0.7,75,77
0.1277400106191635,0.11169902235269547,0.05619372799992561,0.049151115119457245,0.15830163657665253,0.06291204690933228,0.004132155794650316,0.1710570901632309,0.1635059416294098,0.2952011525630951,83,perturb,5,gaussian,0.7,75,80
0.13044044375419617,0.11416526883840561,0.3297358751296997,0.28850269317626953,0.6726080179214478,1.242370843887329,0.12706919014453888,0.10616641491651535,0.31139081716537476,0.7158480882644653,48,denoise,0,gaussian,0.3,174,174
0.06375852227210999,0.05571558326482773,0.13069617748260498,0.11435399949550629,0.360424667596817,0.3546449840068817,0.035057857632637024,0.08571647107601166,0.37801653146743774,0.7474130392074585,48,perturb,1,gaussian,0.3,174,175
0.06643079221248627,0.05803971737623215,0.12533867359161377,0.10964487493038177,0.3755311369895935,0.3924965262413025,0.03972981497645378,0.08924329280853271,0.3752441704273224,0.7476264238357544,48,perturb,2,gaussian,0.3,174,176
0.061976708471775055,0.05414372310042381,0.13021130859851837,0.1139240711927414,0.4359760582447052,0.4855429530143738,0.05313528701663017,0.08632209897041321,0.3698822259902954,0.7551680207252502,48,perturb,5,gaussian,0.3,174,179
0.10111258178949356,0.08845634013414383,0.24617914855480194,0.21541157364845276,0.5774481892585754,0.7741544246673584,0.055393170565366745,0.08917312324047089,0.2470705509185791,0.6220687031745911,48,denoise,0,gaussian,0.5,124,124
0.07683568447828293,0.06717883795499802,0.1932085007429123,0.1690714806318283,0.37305596470832825,0.2619612216949463,0.02559773251414299,0.08733831346035004,0.22986185550689697,0.585474967956543,48,perturb,1,gaussian,0.5,124,125
0.06941517442464828,0.060738902539014816,0.1950203776359558,0.17062260210514069,0.3975491225719452,0.2941169738769531,0.029166415333747864,0.08714396506547928,0.22867752611637115,0.587234616279602,48,perturb,2,gaussian,0.5,124,126
0.08983658254146576,0.07854975014925003,0.2331438809633255,0.20400206744670868,0.4577098786830902,0.3697184920310974,0.037394579499959946,0.09055697172880173,0.23748528957366943,0.604129433631897,48,perturb,5,gaussian,0.5,124,129
0.03834843635559082,0.03348861634731293,0.0891164243221283,0.07796373218297958,0.33050137758255005,0.3964039385318756,0.021850859746336937,0.04325639456510544,0.08833116292953491,0.3357200622558594,48,denoise,0,gaussian,0.7,75,75
0.018594536930322647,0.016245920211076736,0.022120889276266098,0.019346874207258224,0.10200563073158264,0.038231536746025085,0.004535278305411339,0.052945613861083984,0.09035907685756683,0.35171833634376526,48,perturb,1,gaussian,0.7,75,76
0.023858891800045967,0.020889831706881523,0.02990628220140934,0.026168406009674072,0.13977496325969696,0.05885527282953262,0.006451468449085951,0.05354882776737213,0.09368452429771423,0.35630708932876587,48,perturb,2,gaussian,0.7,75,77
0.039334602653980255,0.034453533589839935,0.03642089292407036,0.03186029940843582,0.19958020746707916,0.09961578249931335,0.009482648223638535,0.057148098945617676,0.0908786952495575,0.36053138971328735,48,perturb,5,gaussian,0.7,75,80
0.14925473928451538,0.13062310218811035,0.47372809052467346,0.41450607776641846,0.6389700174331665,1.2350363731384277,0.09865174442529678,0.15192025899887085,0.5175580978393555,0.6524497866630554,26,denoise,0,gaussian,0.3,174,174
0.06940798461437225,0.06076103076338768,0.2172727882862091,0.19012758135795593,0.3018262982368469,0.3015691041946411,0.03178410977125168,0.19386246800422668,0.6281409859657288,0.6937986612319946,26,perturb,1,gaussian,0.3,174,175
0.09022600948810577,0.0789743959903717,0.2150445431470871,0.18817386031150818,0.3289831876754761,0.37133416533470154,0.03607996180653572,0.20609329640865326,0.6246366500854492,0.6825227737426758,26,perturb,2,gaussian,0.3,174,176
0.09234138578176498,0.0808253213763237,0.21569454669952393,0.18874290585517883,0.3595286011695862,0.47564181685447693,0.0476432703435421,0.20631200075149536,0.6302634477615356,0.6938189268112183,26,perturb,5,gaussian,0.3,174,179
0.09343035519123077,0.08172506093978882,0.34985774755477905,0.3061245083808899,0.4577929973602295,0.6759304404258728,0.030841510742902756,0.07776743173599243,0.31107357144355774,0.4171386957168579,26,denoise,0,gaussian,0.5,124,124
0.05983656644821167,0.052367858588695526,0.3448665738105774,0.301768958568573,0.26916733384132385,0.2160767912864685,0.01295697782188654,0.06991554796695709,0.3764288127422333,0.4137398600578308,26,perturb,1,gaussian,0.5,124,125
0.06150965020060539,0.05378899723291397,0.3313911557197571,0.28996342420578003,0.29485759139060974,0.23335577547550201,0.015393180772662163,0.07334081083536148,0.3847489655017853,0.4291963279247284,26,perturb,2,gaussian,0.5,124,126
0.07178965210914612,0.06292566657066345,0.3126237988471985,0.2735411822795868,0.3348112404346466,0.28601258993148804,0.01940416917204857,0.07795138657093048,0.3640426993370056,0.43743568658828735,26,perturb,5,gaussian,0.5,124,129
0.054497312754392624,0.047650545835494995,0.15080732107162476,0.13197070360183716,0.25802356004714966,0.37443599104881287,0.008972186595201492,0.04467470198869705,0.18511974811553955,0.2672000229358673,26,denoise,0,gaussian,0.7,75,75
0.007818554528057575,0.006883271038532257,0.017943287268280983,0.015709269791841507,0.03251226618885994,0.014450887218117714,0.0006553533603437245,0.04987277835607529,0.1969284564256668,0.28668731451034546,26,perturb,1,gaussian,0.7,75,76
0.01267124805599451,0.011075114831328392,0.02739902399480343,0.023968737572431564,0.051353178918361664,0.024851148948073387,0.0010660731932148337,0.05013994872570038,0.2011709064245224,0.28462618589401245,26,perturb,2,gaussian,0.7,75,77
0.023829175159335136,0.02091810293495655,0.058655060827732086,0.051326118409633636,0.10025282204151154,0.05742541700601578,0.0025965343229472637,0.05110040307044983,0.2003738433122635,0.28666120767593384,26,perturb,5,gaussian,0.7,75,80
0.10406477004289627,0.09109875559806824,0.14471684396266937,0.12663999199867249,0.6363488435745239,1.0830292701721191,0.0980839803814888,0.12892059981822968,0.22116222977638245,0.7232120037078857,94,denoise,0,gaussian,0.3,174,174
0.0880684182047844,0.07700963318347931,0.12097492814064026,0.10585324466228485,0.4166490137577057,0.5189147591590881,0.04567050188779831,0.14296066761016846,0.23415817320346832,0.7526916265487671,94,perturb,1,gaussian,0.3,174,175
0.10838793218135834,0.09485667943954468,0.14533841609954834,0.12715189158916473,0.5248745679855347,0.6613974571228027,0.05819188803434372,0.1503181755542755,0.23952624201774597,0.7392594814300537,94,perturb,2,gaussian,0.3,174,176
0.08142103999853134,0.07118850946426392,0.10749677568674088,0.09405623376369476,0.5470561981201172,0.7113829255104065,0.06546658277511597,0.13957569003105164,0.23101456463336945,0.7246068120002747,94,perturb,5,gaussian,0.3,174,179
0.07271991670131683,0.06370916217565536,0.13958097994327545,0.12212427705526352,0.33307313919067383,0.42420729994773865,0.02813977561891079,0.07309607416391373,0.13533943891525269,0.37235069274902344,94,denoise,0,gaussian,0.5,124,124
0.04445997253060341,0.03889621049165726,0.0896090641617775,0.07840707898139954,0.19841982424259186,0.16193664073944092,0.011416958644986153,0.06746423989534378,0.12557654082775116,0.36444973945617676,94,perturb,1,gaussian,0.5,124,125
0.05807359144091606,0.0508049875497818,0.11403094232082367,0.09976620972156525,0.2395799160003662,0.20378424227237701,0.014403300359845161,0.07301415503025055,0.14147505164146423,0.3699225187301636,94,perturb,2,gaussian,0.5,124,126
0.09690564125776291,0.08480694890022278,0.13428182899951935,0.11746742576360703,0.31756341457366943,0.29977551102638245,0.022927848622202873,0.0978534147143364,0.14732396602630615,0.3940650224685669,94,perturb,5,gaussian,0.5,124,129
0.049855563789606094,0.04357367008924484,0.0907311961054802,0.0794023871421814,0.1542983055114746,0.20193631947040558,0.0098660197108984,0.046405769884586334,0.06868572533130646,0.1457853615283966,94,denoise,0,gaussian,0.7,75,75
0.010148687288165092,0.008735565468668938,0.023646213114261627,0.020690299570560455,0.04394014552235603,0.02245933935046196,0.0019808411598205566,0.0436951220035553,0.09269294142723083,0.15150272846221924,94,perturb,1,gaussian,0.7,75,76
0.012731392867863178,0.01121463067829609,0.029143530875444412,0.02550019696354866,0.05795891955494881,0.0322578027844429,0.002757419366389513,0.043424785137176514,0.09316008538007736,0.15449844300746918,94,perturb,2,gaussian,0.7,75,77
0.016449779272079468,0.014429330825805664,0.043126534670591354,0.03773287311196327,0.08817358314990997,0.06378623843193054,0.0050173052586615086,0.04167884588241577,0.09351503103971481,0.15323884785175323,94,perturb,5,gaussian,0.7,75,80
0.16182422637939453,0.14159490168094635,0.24853162467479706,0.2174709141254425,0.5459169149398804,1.017066240310669,0.0896153375506401,0.14796961843967438,0.28665709495544434,0.5672938823699951,69,denoise,0,gaussian,0.3,174,174
0.05226189270615578,0.04580829292535782,0.0764181986451149,0.06685537099838257,0.1764078289270401,0.1389782428741455,0.012623636052012444,0.1414576768875122,0.28663170337677,0.5428701043128967,69,perturb,1,gaussian,0.3,174,175
0.060728177428245544,0.053138554096221924,0.0799708366394043,0.06997358053922653,0.20259682834148407,0.19595427811145782,0.014559481292963028,0.13315430283546448,0.26456397771835327,0.5326991081237793,69,perturb,2,gaussian,0.3,174,176
0.059460632503032684,0.0521087571978569,0.0896674171090126,0.07846657186746597,0.23109881579875946,0.2531871199607849,0.020806800574064255,0.12016177177429199,0.2522742748260498,0.5402137637138367,69,perturb,5,gaussian,0.3,174,179
0.08825195580720901,0.07726060599088669,0.15973348915576935,0.13975971937179565,0.3912753164768219,0.6091957092285156,0.04697062075138092,0.08968412131071091,0.17768941819667816,0.3847163915634155,69,denoise,0,gaussian,0.5,124,124
0.043958887457847595,0.0384298674762249,0.057082969695329666,0.04995572566986084,0.13413721323013306,0.12279544770717621,0.013061368837952614,0.06834972649812698,0.11436422169208527,0.3387085497379303,69,perturb,1,gaussian,0.5,124,125
0.06014515087008476,0.05264093726873398,0.07390966266393661,0.06467045843601227,0.20099736750125885,0.19741298258304596,0.021393759176135063,0.07572700828313828,0.11591804027557373,0.3343823552131653,69,perturb,2,gaussian,0.5,124,126
0.09620440751314163,0.0841870903968811,0.12758243083953857,0.11162594705820084,0.29253679513931274,0.2959950566291809,0.03342317044734955,0.08692781627178192,0.14044538140296936,0.34941717982292175,69,perturb,5,gaussian,0.5,124,129
0.06571804732084274,0.05753660202026367,0.07231573760509491,0.06326358020305634,0.1919431835412979,0.2643798291683197,0.01774139143526554,0.06648136675357819,0.07189082354307175,0.1861555278301239,69,denoise,0,gaussian,0.7,75,75
0.012351472862064838,0.010734692215919495,0.01632498949766159,0.014274614863097668,0.029339607805013657,0.01120694074779749,0.0019393309485167265,0.06091154366731644,0.05917254090309143,0.18508842587471008,69,perturb,1,gaussian,0.7,75,76
0.021516330540180206,0.018890388309955597,0.02614414319396019,0.022866347804665565,0.04540659859776497,0.021066857501864433,0.003333750180900097,0.06148562580347061,0.05908283591270447,0.18565526604652405,69,perturb,2,gaussian,0.7,75,77
0.03704356774687767,0.03233884274959564,0.041329171508550644,0.036180637776851654,0.07733245193958282,0.049973346292972565,0.0064007933251559734,0.06083308905363083,0.06612394750118256,0.18576321005821228,69,perturb,5,gaussian,0.7,75,80
0.09247790277004242,0.08095161616802216,0.22040952742099762,0.19285935163497925,0.5712663531303406,1.034525752067566,0.06748247891664505,0.10669130831956863,0.1989905834197998,0.617301881313324,15,denoise,0,gaussian,0.3,174,174
0.07663650810718536,0.06708674132823944,0.252170205116272,0.22065934538841248,0.47852176427841187,0.5289966464042664,0.03757534176111221,0.09728949517011642,0.2955622971057892,0.7030776143074036,15,perturb,1,gaussian,0.3,174,175
0.07007957249879837,0.06136514991521835,0.22393029928207397,0.19593946635723114,0.48205646872520447,0.5776271820068359,0.04271451011300087,0.10177482664585114,0.32185590267181396,0.7044973969459534,15,perturb,2,gaussian,0.3,174,176
0.07215569913387299,0.06304116547107697,0.17263276875019073,0.15105606615543365,0.35614749789237976,0.4360492527484894,0.031039539724588394,0.12228470295667648,0.3667648434638977,0.692505955696106,15,perturb,5,gaussian,0.3,174,179
0.08996199071407318,0.07874474674463272,0.1551348865032196,0.1357516497373581,0.37132325768470764,0.7326456308364868,0.036456894129514694,0.08689328283071518,0.1628096103668213,0.4103642404079437,15,denoise,0,gaussian,0.5,124,124
0.0541822612285614,0.04742324724793434,0.04267248138785362,0.03732972592115402,0.16195867955684662,0.1124357208609581,0.007895494811236858,0.09004003554582596,0.1479739546775818,0.43338924646377563,15,perturb,1,gaussian,0.5,124,125
0.052627500146627426,0.046029530465602875,0.048518434166908264,0.042471520602703094,0.17794623970985413,0.12736031413078308,0.008973447605967522,0.0845571979880333,0.14693908393383026,0.4349014461040497,15,perturb,2,gaussian,0.5,124,126
0.059583257883787155,0.05218324065208435,0.07165514677762985,0.06268705427646637,0.24442952871322632,0.20425313711166382,0.01397841889411211,0.0751023143529892,0.13629913330078125,0.38954833149909973,15,perturb,5,gaussian,0.5,124,129
0.04152866452932358,0.03627752140164375,0.10390517115592957,0.09091540426015854,0.20752958953380585,0.41175776720046997,0.01678144745528698,0.04240360110998154,0.12069624662399292,0.2202453911304474,15,denoise,0,gaussian,0.7,75,75
0.014913816936314106,0.013090420514345169,0.0314343087375164,0.02750406414270401,0.06539088487625122,0.04301932826638222,0.0034136429894715548,0.055372461676597595,0.11835732311010361,0.22811907529830933,15,perturb,1,gaussian,0.7,75,76
0.017415253445506096,0.015209123492240906,0.04298847168684006,0.03761671483516693,0.08103656768798828,0.06248532980680466,0.004525849130004644,0.051995761692523956,0.1159159392118454,0.22648772597312927,15,perturb,2,gaussian,0.7,75,77
0.023372981697320938,0.02045566216111183,0.04631873592734337,0.04052872210741043,0.09831779450178146,0.09178094565868378,0.006038027349859476,0.05302806943655014,0.11003148555755615,0.2190108597278595,15,perturb,5,gaussian,0.7,75,80
0.10512738674879074,0.09198883920907974,0.24711652100086212,0.21621930599212646,0.46216195821762085,0.6767867207527161,0.06138915941119194,0.12744605541229248,0.2328001707792282,0.4530508816242218,92,denoise,0,gaussian,0.3,174,174
0.010385602712631226,0.00909966230392456,0.01779286190867424,0.01555178128182888,0.03631169721484184,0.0399908684194088,0.00546430516988039,0.1613622009754181,0.24387916922569275,0.42522522807121277,92,perturb,1,gaussian,0.3,174,175
0.022397618740797043,0.019646666944026947,0.036520786583423615,0.0319637767970562,0.08151774853467941,0.09885641932487488,0.012740771286189556,0.15411663055419922,0.24578890204429626,0.42539459466934204,92,perturb,2,gaussian,0.3,174,176
0.0620310939848423,0.05425029247999191,0.13545212149620056,0.11851249635219574,0.26743853092193604,0.32867681980133057,0.043349843472242355,0.11765395104885101,0.2309582531452179,0.45756345987319946,92,perturb,5,gaussian,0.3,174,179
0.06755157560110092,0.05910111218690872,0.2056049257516861,0.17991237342357635,0.19687595963478088,0.35034888982772827,0.02153528667986393,0.09243001788854599,0.2180965393781662,0.22192317247390747,92,denoise,0,gaussian,0.5,124,124
0.059956543147563934,0.052496567368507385,0.18720564246177673,0.16379868984222412,0.1309291422367096,0.17100651562213898,0.013184493407607079,0.09902822971343994,0.21092522144317627,0.20699438452720642,92,perturb,1,gaussian,0.5,124,125
0.061939530074596405,0.05418224260210991,0.18179647624492645,0.15906067192554474,0.13473573327064514,0.17972837388515472,0.014094301499426365,0.09150974452495575,0.19308212399482727,0.21221855282783508,92,perturb,2,gaussian,0.5,124,126
0.06775449961423874,0.05928817391395569,0.18233200907707214,0.15951859951019287,0.24240069091320038,0.20961932837963104,0.01493449043482542,0.09614093601703644,0.18066996335983276,0.2579871416091919,92,perturb,5,gaussian,0.5,124,129
0.05085708573460579,0.044442318379879,0.14807328581809998,0.12957224249839783,0.09267066419124603,0.13725370168685913,0.0068078176118433475,0.0444803386926651,0.13256752490997314,0.09012679755687714,92,denoise,0,gaussian,0.7,75,75
0.006507905665785074,0.005707639269530773,0.013614289462566376,0.011912450194358826,0.009295448660850525,0.00397646427154541,0.0004587391158565879,0.08490243554115295,0.11908575892448425,0.09196677058935165,92,perturb,1,gaussian,0.7,75,76
0.00997646152973175,0.008699672296643257,0.020850814878940582,0.01823871210217476,0.014873379841446877,0.007037992123514414,0.0008371241856366396,0.09029192477464676,0.12278138846158981,0.0936732292175293,92,perturb,2,gaussian,0.7,75,77
0.0168203916400671,0.01470646820962429,0.04169291630387306,0.036493293941020966,0.026212628930807114,0.015919232740998268,0.0018911367515102029,0.09801343828439713,0.1287737488746643,0.09549364447593689,92,perturb,5,gaussian,0.7,75,80
0.08687908947467804,0.07596457749605179,0.25019997358322144,0.21892398595809937,0.6136482954025269,1.1465425491333008,0.10033491998910904,0.08008109778165817,0.2564316391944885,0.6987698078155518,19,denoise,0,gaussian,0.3,174,174
0.07816848158836365,0.06835068762302399,0.1840696781873703,0.16105958819389343,0.34859025478363037,0.3692289888858795,0.029990622773766518,0.11707422137260437,0.2897639572620392,0.7223795056343079,19,perturb,1,gaussian,0.3,174,175
0.06563515961170197,0.05743323266506195,0.217455193400383,0.19025827944278717,0.39445117115974426,0.4331207573413849,0.03508313000202179,0.10814609378576279,0.2906188666820526,0.7136495113372803,19,perturb,2,gaussian,0.3,174,176
0.06565199792385101,0.05737375468015671,0.20082400739192963,0.1757054179906845,0.3710190951824188,0.4627832770347595,0.040671419352293015,0.09564056247472763,0.2738167345523834,0.6974665522575378,19,perturb,5,gaussian,0.3,174,179
0.06728322803974152,0.05890831723809242,0.17082859575748444,0.1495024710893631,0.418405145406723,0.601801872253418,0.040163200348615646,0.060916267335414886,0.14753428101539612,0.3922662138938904,19,denoise,0,gaussian,0.5,124,124
0.0540192574262619,0.04720279201865196,0.13569208979606628,0.11870787292718887,0.3104430139064789,0.25196218490600586,0.018325921148061752,0.05850657820701599,0.16700154542922974,0.4065222144126892,19,perturb,1,gaussian,0.5,124,125
0.05856068432331085,0.051216766238212585,0.13466787338256836,0.1178402453660965,0.32038554549217224,0.2745933532714844,0.020093722268939018,0.05849260091781616,0.16225409507751465,0.41262513399124146,19,perturb,2,gaussian,0.5,124,126
0.057527653872966766,0.05035416781902313,0.1392824500799179,0.12186255306005478,0.33781760931015015,0.32913893461227417,0.024957338348031044,0.06075780838727951,0.16826805472373962,0.44864803552627563,19,perturb,5,gaussian,0.5,124,129
0.02508559077978134,0.021819021552801132,0.08119981735944748,0.07104469835758209,0.18630604445934296,0.24176721274852753,0.012689633294939995,0.03141607344150543,0.09524416923522949,0.1816520094871521,19,denoise,0,gaussian,0.7,75,75
0.0049668848514556885,0.004319007508456707,0.012017120607197285,0.010530171915888786,0.0337977409362793,0.02104455791413784,0.0015516537241637707,0.036261409521102905,0.09189729392528534,0.17045670747756958,19,perturb,1,gaussian,0.7,75,76
0.006764022633433342,0.005802861414849758,0.0167623870074749,0.014674992300570011,0.04528053477406502,0.030069388449192047,0.0021578792948275805,0.031148061156272888,0.09237241744995117,0.17390084266662598,19,perturb,2,gaussian,0.7,75,77
0.0127576207742095,0.011110660620033741,0.031230004504323006,0.027324972674250603,0.06952998787164688,0.055510617792606354,0.003923090174794197,0.0332285612821579,0.0905599445104599,0.1804230958223343,19,perturb,5,gaussian,0.7,75,80
0.08838561177253723,0.07728402316570282,0.29975858330726624,0.26228827238082886,0.5631057620048523,1.0328902006149292,0.07242172211408615,0.10589756071567535,0.3088511824607849,0.6181964874267578,14,denoise,0,gaussian,0.3,174,174
0.11203618347644806,0.09802982211112976,0.2744669020175934,0.24015899002552032,0.44781264662742615,0.6738988161087036,0.049647871404886246,0.11002597957849503,0.3130190968513489,0.6339662075042725,14,perturb,1,gaussian,0.3,174,175
0.10355787724256516,0.09056657552719116,0.27440255880355835,0.24008530378341675,0.4544582664966583,0.6843680143356323,0.05082240328192711,0.10343457013368607,0.3111569285392761,0.6326394081115723,14,perturb,2,gaussian,0.3,174,176
0.11977697908878326,0.10481753945350647,0.30608105659484863,0.2678186893463135,0.509232759475708,0.7347093224525452,0.05760825052857399,0.11802069842815399,0.3261186182498932,0.6393999457359314,14,perturb,5,gaussian,0.3,174,179
0.0732337012887001,0.06396599113941193,0.18088729679584503,0.1582755148410797,0.3002830445766449,0.5491805076599121,0.02703942358493805,0.07067566365003586,0.1541113704442978,0.29361361265182495,14,denoise,0,gaussian,0.5,124,124
0.043211597949266434,0.03770428150892258,0.08314105868339539,0.07275041937828064,0.11503894627094269,0.1322953701019287,0.007416279520839453,0.0580083429813385,0.15801651775836945,0.27937769889831543,14,perturb,1,gaussian,0.5,124,125
0.05375761166214943,0.046920858323574066,0.10301105678081512,0.0901305228471756,0.13956096768379211,0.15486417710781097,0.008858352899551392,0.062292881309986115,0.16961929202079773,0.2888091504573822,14,perturb,2,gaussian,0.5,124,126
0.06724144518375397,0.05880808085203171,0.14552217721939087,0.12733295559883118,0.21523988246917725,0.24360477924346924,0.014678189530968666,0.07033168524503708,0.17050057649612427,0.30492615699768066,14,perturb,5,gaussian,0.5,124,129
0.06497609615325928,0.056761033833026886,0.1328958123922348,0.11628261208534241,0.1665411740541458,0.2842061519622803,0.009601166471838951,0.048781782388687134,0.10862530767917633,0.16172130405902863,14,denoise,0,gaussian,0.7,75,75
0.009635708294808865,0.008406468667089939,0.014838259667158127,0.01298664603382349,0.028009001165628433,0.018994957208633423,0.001050245831720531,0.03884950280189514,0.09409338980913162,0.15109312534332275,14,perturb,1,gaussian,0.7,75,76
0.014225930906832218,0.01242910698056221,0.02265445701777935,0.019818313419818878,0.04079858213663101,0.03175457566976547,0.0016300971619784832,0.04157712310552597,0.09447696059942245,0.15224261581897736,14,perturb,2,gaussian,0.7,75,77
0.02252025529742241,0.019675536081194878,0.04194827005267143,0.036708079278469086,0.06335090845823288,0.05832424759864807,0.0029005880933254957,0.04207902401685715,0.09663359820842743,0.1579078882932663,14,perturb,5,gaussian,0.7,75,80
0.0765221118927002,0.06696493178606033,0.2464250773191452,0.2156212031841278,0.531901478767395,1.089809775352478,0.09591373801231384,0.061597391963005066,0.21871694922447205,0.4844971299171448,37,denoise,0,gaussian,0.3,174,174
0.05096708983182907,0.044578831642866135,0.15207481384277344,0.1330600529909134,0.2726667821407318,0.2595486640930176,0.03207700327038765,0.07465663552284241,0.22920970618724823,0.48938649892807007,37,perturb,1,gaussian,0.3,174,175
0.07712984085083008,0.06754365563392639,0.210892453789711,0.18455955386161804,0.34952154755592346,0.3535638153553009,0.040353283286094666,0.08975479751825333,0.237537682056427,0.504192590713501,37,perturb,2,gaussian,0.3,174,176
0.07796378433704376,0.06812155991792679,0.23079903423786163,0.2019556164741516,0.3772747218608856,0.4335624575614929,0.04716922715306282,0.09663125872612,0.28224700689315796,0.5443416833877563,37,perturb,5,gaussian,0.3,174,179
0.049871619790792465,0.043633975088596344,0.14966033399105072,0.13096114993095398,0.36405041813850403,0.7977996468544006,0.05623006820678711,0.04556865245103836,0.16367489099502563,0.3518837094306946,37,denoise,0,gaussian,0.5,124,124
0.03067384660243988,0.026834901422262192,0.08969806134700775,0.07850635051727295,0.17043907940387726,0.16209280490875244,0.016280008479952812,0.0410192608833313,0.12275852262973785,0.3366650938987732,37,perturb,1,gaussian,0.5,124,125
0.024944765493273735,0.021905485540628433,0.10208968073129654,0.08933082222938538,0.20139910280704498,0.2040090262889862,0.020503653213381767,0.03707657754421234,0.1295599639415741,0.3410767614841461,37,perturb,2,gaussian,0.5,124,126
0.027809076011180878,0.024371687322854996,0.13931122422218323,0.12190251052379608,0.275246262550354,0.3054787218570709,0.030584102496504784,0.033739618957042694,0.14965888857841492,0.36216187477111816,37,perturb,5,gaussian,0.5,124,129
0.035227321088314056,0.030828170478343964,0.11750470101833344,0.10283368080854416,0.24894888699054718,0.43964654207229614,0.03284245729446411,0.031422875821590424,0.11931584775447845,0.2482282966375351,37,denoise,0,gaussian,0.7,75,75
0.008352663367986679,0.00733363488689065,0.03197048604488373,0.027959004044532776,0.06949027627706528,0.041158854961395264,0.006232564337551594,0.025422275066375732,0.09941041469573975,0.2511845827102661,37,perturb,1,gaussian,0.7,75,76
0.011036342941224575,0.009693386033177376,0.0409010574221611,0.03578655421733856,0.09255436807870865,0.06950340420007706,0.009395713917911053,0.026206128299236298,0.1015852838754654,0.2558506727218628,37,perturb,2,gaussian,0.7,75,77
0.019742602482438087,0.017289061099290848,0.06811800599098206,0.05960983783006668,0.1316075623035431,0.12360586225986481,0.014970028772950172,0.029079176485538483,0.10527639091014862,0.2689027786254883,37,perturb,5,gaussian,0.7,75,80
0.12542660534381866,0.10976068675518036,0.17261037230491638,0.15101981163024902,0.6239734888076782,1.0399532318115234,0.08242588490247726,0.12020184099674225,0.14228811860084534,0.7011017799377441,85,denoise,0,gaussian,0.3,174,174
0.02663535811007023,0.023228202015161514,0.03776552155613899,0.03304208070039749,0.07285278290510178,0.04360519349575043,0.0031808854546397924,0.12872642278671265,0.2235768437385559,0.7522974014282227,85,perturb,1,gaussian,0.3,174,175
0.06989435106515884,0.0611853301525116,0.09031324088573456,0.0790383368730545,0.14625462889671326,0.1049514189362526,0.006530846934765577,0.1421886682510376,0.1995018571615219,0.7284646034240723,85,perturb,2,gaussian,0.3,174,176
0.08247128129005432,0.07217525690793991,0.11794916540384293,0.10319633036851883,0.21487417817115784,0.17765632271766663,0.011470584198832512,0.15707367658615112,0.18600454926490784,0.718340277671814,85,perturb,5,gaussian,0.3,174,179
0.08924726396799088,0.07805459201335907,0.09382034093141556,0.0820981115102768,0.47068551182746887,0.6834328770637512,0.0414164774119854,0.10798744112253189,0.09449165314435959,0.5030237436294556,85,denoise,0,gaussian,0.5,124,124
0.05009489133954048,0.043885789811611176,0.049738503992557526,0.04351405054330826,0.23334822058677673,0.1567460000514984,0.011805767193436623,0.10236856341362,0.09473856538534164,0.5309436321258545,85,perturb,1,gaussian,0.5,124,125
0.05571041256189346,0.04883351922035217,0.05329694226384163,0.046624429523944855,0.2711751461029053,0.18961340188980103,0.014352282509207726,0.10801418870687485,0.10252919048070908,0.5539566874504089,85,perturb,2,gaussian,0.5,124,126
0.07981085032224655,0.0699148029088974,0.07035648077726364,0.061559464782476425,0.3761600852012634,0.30812761187553406,0.02447059191763401,0.11593402177095413,0.10509426146745682,0.5570089221000671,85,perturb,5,gaussian,0.5,124,129
0.09629011899232864,0.08421937376260757,0.07099195569753647,0.062110718339681625,0.32709312438964844,0.4196297824382782,0.022738035768270493,0.08057605475187302,0.05868542939424515,0.3256344199180603,85,denoise,0,gaussian,0.7,75,75
0.01521641481667757,0.0132391806691885,0.009170311503112316,0.008035622537136078,0.05478324741125107,0.016990065574645996,0.0020765112712979317,0.059387825429439545,0.05316416174173355,0.2993139326572418,85,perturb,1,gaussian,0.7,75,76
0.02147413045167923,0.01875356212258339,0.015040256083011627,0.013168435543775558,0.09168227016925812,0.03225339576601982,0.00347173772752285,0.05781000852584839,0.05281306058168411,0.2989344000816345,85,perturb,2,gaussian,0.7,75,77
0.04515484347939491,0.03952648118138313,0.03322626277804375,0.02907596156001091,0.18159934878349304,0.07895322144031525,0.007080100942403078,0.06479524075984955,0.05334581434726715,0.3080971837043762,85,perturb,5,gaussian,0.7,75,80
0.07554836571216583,0.06617201864719391,0.23816590011119843,0.20839491486549377,0.608945369720459,1.0892199277877808,0.09694740176200867,0.07938919216394424,0.2704969346523285,0.6003438234329224,25,denoise,0,gaussian,0.3,174,174
0.06054482236504555,0.052973031997680664,0.1419946402311325,0.1242540180683136,0.3171161115169525,0.30447280406951904,0.03348127380013466,0.082789346575737,0.2820095717906952,0.5980478525161743,25,perturb,1,gaussian,0.3,174,175
0.06664857268333435,0.058365002274513245,0.15129399299621582,0.13238312304019928,0.36525973677635193,0.3635198175907135,0.03979168459773064,0.08341434597969055,0.28714585304260254,0.6079979538917542,25,perturb,2,gaussian,0.3,174,176
0.072707399725914,0.06360124796628952,0.16405801475048065,0.14355146884918213,0.4118581712245941,0.4318358898162842,0.04826284572482109,0.09968975931406021,0.2922218441963196,0.6238701343536377,25,perturb,5,gaussian,0.3,174,179
0.0701555386185646,0.06134689599275589,0.15614858269691467,0.1366095244884491,0.4043208360671997,0.7268105149269104,0.052685536444187164,0.06749390065670013,0.202377587556839,0.38573113083839417,25,denoise,0,gaussian,0.5,124,124
0.02134961634874344,0.0187144223600626,0.07475148141384125,0.06539046764373779,0.14283789694309235,0.1424967348575592,0.016012098640203476,0.04851284623146057,0.17802691459655762,0.38338541984558105,25,perturb,1,gaussian,0.5,124,125
0.02636582963168621,0.023078523576259613,0.08303005993366241,0.07265147566795349,0.1661670058965683,0.17732487618923187,0.020420759916305542,0.04965329170227051,0.17012059688568115,0.3908206522464752,25,perturb,2,gaussian,0.5,124,126
0.030061637982726097,0.026311904191970825,0.1059868112206459,0.09274651855230331,0.20815888047218323,0.24775093793869019,0.02675442211329937,0.04767795652151108,0.17611163854599,0.40814143419265747,25,perturb,5,gaussian,0.5,124,129
0.03754111006855965,0.03286438062787056,0.10625430941581726,0.09299419820308685,0.24467350542545319,0.4215072989463806,0.027097484096884727,0.03717314451932907,0.11878546327352524,0.24567320942878723,25,denoise,0,gaussian,0.7,75,75
0.013621226884424686,0.011866169050335884,0.03490570932626724,0.030548423528671265,0.05241522938013077,0.03355734050273895,0.0048238784074783325,0.027856536209583282,0.11741259694099426,0.24391624331474304,25,perturb,1,gaussian,0.7,75,76
0.015472885221242905,0.01353878527879715,0.04784294590353966,0.04185463860630989,0.07596641033887863,0.049563709646463394,0.00651582470163703,0.027654290199279785,0.1215323880314827,0.25105220079421997,25,perturb,2,gaussian,0.7,75,77
0.019043469801545143,0.01670677214860916,0.07610532641410828,0.0665905624628067,0.11010318994522095,0.08692339807748795,0.009661789983510971,0.02874995768070221,0.1336248219013214,0.2731781303882599,25,perturb,5,gaussian,0.7,75,80
0.0976041778922081,0.0853288471698761,0.29120761156082153,0.25481200218200684,0.626376748085022,1.2474861145019531,0.10485848039388657,0.08098352700471878,0.26499292254447937,0.6309576630592346,95,denoise,0,gaussian,0.3,174,174
0.0647922158241272,0.056705210357904434,0.15541046857833862,0.13599440455436707,0.35726016759872437,0.425711452960968,0.037951212376356125,0.08041748404502869,0.2872089743614197,0.5991869568824768,95,perturb,1,gaussian,0.3,174,175
0.0745624303817749,0.06524497270584106,0.1688353717327118,0.1477176398038864,0.3702165186405182,0.45662441849708557,0.041009094566106796,0.08251070976257324,0.2694453001022339,0.5968070030212402,95,perturb,2,gaussian,0.3,174,176
0.07735518366098404,0.06771499663591385,0.19002704322338104,0.16628479957580566,0.4345102608203888,0.5402324795722961,0.0509573258459568,0.07410404086112976,0.24655093252658844,0.6064114570617676,95,perturb,5,gaussian,0.3,174,179
0.05771208181977272,0.05043238028883934,0.17101769149303436,0.14964690804481506,0.37719523906707764,0.5814723372459412,0.03303418681025505,0.04965139925479889,0.1733793318271637,0.39547374844551086,95,denoise,0,gaussian,0.5,124,124
0.0463172122836113,0.04048407822847366,0.1658673733472824,0.14513009786605835,0.16787178814411163,0.17032192647457123,0.009736736305058002,0.05806288868188858,0.20068949460983276,0.40991073846817017,95,perturb,1,gaussian,0.5,124,125
0.04666205868124962,0.040793828666210175,0.17571014165878296,0.15374399721622467,0.2120114266872406,0.22308972477912903,0.012362303212285042,0.05545081943273544,0.19081823527812958,0.3997354209423065,95,perturb,2,gaussian,0.5,124,126
0.05693204328417778,0.04987787455320358,0.18304897844791412,0.16016411781311035,0.27505892515182495,0.30413657426834106,0.01775168627500534,0.05776742845773697,0.19550994038581848,0.40582990646362305,95,perturb,5,gaussian,0.5,124,129
0.040694888681173325,0.035565752536058426,0.08890880644321442,0.07779420912265778,0.18190063536167145,0.2511622905731201,0.011239203624427319,0.03568257391452789,0.0894542932510376,0.18775604665279388,95,denoise,0,gaussian,0.7,75,75
0.004770449362695217,0.004206996411085129,0.014022608287632465,0.012251297943294048,0.025223692879080772,0.01266463939100504,0.0008946196176111698,0.02684338390827179,0.09051844477653503,0.18390505015850067,95,perturb,1,gaussian,0.7,75,76
0.006894799415022135,0.006022425834089518,0.018604537472128868,0.01628556288778782,0.038725852966308594,0.021779436618089676,0.0015182943316176534,0.026305846869945526,0.09069324284791946,0.18816342949867249,95,perturb,2,gaussian,0.7,75,77
0.011439249850809574,0.010007829405367374,0.027850031852722168,0.02436056174337864,0.06996738165616989,0.04757620766758919,0.003213307121768594,0.028102144598960876,0.09194887429475784,0.19475364685058594,95,perturb,5,gaussian,0.7,75,80
0.10321834683418274,0.0903090313076973,0.261822909116745,0.2290969043970108,0.5737968683242798,0.9503713846206665,0.09472629427909851,0.11243107169866562,0.3595745861530304,0.607208788394928,13,denoise,0,gaussian,0.3,174,174
0.025455234572291374,0.02226370759308338,0.07502079010009766,0.06563998758792877,0.1500883400440216,0.1420721411705017,0.011824625544250011,0.12007572501897812,0.4250146150588989,0.5719223022460938,13,perturb,1,gaussian,0.3,174,175
0.050027891993522644,0.043818820267915726,0.1041988804936409,0.09117509424686432,0.22493669390678406,0.23169681429862976,0.02012987993657589,0.12006737291812897,0.4280465245246887,0.5838203430175781,13,perturb,2,gaussian,0.3,174,176
0.09296748042106628,0.08132313191890717,0.2438124716281891,0.2133251279592514,0.44923490285873413,0.5596211552619934,0.07192789018154144,0.11245761811733246,0.3695213794708252,0.5777232646942139,13,perturb,5,gaussian,0.3,174,179
0.08787346631288528,0.07691717147827148,0.1792023926973343,0.15680265426635742,0.34316617250442505,0.48346880078315735,0.02302679978311062,0.07626239210367203,0.17455467581748962,0.3655116558074951,13,denoise,0,gaussian,0.5,124,124
0.025936828926205635,0.022707222029566765,0.04028098285198212,0.03522658720612526,0.09428682178258896,0.060135290026664734,0.0038734995760023594,0.06610659509897232,0.20113448798656464,0.340531587600708,13,perturb,1,gaussian,0.5,124,125
0.03326821327209473,0.02909344993531704,0.06573627889156342,0.05752572417259216,0.14107240736484528,0.1008215844631195,0.006582914851605892,0.0700782909989357,0.20792505145072937,0.3417220115661621,13,perturb,2,gaussian,0.5,124,126
0.03977549076080322,0.03485460951924324,0.09360281378030777,0.08192849159240723,0.18838413059711456,0.16375882923603058,0.0118535365909338,0.07497591525316238,0.22624996304512024,0.34308263659477234,13,perturb,5,gaussian,0.5,124,129
0.039095982909202576,0.03416891768574715,0.10580935329198837,0.092591293156147,0.22131392359733582,0.29388317465782166,0.008108777925372124,0.052879996597766876,0.14820368587970734,0.25451332330703735,13,denoise,0,gaussian,0.7,75,75
0.014109831303358078,0.012269913218915462,0.017374511808156967,0.015210714191198349,0.0802059918642044,0.02833610400557518,0.0021269996650516987,0.05620894581079483,0.17751967906951904,0.2483791708946228,13,perturb,1,gaussian,0.7,75,76
0.018732214346528053,0.016458425670862198,0.02534075453877449,0.02216285467147827,0.10336379706859589,0.04315079376101494,0.002923235995694995,0.0582960844039917,0.17672601342201233,0.256440669298172,13,perturb,2,gaussian,0.7,75,77
0.0288358423858881,0.02515707165002823,0.04546205699443817,0.03975716233253479,0.1516062319278717,0.0753936767578125,0.0045648906379938126,0.0657663345336914,0.1848416030406952,0.2704159617424011,13,perturb,5,gaussian,0.7,75,80
0.1901022046804428,0.1663007140159607,0.5270763039588928,0.4611828327178955,0.633913516998291,1.0921170711517334,0.08887674659490585,0.15091955661773682,0.5151755213737488,0.6221789121627808,82,denoise,0,gaussian,0.3,174,174
0.04236642271280289,0.03704509139060974,0.1340598315000534,0.11730241775512695,0.17801278829574585,0.08732963353395462,0.011476594023406506,0.15913251042366028,0.693626344203949,0.632270336151123,82,perturb,1,gaussian,0.3,174,175
0.09803701192140579,0.08580929040908813,0.3837758004665375,0.33581361174583435,0.3769298493862152,0.2702959179878235,0.040598440915346146,0.15273159742355347,0.6399432420730591,0.6308892965316772,82,perturb,2,gaussian,0.3,174,176
0.12480156123638153,0.10930896550416946,0.46337899565696716,0.4054584503173828,0.4806949198246002,0.46356144547462463,0.06239185854792595,0.15939466655254364,0.6226546764373779,0.6511693596839905,82,perturb,5,gaussian,0.3,174,179
0.1067044585943222,0.09335795044898987,0.22990922629833221,0.20116651058197021,0.40882888436317444,0.7778565883636475,0.05364978685975075,0.11951091140508652,0.3600348234176636,0.43911364674568176,82,denoise,0,gaussian,0.5,124,124
0.04155079647898674,0.03620539605617523,0.09537656605243683,0.08345133811235428,0.1267533153295517,0.0776790902018547,0.010652965866029263,0.10169388353824615,0.32646408677101135,0.40001118183135986,82,perturb,1,gaussian,0.5,124,125
0.04692509397864342,0.04103928804397583,0.10750514268875122,0.09407171607017517,0.1564849466085434,0.10054381191730499,0.013312696479260921,0.10128828138113022,0.33287274837493896,0.4085691571235657,82,perturb,2,gaussian,0.5,124,126
0.05655195191502571,0.04947285354137421,0.14111998677253723,0.12350581586360931,0.21471156179904938,0.15286371111869812,0.019081201404333115,0.09542442858219147,0.336113303899765,0.42175158858299255,82,perturb,5,gaussian,0.5,124,129
0.1073322519659996,0.09397810697555542,0.34714844822883606,0.3037431836128235,0.34429341554641724,0.45315518975257874,0.023837115615606308,0.08540616929531097,0.36052054166793823,0.3355805277824402,82,denoise,0,gaussian,0.7,75,75
0.021333487704396248,0.018643775954842567,0.08024664223194122,0.07021933794021606,0.06617343425750732,0.01927875727415085,0.00218921503983438,0.08240385353565216,0.3051263689994812,0.3596445918083191,82,perturb,1,gaussian,0.7,75,76
0.03847438097000122,0.03358455002307892,0.13590994477272034,0.11890280246734619,0.10117005556821823,0.03397189453244209,0.0034075560979545116,0.07855650782585144,0.31047481298446655,0.36565089225769043,82,perturb,2,gaussian,0.7,75,77
0.0717601329088211,0.06278084963560104,0.21803142130374908,0.19075873494148254,0.15412700176239014,0.06799940764904022,0.005762369371950626,0.08068563789129257,0.3292222321033478,0.3761698007583618,82,perturb,5,gaussian,0.7,75,80
0.08878583461046219,0.07773937284946442,0.27933236956596375,0.24442343413829803,0.6960829496383667,1.383711338043213,0.139959916472435,0.0893641859292984,0.3620736002922058,0.6673545837402344,88,denoise,0,gaussian,0.3,174,174
0.003888762556016445,0.003314838046208024,0.012079005129635334,0.010569165460765362,0.03967420756816864,0.036900028586387634,0.0044272057712078094,0.06118802726268768,0.34815514087677,0.67381751537323,88,perturb,1,gaussian,0.3,174,175
0.009940030984580517,0.008767049759626389,0.02050338312983513,0.017943967133760452,0.0690598115324974,0.06968033313751221,0.008011280559003353,0.06382083147764206,0.3462200164794922,0.6727649569511414,88,perturb,2,gaussian,0.3,174,176
0.026784053072333336,0.02342960238456726,0.08492854237556458,0.07429759204387665,0.21004422008991241,0.3247913718223572,0.036465637385845184,0.06841305643320084,0.3549882173538208,0.6805838346481323,88,perturb,5,gaussian,0.3,174,179
0.03960190340876579,0.0346653088927269,0.10733342170715332,0.09390804171562195,0.3049048185348511,0.630247950553894,0.042028311640024185,0.03173013776540756,0.10823671519756317,0.310943603515625,88,denoise,0,gaussian,0.5,124,124
0.014127287082374096,0.012315334752202034,0.04300075024366379,0.037624258548021317,0.09732262790203094,0.09484025835990906,0.007488609757274389,0.03472636640071869,0.10562342405319214,0.30749017000198364,88,perturb,1,gaussian,0.5,124,125
0.021227816119790077,0.01863117702305317,0.056527599692344666,0.04946504905819893,0.12991397082805634,0.1381320208311081,0.010756178759038448,0.038670092821121216,0.1081588938832283,0.3138214945793152,88,perturb,2,gaussian,0.5,124,126
0.03152834624052048,0.027484562247991562,0.06593772768974304,0.057708583772182465,0.22601699829101562,0.2841685712337494,0.021784236654639244,0.04359003156423569,0.10727427154779434,0.34737372398376465,88,perturb,5,gaussian,0.5,124,129
0.019294939935207367,0.01688924990594387,0.061165399849414825,0.053522974252700806,0.19928500056266785,0.3413170278072357,0.019347524270415306,0.019191786646842957,0.0698750838637352,0.21394142508506775,88,denoise,0,gaussian,0.7,75,75
0.0068445466458797455,0.005988611839711666,0.014795542694628239,0.012937844730913639,0.04845874011516571,0.029515959322452545,0.002616811078041792,0.02362240105867386,0.07442723959684372,0.2197440266609192,88,perturb,1,gaussian,0.7,75,76
0.010022331960499287,0.008801848627626896,0.01841925084590912,0.01611950248479843,0.0662819892168045,0.04374844953417778,0.003920688293874264,0.02439934015274048,0.075602225959301,0.2252243310213089,88,perturb,2,gaussian,0.7,75,77
0.013185497373342514,0.011550035327672958,0.02698962390422821,0.023611880838871002,0.09684056788682938,0.07374276220798492,0.006464159116148949,0.024262994527816772,0.07672436535358429,0.23655638098716736,88,perturb,5,gaussian,0.7,75,80
0.082583487033844,0.07224971801042557,0.17941834032535553,0.1569935530424118,0.6300463676452637,1.1869959831237793,0.11781144887208939,0.07070640474557877,0.22326046228408813,0.6225255727767944,24,denoise,0,gaussian,0.3,174,174
0.02211802639067173,0.01932835392653942,0.02341514453291893,0.020496375858783722,0.1695370376110077,0.2299872636795044,0.023593885824084282,0.04606851935386658,0.12054821103811264,0.5608163475990295,24,perturb,1,gaussian,0.3,174,175
0.023745451122522354,0.02082756534218788,0.038160767406225204,0.03339267522096634,0.19573144614696503,0.2469066083431244,0.026026539504528046,0.049399763345718384,0.12569451332092285,0.5587327480316162,24,perturb,2,gaussian,0.3,174,176
0.029612665995955467,0.025818824768066406,0.05527722090482712,0.04835443198680878,0.3487356901168823,0.43716636300086975,0.03489821031689644,0.04541056603193283,0.1237867921590805,0.5759348273277283,24,perturb,5,gaussian,0.3,174,179
0.022811556234955788,0.01998978853225708,0.046810347586870193,0.040986496955156326,0.18950070440769196,0.47985005378723145,0.022546062245965004,0.028711549937725067,0.04811681807041168,0.1875917613506317,24,denoise,0,gaussian,0.5,124,124
0.007908857427537441,0.006945499684661627,0.01655781827867031,0.014491477981209755,0.04088711366057396,0.0354241281747818,0.0028740360867232084,0.029789038002490997,0.0489845797419548,0.1827956885099411,24,perturb,1,gaussian,0.5,124,125
0.010470043867826462,0.009163327515125275,0.01991252414882183,0.01741848513484001,0.0554782934486866,0.05219784751534462,0.004151707515120506,0.03104367107152939,0.05315525084733963,0.18404293060302734,24,perturb,2,gaussian,0.5,124,126
0.012798835523426533,0.011242746375501156,0.024635177105665207,0.021554140374064445,0.09011302888393402,0.10528342425823212,0.008110485970973969,0.03070203959941864,0.04943300038576126,0.18916520476341248,24,perturb,5,gaussian,0.5,124,129
0.02323252335190773,0.02028004452586174,0.042595528066158295,0.03724934160709381,0.16864018142223358,0.3012436032295227,0.018109118565917015,0.02576068788766861,0.04414845257997513,0.16183653473854065,24,denoise,0,gaussian,0.7,75,75
0.008283828385174274,0.007236996199935675,0.005088489037007093,0.004455224145203829,0.020018700510263443,0.012772670947015285,0.0013580783270299435,0.03357497602701187,0.050218261778354645,0.15503498911857605,24,perturb,1,gaussian,0.7,75,76
0.012666660360991955,0.011072533205151558,0.007356567308306694,0.006445649079978466,0.029904277995228767,0.021691199392080307,0.002124394290149212,0.03517764061689377,0.05036044865846634,0.1567278355360031,24,perturb,2,gaussian,0.7,75,77
0.007213271223008633,0.006209881044924259,0.0112089728936553,0.009807365946471691,0.05041246861219406,0.042847100645303726,0.0037859606090933084,0.02986329048871994,0.05234133452177048,0.15998020768165588,24,perturb,5,gaussian,0.7,75,80
0.07459543645381927,0.06519891321659088,0.2785007357597351,0.24369245767593384,0.4085308909416199,0.7544175982475281,0.061269402503967285,0.05825282633304596,0.21755531430244446,0.3751627206802368,22,denoise,0,gaussian,0.3,174,174
0.02999301627278328,0.02618391439318657,0.12028340250253677,0.10524959862232208,0.13147211074829102,0.21108870208263397,0.011397411115467548,0.03600870072841644,0.15425395965576172,0.31100931763648987,22,perturb,1,gaussian,0.3,174,175
0.02831317111849785,0.024785391986370087,0.12108028680086136,0.10594537854194641,0.14445805549621582,0.2297479808330536,0.013568923808634281,0.030624091625213623,0.1534898281097412,0.31211531162261963,22,perturb,2,gaussian,0.3,174,176
0.040852054953575134,0.03571796417236328,0.1453993022441864,0.12722913920879364,0.20062747597694397,0.29890164732933044,0.02217409946024418,0.048614948987960815,0.14919790625572205,0.3165276050567627,22,perturb,5,gaussian,0.3,174,179
0.072287417948246,0.06324969232082367,0.18232876062393188,0.15955334901809692,0.2241315394639969,0.35959333181381226,0.02028559148311615,0.06124036759138107,0.1495005339384079,0.18301743268966675,22,denoise,0,gaussian,0.5,124,124
0.0394134521484375,0.03443459793925285,0.1130034476518631,0.09886371344327927,0.13844744861125946,0.1342928111553192,0.009749638848006725,0.06322391331195831,0.14700865745544434,0.23575206100940704,22,perturb,1,gaussian,0.5,124,125
0.05048120394349098,0.044088415801525116,0.1559426486492157,0.13645219802856445,0.1903250366449356,0.18312209844589233,0.012157647870481014,0.055559225380420685,0.16235660016536713,0.23731303215026855,22,perturb,2,gaussian,0.5,124,126
0.05902661755681038,0.05164305120706558,0.18936406075954437,0.16570580005645752,0.23380233347415924,0.23826661705970764,0.0166767667979002,0.06254397332668304,0.18480119109153748,0.24991172552108765,22,perturb,5,gaussian,0.5,124,129
0.03414136916399002,0.029786191880702972,0.07794773578643799,0.0681878924369812,0.06896160542964935,0.1265978068113327,0.0045465100556612015,0.023361265659332275,0.07469859719276428,0.0610782764852047,22,denoise,0,gaussian,0.7,75,75
0.0028098865877836943,0.0024480405263602734,0.008203168399631977,0.007147846277803183,0.006850262638181448,0.004435105249285698,0.0005554280942305923,0.012661993503570557,0.06766898185014725,0.05186080187559128,22,perturb,1,gaussian,0.7,75,76
0.0037151300348341465,0.003207642585039139,0.014171675778925419,0.012401171028614044,0.010908893309533596,0.008079727180302143,0.0008920003310777247,0.013001501560211182,0.06935153901576996,0.0520157627761364,22,perturb,2,gaussian,0.7,75,77
0.008425053209066391,0.007380506489425898,0.02899823524057865,0.025357041507959366,0.023989861831068993,0.019318589940667152,0.001543816877529025,0.01683782786130905,0.0724712610244751,0.056860245764255524,22,perturb,5,gaussian,0.7,75,80
0.03932508826255798,0.03432677313685417,0.15306249260902405,0.13392595946788788,0.46801814436912537,0.7973611354827881,0.06424643844366074,0.0373624712228775,0.11941389739513397,0.4966127276420593,72,denoise,0,gaussian,0.3,174,174
0.022082066163420677,0.019298795610666275,0.09353300929069519,0.08183545619249344,0.21291181445121765,0.1836756020784378,0.013365041464567184,0.030243001878261566,0.11390228569507599,0.44746214151382446,72,perturb,1,gaussian,0.3,174,175
0.029380671679973602,0.025677014142274857,0.11676642298698425,0.10215844213962555,0.24506875872612,0.20920273661613464,0.015418199822306633,0.03709729015827179,0.12234919518232346,0.4548247754573822,72,perturb,2,gaussian,0.3,174,176
0.02709137089550495,0.023808954283595085,0.12975923717021942,0.11352767795324326,0.24913403391838074,0.22747179865837097,0.017839904874563217,0.036305591464042664,0.13376650214195251,0.46037358045578003,72,perturb,5,gaussian,0.3,174,179
0.03516336530447006,0.030786380171775818,0.11464852094650269,0.10032898187637329,0.3619920015335083,0.5853041410446167,0.031776681542396545,0.02864111214876175,0.09222016483545303,0.3820644021034241,72,denoise,0,gaussian,0.5,124,124
0.007714461535215378,0.006727659143507481,0.021175773814320564,0.018519992008805275,0.07889971137046814,0.0586419440805912,0.0035681806039065123,0.020654045045375824,0.07316427677869797,0.3615363836288452,72,perturb,1,gaussian,0.5,124,125
0.011865918524563313,0.010376989841461182,0.03013274073600769,0.02636801078915596,0.1008283942937851,0.08647645264863968,0.0059190718457102776,0.022794663906097412,0.07265882939100266,0.36028164625167847,72,perturb,2,gaussian,0.5,124,126
0.01519553642719984,0.013345381245017052,0.057910360395908356,0.05066804587841034,0.15468469262123108,0.1495852768421173,0.010618163272738457,0.02379424124956131,0.08399870991706848,0.3671577572822571,72,perturb,5,gaussian,0.5,124,129
0.02255832962691784,0.019628336653113365,0.06089179962873459,0.05325768142938614,0.22255070507526398,0.3288394808769226,0.015763645991683006,0.020476587116718292,0.048616133630275726,0.2305963635444641,72,denoise,0,gaussian,0.7,75,75
0.006250473205000162,0.005503575783222914,0.011417766101658344,0.009996963664889336,0.054735854268074036,0.03458644077181816,0.0019548905547708273,0.02822403609752655,0.044044800102710724,0.21443647146224976,72,perturb,1,gaussian,0.7,75,76
0.009091570973396301,0.007980147376656532,0.01633903756737709,0.014285221695899963,0.07213649898767471,0.05028080195188522,0.0030533233657479286,0.025156833231449127,0.04063400626182556,0.21690821647644043,72,perturb,2,gaussian,0.7,75,77
0.012713613919913769,0.011043726466596127,0.025456080213189125,0.022262606769800186,0.11462713032960892,0.09204086661338806,0.005858144722878933,0.022444240748882294,0.03825905919075012,0.22346504032611847,72,perturb,5,gaussian,0.7,75,80
0.09342905133962631,0.08170068264007568,0.2535642385482788,0.22186201810836792,0.7131747007369995,1.4302970170974731,0.1479022204875946,0.07866130024194717,0.20024585723876953,0.7272393703460693,90,denoise,0,gaussian,0.3,174,174
0.025326184928417206,0.022174835205078125,0.046764928847551346,0.04089491069316864,0.15020915865898132,0.14385908842086792,0.012322677299380302,0.07739973813295364,0.18453313410282135,0.7665872573852539,90,perturb,1,gaussian,0.3,174,175
0.037168990820646286,0.03251577913761139,0.07340720295906067,0.06422123312950134,0.30066490173339844,0.41212955117225647,0.047589849680662155,0.07714007794857025,0.17775793373584747,0.7490882873535156,90,perturb,2,gaussian,0.3,174,176
0.046198777854442596,0.04043763503432274,0.0960053950548172,0.08397258818149567,0.35651475191116333,0.5170744061470032,0.06076355651021004,0.07738309353590012,0.17617878317832947,0.7590794563293457,90,perturb,5,gaussian,0.3,174,179
0.05926112085580826,0.05190589278936386,0.10118616372346878,0.08852479606866837,0.3921498656272888,0.6617929339408875,0.047300729900598526,0.07397841662168503,0.11358186602592468,0.43928399682044983,90,denoise,0,gaussian,0.5,124,124
0.03874088451266289,0.03391682729125023,0.04655521363019943,0.04073859378695488,0.2067583054304123,0.24209752678871155,0.01874091848731041,0.09981797635555267,0.12667736411094666,0.47419410943984985,90,perturb,1,gaussian,0.5,124,125
0.048982806503772736,0.042782921344041824,0.05086052790284157,0.04449894279241562,0.2300581932067871,0.2725909352302551,0.022815244272351265,0.09177091717720032,0.11953463405370712,0.4628514051437378,90,perturb,2,gaussian,0.5,124,126
0.05480765551328659,0.04788067191839218,0.06243124604225159,0.05462716892361641,0.31035417318344116,0.37505200505256653,0.03601597249507904,0.08258981257677078,0.11624819785356522,0.4605361819267273,90,perturb,5,gaussian,0.5,124,129
0.019674744457006454,0.01724223792552948,0.05377475917339325,0.04705733433365822,0.1907770037651062,0.31988608837127686,0.022451158612966537,0.022924058139324188,0.06173143535852432,0.20906400680541992,90,denoise,0,gaussian,0.7,75,75
0.003010520013049245,0.0027119144797325134,0.007959434762597084,0.006946057081222534,0.035581883043050766,0.019146285951137543,0.0024316024500876665,0.02158263325691223,0.04829320311546326,0.21345911920070648,90,perturb,1,gaussian,0.7,75,76
0.0038237657863646746,0.0034457349684089422,0.011558565311133862,0.010107262060046196,0.05404888093471527,0.03353990614414215,0.004057534504681826,0.021094806492328644,0.04975835233926773,0.21846821904182434,90,perturb,2,gaussian,0.7,75,77
0.006056198384612799,0.005373538471758366,0.01761343702673912,0.015409200452268124,0.08268588036298752,0.06134176254272461,0.007069671060889959,0.02243872731924057,0.051656968891620636,0.22237975895404816,90,perturb,5,gaussian,0.7,75,80
