class_id,class_name,difficulty,bin,t_centre,U_ens,U_route,U_attn,U_attn_block0,U_attn_block14,U_attn_block27
951,lemon,easy,0,25,0.7507892480263343,,3.6123980499885895,5.454117114727314,3.79767500437223,3.5462193122276893
951,lemon,easy,1,75,0.7272206495205561,,3.670481289781275,5.42565389474233,3.8669945200284324,3.709753235181173
951,lemon,easy,2,125,0.693398498571836,,3.7234805016727233,5.411227996532734,3.9429779786330004,3.7911206575540395
951,lemon,easy,3,175,0.6545080343882242,,3.775165970836367,5.401506225268046,4.013360957304637,3.8576518495877585
951,lemon,easy,4,225,0.6175138766948993,,3.821885852040826,5.395359699542706,4.076474629915678,3.915213804978591
951,lemon,easy,5,275,0.5785619268814722,,3.8710270587887075,5.391602595647176,4.146535714467366,3.9691750605901084
951,lemon,easy,6,325,0.5420714112428519,,3.9247576286504557,5.391002398270827,4.216463199028602,4.025849342346191
951,lemon,easy,7,375,0.5071981102228165,,3.97915087285496,5.392603596051534,4.287440061569214,4.086527585983276
951,lemon,easy,8,425,0.46106268809391904,,4.053774419721666,5.39774384865394,4.378801602583665,4.158055158761831
951,lemon,easy,9,475,0.4272537554303805,,4.117664429403486,5.404871463775635,4.447763681411743,4.240301450093587
951,lemon,easy,10,525,0.385705163081487,,4.191249665050281,5.413884838422139,4.537242849667867,4.34087332089742
951,lemon,easy,11,575,0.3295857837566963,,4.269457599946431,5.425754913916955,4.636095377115103,4.488309933589055
951,lemon,easy,12,625,0.27365919078389805,,4.359865015461331,5.439256469408671,4.744197964668274,4.706780751546224
951,lemon,easy,13,675,0.2017766684293747,,4.467900259481682,5.454462968386137,4.850087275871863,4.993844289046067
951,lemon,easy,14,725,0.1334801334887743,,4.595600671711422,5.469920873641968,4.961490710576375,5.24983549118042
951,lemon,easy,15,775,0.09518651435008416,,4.751677008775564,5.481986926152156,5.068018949948824,5.405032084538386
951,lemon,easy,16,825,0.05950903178503116,,4.932959810608909,5.4899342854817705,5.182357708613078,5.476678848266602
951,lemon,easy,17,875,0.042023754463745996,,5.086845810596761,5.494331616621751,5.275684393369234,5.500064886533297
951,lemon,easy,18,925,0.03472737284998099,,5.197501080376761,5.4959767659505205,5.353184342384338,5.508021831512451
951,lemon,easy,19,975,0.05183035536454274,,5.271575205928678,5.496678755833552,5.40513119330773,5.511245103982779
950,orange,easy,0,25,0.6987256774535546,,3.6233821638992847,5.456838240990272,3.824413464619563,3.5524106942690334
950,orange,easy,1,75,0.6745400577783585,,3.6795728195990836,5.4307617743810015,3.891279935836792,3.7205559412638345
950,orange,easy,2,125,0.6421805345095121,,3.730665802955627,5.416738253373366,3.960924111879789,3.8005448488088756
950,orange,easy,3,175,0.6063177088896433,,3.7834180231605257,5.406117955843608,4.031360030174255,3.867329796155294
950,orange,easy,4,225,0.573299921475924,,3.833652376801103,5.399533638587365,4.10163978429941,3.9267798387087307
950,orange,easy,5,275,0.5417225410540899,,3.8821638428739136,5.395396908124288,4.174375851949056,3.984854817390442
950,orange,easy,6,325,0.5165961430622981,,3.92843230838304,5.393330684074988,4.234395357278677,4.042539486518273
950,orange,easy,7,375,0.4835202544927597,,3.9780812934041023,5.3921602964401245,4.291563590367635,4.101774334907532
950,orange,easy,8,425,0.4510204585698935,,4.033243773402749,5.394959853245662,4.354947640345647,4.16869016794058
950,orange,easy,9,475,0.4108918160200119,,4.103877616070566,5.402187029520671,4.436625401178996,4.250351627667745
950,orange,easy,10,525,0.38033870110909146,,4.1777882898847265,5.410902579625447,4.529039581616719,4.35832957426707
950,orange,easy,11,575,0.3271582585114699,,4.267971803526303,5.42223306802603,4.637076671306904,4.508215280679556
950,orange,easy,12,625,0.2582658976316452,,4.362440278842335,5.435820619265239,4.742478450139363,4.730098366737366
950,orange,easy,13,675,0.20276168791147378,,4.461998591056237,5.450782225682185,4.850579885336069,5.011334529289832
950,orange,easy,14,725,0.16873264064391455,,4.577759943547703,5.465275565783183,4.9473486344019575,5.257205247879028
950,orange,easy,15,775,0.0898485561976066,,4.745188378370726,5.478118933164156,5.083793530097375,5.4147539138793945
950,orange,easy,16,825,0.05602982888619105,,4.915006248014313,5.486470500628154,5.182048996289571,5.478407263755798
950,orange,easy,17,875,0.03640921800755537,,5.070195190854125,5.491786956787109,5.268882714785063,5.50220434482281
950,orange,easy,18,925,0.03164519555866718,,5.184190018546014,5.49366279443105,5.341787576675415,5.511359850565593
950,orange,easy,19,975,0.050642709605968915,,5.260157779022888,5.495307042048528,5.392634135026198,5.514939308166504
949,strawberry,easy,0,25,0.6137776695764982,,3.5749482099826517,5.456932544708252,3.7946045582111063,3.5022544127244215
949,strawberry,easy,1,75,0.5864115307728449,,3.620618975233464,5.427541255950928,3.857272505760193,3.653500815232595
949,strawberry,easy,2,125,0.5484339319742643,,3.670919890587146,5.411423132969783,3.9290764882014346,3.7340387931236854
949,strawberry,easy,3,175,0.5033085917433103,,3.731844777862231,5.400758624076843,4.00972322622935,3.808491269747416
949,strawberry,easy,4,225,0.46101094896976763,,3.793014888580029,5.39462030850924,4.083600961245024,3.8762295796320987
949,strawberry,easy,5,275,0.41888227810462314,,3.8572951470102574,5.3917068640391035,4.154388348261516,3.947741905848185
949,strawberry,easy,6,325,0.37889403104782104,,3.9174961536140236,5.391773994152363,4.216935854691726,4.012731130306538
949,strawberry,easy,7,375,0.3403899023930232,,3.9884708747267728,5.393537243207295,4.294181187947591,4.088935216267903
949,strawberry,easy,8,425,0.30384743901399464,,4.065420674753713,5.399190022395207,4.372730511885423,4.1657927219684305
949,strawberry,easy,9,475,0.2721596558888753,,4.130107910505363,5.404313405354817,4.439627091089885,4.24793541431427
949,strawberry,easy,10,525,0.23369929566979408,,4.2074270738022665,5.410534540812175,4.521836678187053,4.353372732798259
949,strawberry,easy,11,575,0.18791111615987924,,4.298535530056272,5.4216491992657,4.6267883227421684,4.510322864239033
949,strawberry,easy,12,625,0.16710488746563593,,4.391607736547788,5.434175372123718,4.738024671872457,4.7290680805842085
949,strawberry,easy,13,675,0.14233187356820473,,4.5022736211399454,5.448217502007117,4.858812698951135,5.011923973376934
949,strawberry,easy,14,725,0.12542088267703852,,4.613262919442994,5.46407167116801,4.948686758677165,5.257660349210103
949,strawberry,easy,15,775,0.08593205763743474,,4.75307481433009,5.477190714616042,5.0410930926983175,5.406430941361648
949,strawberry,easy,16,825,0.055408683915932976,,4.92213710291045,5.485742092132568,5.1476662158966064,5.476636052131653
949,strawberry,easy,17,875,0.028048645704984665,,5.074083685874939,5.49123059786283,5.242411833543044,5.50182999097384
949,strawberry,easy,18,925,0.027656097896397114,,5.186887322437196,5.493417700131734,5.327543338139852,5.510279536247253
949,strawberry,easy,19,975,0.048839603192531146,,5.262430688182077,5.494344307826116,5.3868596737201395,5.513309662158672
948,Granny Smith,easy,0,25,0.6970233229490427,,3.598297500020855,5.449826093820425,3.777135078723614,3.5503177642822266
948,Granny Smith,easy,1,75,0.6761152396599451,,3.653552151506855,5.418766617774963,3.8456724087397256,3.7058780789375305
948,Granny Smith,easy,2,125,0.6467168010198153,,3.704402971071201,5.402527258946345,3.9154504996079664,3.787548065185547
948,Granny Smith,easy,3,175,0.6115239858627319,,3.75296468571538,5.391686797142029,3.979251444339752,3.849051574865977
948,Granny Smith,easy,4,225,0.5757198242040781,,3.8007268699315877,5.38534978719858,4.035739788642297,3.906691239430354
948,Granny Smith,easy,5,275,0.5426322122414907,,3.85251040366434,5.38189955552419,4.104284803072612,3.9644243121147156
948,Granny Smith,easy,6,325,0.511820926116063,,3.8963507761012073,5.38146682885977,4.153785485487718,4.018823128480178
948,Granny Smith,easy,7,375,0.47701069712638855,,3.951641141658737,5.38418169816335,4.214314858118693,4.078404068946838
948,Granny Smith,easy,8,425,0.4437202306894156,,4.01365051655979,5.390223979949951,4.290028095245361,4.143921705392691
948,Granny Smith,easy,9,475,0.3984098806977272,,4.080364630690642,5.397767702738444,4.368247667948405,4.218852599461873
948,Granny Smith,easy,10,525,0.35326484094063443,,4.15312446511927,5.4066290855407715,4.461468736330668,4.317621111869812
948,Granny Smith,easy,11,575,0.3070413034695845,,4.2433405855854796,5.4176608599149265,4.581471333136926,4.463770462916448
948,Granny Smith,easy,12,625,0.24315640206138292,,4.350721626409462,5.43223253885905,4.711305578549703,4.692985773086548
948,Granny Smith,easy,13,675,0.20381914537686568,,4.448009345557663,5.446900551135723,4.811840350811298,4.969022824214055
948,Granny Smith,easy,14,725,0.17042836422721544,,4.574298766752084,5.462337930997212,4.93687375386556,5.23459521929423
948,Granny Smith,easy,15,775,0.10364801551286991,,4.731014144289625,5.47568310224093,5.055662778707651,5.404409885406494
948,Granny Smith,easy,16,825,0.06822039311130841,,4.902149936272984,5.484405716260274,5.157935897509257,5.476527293523152
948,Granny Smith,easy,17,875,0.0399084145633074,,5.060630922134106,5.489402734316313,5.25363276554988,5.501580421741192
948,Granny Smith,easy,18,925,0.030427352525293827,,5.178557459797178,5.492335597674052,5.334989786148071,5.510426958401998
948,Granny Smith,easy,19,975,0.05307801096485211,,5.254676179571466,5.493426249577449,5.388222107520471,5.513599065633921
954,banana,easy,0,25,0.6206302000926092,,3.5723308622837067,5.4425913737370415,3.71553243123568,3.527202239403358
954,banana,easy,1,75,0.5941868225733439,,3.6271687270629975,5.413646777470906,3.7752663691838584,3.6984129746754966
954,banana,easy,2,125,0.5592160545862638,,3.6823317709859915,5.399541598099929,3.8475235058711124,3.777339953642625
954,banana,easy,3,175,0.5187109286586443,,3.7394079558906097,5.391480922698975,3.923967480659485,3.8462529381116233
954,banana,easy,4,225,0.47597941068502575,,3.803343419845288,5.387502743647649,4.009385182307317,3.9122800460228553
954,banana,easy,5,275,0.4323740055163701,,3.8725269387165704,5.386346817016602,4.0998795827229815,3.976163864135742
954,banana,easy,6,325,0.39343530856646025,,3.9400621816352177,5.387661236983079,4.194067111382117,4.040725194490873
954,banana,easy,7,375,0.35115819176038104,,4.019981302320956,5.39199431737264,4.304474751154582,4.113288362820943
954,banana,easy,8,425,0.31095414895277756,,4.104837725450705,5.397249148442195,4.41432105577909,4.192078113555908
954,banana,easy,9,475,0.2770887439449628,,4.182052339826312,5.404500166575114,4.517650842666626,4.271107355753581
954,banana,easy,10,525,0.24964594592650732,,4.256490249718937,5.411982258160909,4.62023138999939,4.368201931317647
954,banana,easy,11,575,0.21202080295636103,,4.329016365192748,5.424734188960149,4.708646224095271,4.51116602237408
954,banana,easy,12,625,0.17645110686620077,,4.40781409506287,5.439440727233887,4.804401119550069,4.728992501894633
954,banana,easy,13,675,0.14838698964852554,,4.496097528344982,5.453629383674035,4.907020715566782,5.006821632385254
954,banana,easy,14,725,0.11671860702335835,,4.60768195773874,5.468047738075256,5.004706819852193,5.2605946858723955
954,banana,easy,15,775,0.08575909871321458,,4.75713783633578,5.479855097257174,5.113481668325571,5.414989398075984
954,banana,easy,16,825,0.047497983711461224,,4.924603291920253,5.487127701441447,5.210251013437907,5.481595436731975
954,banana,easy,17,875,0.034918176726653025,,5.075039904196184,5.491327835963323,5.289610092456524,5.504439830780029
954,banana,easy,18,925,0.0316591061030825,,5.181662571572121,5.493098735809326,5.353983720143636,5.511344114939372
954,banana,easy,19,975,0.04934733504286179,,5.2543093378727255,5.494145796849177,5.400331203754131,5.513981635753925
953,pineapple,easy,0,25,0.6405373903421255,,3.5964264506167107,5.438743994786189,3.8179002908559947,3.5420097020956187
953,pineapple,easy,1,75,0.6118829697370529,,3.633753847153413,5.4075751304626465,3.878484090169271,3.700943410396576
953,pineapple,easy,2,125,0.5695122159444369,,3.678890712968596,5.391664835122915,3.9475563122675967,3.7819941410651574
953,pineapple,easy,3,175,0.518162781993548,,3.7299041645157907,5.381083051363627,4.015241662661235,3.8510805567105613
953,pineapple,easy,4,225,0.46714755434256333,,3.7866194608447326,5.374509591322679,4.089645935938909,3.915978725139911
953,pineapple,easy,5,275,0.4176715537905693,,3.846699777813184,5.371919234593709,4.160959800084432,3.9813663959503174
953,pineapple,easy,6,325,0.37157880342923677,,3.9171346825557753,5.3730346239530125,4.2427951739384575,4.0514499224149265
953,pineapple,easy,7,375,0.33040116478999454,,3.9868553536278863,5.376821597417195,4.316260059674581,4.1267950137456255
953,pineapple,easy,8,425,0.2955822807091933,,4.063622582744767,5.383668312659631,4.397855648627648,4.206264312450703
953,pineapple,easy,9,475,0.26489828030268353,,4.142981720822198,5.396212577819824,4.4901355902353925,4.292766133944194
953,pineapple,easy,10,525,0.24043689916531244,,4.2159817431654245,5.408967892328898,4.582213799158732,4.392523090044658
953,pineapple,easy,11,575,0.2015891854579632,,4.297799188357133,5.424536118140588,4.6744783108051005,4.550592789283166
953,pineapple,easy,12,625,0.1498886855940024,,4.392359343667825,5.440542459487915,4.787868181864421,4.783849120140076
953,pineapple,easy,13,675,0.1055773261647958,,4.497021922698388,5.456629533034104,4.891658122722919,5.078843153440035
953,pineapple,easy,14,725,0.06690863550951083,,4.623614039449465,5.471775650978088,5.00116233030955,5.31329607963562
953,pineapple,easy,15,775,0.04587781644211365,,4.778683349326416,5.483731673314021,5.107025623321533,5.435699316171499
953,pineapple,easy,16,825,0.02484014971802632,,4.9439206804547995,5.491461555163066,5.204852064450582,5.485562602678935
953,pineapple,easy,17,875,0.018861552700400352,,5.08777963067149,5.496077060699463,5.291524960444524,5.5008583802443285
953,pineapple,easy,18,925,0.02801074180752039,,5.192891259988149,5.49809463818868,5.359077135721843,5.505715489387512
953,pineapple,easy,19,975,0.057523367496637196,,5.265223416653309,5.4987592697143555,5.406269256885235,5.507974587954008
957,pomegranate,easy,0,25,0.5973509091597337,,3.647679553909616,5.456379083486704,3.8491091361412635,3.562350529890794
957,pomegranate,easy,1,75,0.5678705622752508,,3.6972285580067403,5.427789211273193,3.9130595326423645,3.7197332978248596
957,pomegranate,easy,2,125,0.5289024343857398,,3.7471689955218803,5.411260861616868,3.9735997640169582,3.7999139382289004
957,pomegranate,easy,3,175,0.48206159224112827,,3.8000797881256965,5.397815744082133,4.033343990643819,3.8689818382263184
957,pomegranate,easy,4,225,0.4358840011633359,,3.8563593832346115,5.388334457690899,4.099122781019944,3.9335192350240855
957,pomegranate,easy,5,275,0.3937985723217328,,3.914674381415049,5.383183439572652,4.1703200340271,3.9962556759516397
957,pomegranate,easy,6,325,0.3577953301943265,,3.9754364500333974,5.382717462686392,4.238904109367957,4.057033098660982
957,pomegranate,easy,7,375,0.32125504811604816,,4.034796776516097,5.385868628819783,4.315825939178467,4.121080954869588
957,pomegranate,easy,8,425,0.2894102128652426,,4.095635899148145,5.390350781954252,4.390550466684195,4.194071439596323
957,pomegranate,easy,9,475,0.2551146447658539,,4.156574037103426,5.399240811665853,4.46290663878123,4.274039586385091
957,pomegranate,easy,10,525,0.22736052672068277,,4.2280628344132785,5.408444960912068,4.558332800865173,4.380061785380046
957,pomegranate,easy,11,575,0.19175152824475214,,4.313910398836974,5.42051887512207,4.671564542330229,4.542457360487718
957,pomegranate,easy,12,625,0.15410128235816956,,4.397712591148559,5.4355788230896,4.769777894020081,4.768492817878723
957,pomegranate,easy,13,675,0.11151584925559851,,4.506705921102356,5.451658909137432,4.887721795302171,5.054694872636062
957,pomegranate,easy,14,725,0.0686632702127099,,4.637166529539085,5.4671997626622515,5.012484550476074,5.2956124146779375
957,pomegranate,easy,15,775,0.04810330415001282,,4.786250111820935,5.479681125053992,5.112478329585149,5.429749232072097
957,pomegranate,easy,16,825,0.03153893739605943,,4.957385133419718,5.48783282438914,5.2151923179626465,5.487530946731567
957,pomegranate,easy,17,875,0.01958717892949398,,5.1084301707508795,5.492965918320876,5.30709956242488,5.50747930086576
957,pomegranate,easy,18,925,0.026095944922417402,,5.215349384006999,5.495307246843974,5.377840598424275,5.5134440660476685
957,pomegranate,easy,19,975,0.05917021173697252,,5.28417180789696,5.496219524970422,5.422755314753606,5.514966341165396
945,bell pepper,easy,0,25,0.6593331419504606,,3.5957075599785693,5.451502139751728,3.7567937190716085,3.544941333624033
945,bell pepper,easy,1,75,0.6323901663223902,,3.6430011799647697,5.422180732091268,3.809441387653351,3.700603663921356
945,bell pepper,easy,2,125,0.5952184888032767,,3.6964033131416034,5.406548353341909,3.879824234889104,3.7806248114659238
945,bell pepper,easy,3,175,0.5520692666371664,,3.7533078711657297,5.395510117212932,3.950803260008494,3.848141352335612
945,bell pepper,easy,4,225,0.506901706640537,,3.8142395530428206,5.389586705427903,4.021542200675378,3.913327767298772
945,bell pepper,easy,5,275,0.45878344774246216,,3.8846289416154227,5.386435230573018,4.108761111895244,3.9805362621943154
945,bell pepper,easy,6,325,0.41672778588074905,,3.9490221221368387,5.387163125551664,4.187915251805232,4.044027438530555
945,bell pepper,easy,7,375,0.3795504743854205,,4.016005062985988,5.38934866587321,4.265345533688863,4.112890005111694
945,bell pepper,easy,8,425,0.3457969587582808,,4.087766656181315,5.3938679328331585,4.35858521094689,4.186221709618201
945,bell pepper,easy,9,475,0.31275358547767,,4.167964056489014,5.401652971903483,4.464774966239929,4.2759478489557905
945,bell pepper,easy,10,525,0.2802029177546501,,4.23830307984636,5.4113147258758545,4.556032617886861,4.380800207455953
945,bell pepper,easy,11,575,0.24292766933257764,,4.310069151632079,5.424758397615873,4.64640133197491,4.527342282808744
945,bell pepper,easy,12,625,0.19700240467985472,,4.40377635295902,5.438155849774678,4.76473331451416,4.749648650487264
945,bell pepper,easy,13,675,0.1641385142619793,,4.507478072093083,5.45275435080895,4.881904161893404,5.033436628488394
945,bell pepper,easy,14,725,0.12214786435166995,,4.627812523217428,5.466463049252828,4.985339323679606,5.277252634366353
945,bell pepper,easy,15,775,0.07247894142682736,,4.775684137920757,5.47724855863131,5.085855300609882,5.421695525829609
945,bell pepper,easy,16,825,0.04793111545344194,,4.941160808006923,5.4850713809331255,5.1826382875442505,5.483641266822815
945,bell pepper,easy,17,875,0.028406177145930436,,5.08954863692378,5.488833427429199,5.270677749927227,5.504570594200721
945,bell pepper,easy,18,925,0.030134776917596657,,5.199664192540305,5.490097681681315,5.346247712771098,5.511338671048482
945,bell pepper,easy,19,975,0.05467256359182871,,5.2731342158474765,5.491314117725079,5.399616058056171,5.514168189122127
937,broccoli,easy,0,25,0.6056082753034738,,3.6493023922155197,5.446205836076003,3.8180582523345947,3.5792519679436317
937,broccoli,easy,1,75,0.5762069423993429,,3.7059192661018603,5.4157023429870605,3.893818974494934,3.7434553503990173
937,broccoli,easy,2,125,0.5357877657963679,,3.7637814551919364,5.400078149942251,3.971634424649752,3.8237235179314246
937,broccoli,easy,3,175,0.4904378006855647,,3.8237691301675074,5.39106814066569,4.050426642100017,3.8934197227160134
937,broccoli,easy,4,225,0.446316123008728,,3.8830488176791227,5.386692670675425,4.126319775214562,3.9549148632929874
937,broccoli,easy,5,275,0.40538782874743146,,3.941306256112598,5.384708603223165,4.201534986495972,4.01265549659729
937,broccoli,easy,6,325,0.3637930338199322,,3.9955941533649364,5.38752478819627,4.275527550623967,4.068354166471041
937,broccoli,easy,7,375,0.3260738228758176,,4.045682824793316,5.391684373219808,4.336931149164836,4.1281793514887495
937,broccoli,easy,8,425,0.2892409127492171,,4.107226469687053,5.397307322575496,4.403846080486591,4.198752439939058
937,broccoli,easy,9,475,0.25233254084984463,,4.174863570857615,5.405955712000529,4.484009265899658,4.28447163105011
937,broccoli,easy,10,525,0.21282817174990973,,4.251162009934585,5.414591113726298,4.583120028177897,4.391721328099568
937,broccoli,easy,11,575,0.18446439848496363,,4.323176182888366,5.42621792279757,4.673138178311861,4.540610533494216
937,broccoli,easy,12,625,0.14042171028753123,,4.411482944729782,5.439920465151469,4.784401019414266,4.77393106619517
937,broccoli,easy,13,675,0.09750428509253722,,4.512572085136896,5.453316688537598,4.885071350977971,5.062331969921406
937,broccoli,easy,14,725,0.06483871055146058,,4.624427820245425,5.466956416765849,4.9679973522822065,5.29882029692332
937,broccoli,easy,15,775,0.035124579874368816,,4.777411828329275,5.478639345902663,5.064793256612925,5.433060352618877
937,broccoli,easy,16,825,0.021306551682452362,,4.948028225274313,5.486891071001689,5.160993218421936,5.48768937587738
937,broccoli,easy,17,875,0.020375300342073806,,5.097285032927335,5.4906816849341755,5.255641497098482,5.502863957331731
937,broccoli,easy,18,925,0.024882055974255007,,5.2082265218098955,5.492501378059387,5.342707872390747,5.508888681729634
937,broccoli,easy,19,975,0.04870360688521312,,5.27949308170067,5.493126685802753,5.398901315835806,5.511964321136475
988,acorn,easy,0,25,0.6410942719532893,,3.6430689764546824,5.446070707761324,3.8309912498180685,3.587565990594717
988,acorn,easy,1,75,0.613289882739385,,3.7003739039812764,5.415281732877095,3.9068180322647095,3.7460438211758933
988,acorn,easy,2,125,0.5738661518463721,,3.761824631428981,5.399151178506704,3.988286385169396,3.8326081312619724
988,acorn,easy,3,175,0.5293854971726736,,3.82887208036014,5.388984680175781,4.074150443077087,3.903401950995127
988,acorn,easy,4,225,0.4829623974286593,,3.8964296369762206,5.383800029754639,4.159015508798452,3.9683160231663632
988,acorn,easy,5,275,0.4383688420057297,,3.961845390498638,5.382380366325378,4.244161287943522,4.02971879641215
988,acorn,easy,6,325,0.394258962227748,,4.029028870574721,5.384325430943416,4.324538120856652,4.095646784855769
988,acorn,easy,7,375,0.35861193885405857,,4.08937057072208,5.388699571291606,4.3986302216847735,4.155290087064107
988,acorn,easy,8,425,0.32584222234212434,,4.152421175778568,5.395254795367901,4.477532680218037,4.222956217252291
988,acorn,easy,9,475,0.29213989277680713,,4.2189132035488175,5.404377301534017,4.555501818656921,4.3043850262959795
988,acorn,easy,10,525,0.2611864320933819,,4.289977649138088,5.414140462875366,4.647100806236267,4.409558296203613
988,acorn,easy,11,575,0.22209142836240622,,4.36959596485882,5.426339186154879,4.746847886305589,4.564829606276292
988,acorn,easy,12,625,0.17936445524295172,,4.449445050741946,5.4411780834198,4.844061255455017,4.783029119173686
988,acorn,easy,13,675,0.12388030095742299,,4.551456787429013,5.4552190487201395,4.955551404219407,5.066791130946233
988,acorn,easy,14,725,0.07479615168025096,,4.671056963503361,5.468814969062805,5.051920215288798,5.3064753611882525
988,acorn,easy,15,775,0.05385750216933397,,4.816779003038511,5.480406907888559,5.138060533083403,5.436861111567571
988,acorn,easy,16,825,0.033498901718606554,,4.978581177336829,5.488927443822225,5.223236481348674,5.490243713061015
988,acorn,easy,17,875,0.021118663967801973,,5.119646184392028,5.493436519916241,5.304440241593581,5.506409351642315
988,acorn,easy,18,925,0.0265451370117565,,5.219800103278387,5.495600024859111,5.372811754544576,5.511293808619182
988,acorn,easy,19,975,0.05833542060393553,,5.286040811748295,5.496574731973501,5.420082862560566,5.512795815101037
985,daisy,easy,0,25,0.6587463204677289,,3.627495927470071,5.44406219629141,3.8355008088625393,3.5520546986506534
985,daisy,easy,1,75,0.6335000346104304,,3.68049986270212,5.41014285882314,3.8945414821306863,3.72335018714269
985,daisy,easy,2,125,0.5971416510068454,,3.728515162900254,5.391631309802715,3.9534518168522763,3.8027985646174502
985,daisy,easy,3,175,0.5609622697035471,,3.777053944411732,5.379084746042888,4.01517919699351,3.867678165435791
985,daisy,easy,4,225,0.5218970454656161,,3.825014194616905,5.370783365689791,4.073063080127422,3.926388612160316
985,daisy,easy,5,275,0.47853734840949375,,3.8710823275503654,5.365923802057902,4.122879544893901,3.98214191198349
985,daisy,easy,6,325,0.43230101695427525,,3.9142817163860406,5.364988033588116,4.171874596522405,4.0363898644080525
985,daisy,easy,7,375,0.38892574111620587,,3.9615631390895163,5.367190996805827,4.224988222122192,4.097125331560771
985,daisy,easy,8,425,0.3478511640658745,,4.01620229783949,5.37384766798753,4.281873116126428,4.163639105283297
985,daisy,easy,9,475,0.3139814535776774,,4.072514524062474,5.3832840124766035,4.345904390017192,4.236162980397542
985,daisy,easy,10,525,0.26604008426268894,,4.135345196440107,5.395022590955098,4.4174782037734985,4.337605714797974
985,daisy,easy,11,575,0.22605958237097815,,4.210814271326904,5.410042102520283,4.50242988879864,4.487213281484751
985,daisy,easy,12,625,0.18388638893763223,,4.302033248401823,5.426838119824727,4.609023491541545,4.719969034194946
985,daisy,easy,13,675,0.1349646896123886,,4.41797839972999,5.444215040940505,4.736270867861235,5.022735485663781
985,daisy,easy,14,725,0.08902544590334098,,4.540768651380426,5.461815396944682,4.841397086779277,5.277022202809651
985,daisy,easy,15,775,0.060598332434892654,,4.692525279390943,5.475991579202505,4.9599666228661174,5.419542385981633
985,daisy,easy,16,825,0.041481890715658665,,4.872142925148919,5.48444942633311,5.098079204559326,5.481966733932495
985,daisy,easy,17,875,0.03198210895061493,,5.034780376560085,5.489354867201585,5.222576691554143,5.503571143517127
985,daisy,easy,18,925,0.028179346428563196,,5.1569978303852535,5.492339173952739,5.323031981786092,5.512380599975586
985,daisy,easy,19,975,0.05547911301255226,,5.23731711605093,5.49351457449106,5.3831538787254924,5.515746263357309
574,golf ball,easy,0,25,0.6986104754301218,,3.6371233771135527,5.449718805459829,3.849706851519071,3.551554258053119
574,golf ball,easy,1,75,0.6755480418602625,,3.686308564174743,5.420464634895325,3.90926061073939,3.7166325449943542
574,golf ball,easy,2,125,0.6449975417210505,,3.732702563424687,5.406709927778977,3.9697159620431752,3.7961125557239237
574,golf ball,easy,3,175,0.6115053941806158,,3.777350371437414,5.398606101671855,4.025362849235535,3.8603570461273193
574,golf ball,easy,4,225,0.5769542776621305,,3.818076375094089,5.3945351747366095,4.075843737675593,3.918247021161593
574,golf ball,easy,5,275,0.5450466771920522,,3.8632283012072253,5.3927673896153765,4.132502635320027,3.9762502908706665
574,golf ball,easy,6,325,0.5127885800141555,,3.909465266453041,5.395336114443266,4.1803717246422405,4.035118103027344
574,golf ball,easy,7,375,0.47890033572912216,,3.9508502611092156,5.398905475934346,4.231613437334697,4.092325250307719
574,golf ball,easy,8,425,0.44905242782372695,,4.0057760414841415,5.404746935917781,4.293824049142691,4.160084394308237
574,golf ball,easy,9,475,0.4214819446206093,,4.06751747358413,5.412273446718852,4.369227846463521,4.238997499148051
574,golf ball,easy,10,525,0.3919716353217761,,4.137113914248489,5.420978267987569,4.445722301801045,4.335260311762492
574,golf ball,easy,11,575,0.35368030346356905,,4.214046514951265,5.4318910745474005,4.534687665792612,4.47759067095243
574,golf ball,easy,12,625,0.3211386874318123,,4.2972538102240785,5.445318063100179,4.625369628270467,4.690753817558289
574,golf ball,easy,13,675,0.2636294078368407,,4.405215769023686,5.458232402801514,4.743473309736985,4.979314437279334
574,golf ball,easy,14,725,0.1866228568057219,,4.537255010789349,5.472262144088745,4.872663338979085,5.25150986512502
574,golf ball,easy,15,775,0.13047565519809723,,4.6964933073127675,5.484739890465369,5.007040207202618,5.410757981813871
574,golf ball,easy,16,825,0.08817801003654797,,4.8735196476890925,5.4921131531397505,5.124843716621399,5.479370911916097
574,golf ball,easy,17,875,0.050855632298267804,,5.0376310237161395,5.496071998889629,5.226202634664682,5.504342335921067
574,golf ball,easy,18,925,0.038728601299226284,,5.158281904600916,5.497359871864319,5.310256004333496,5.5124237934748335
574,golf ball,easy,19,975,0.056501626108701415,,5.239192319440319,5.497759672311636,5.368873192713811,5.516787895789514
852,tennis ball,easy,0,25,0.7627637798969562,,3.681616810651925,5.442437612093412,3.9270023015829234,3.597285142311683
852,tennis ball,easy,1,75,0.7387490123510361,,3.732691739641485,5.409352461496989,3.984171986579895,3.7539970676104226
852,tennis ball,easy,2,125,0.7081261368898245,,3.777380398014089,5.39313452060406,4.03736767402062,3.8286482370816746
852,tennis ball,easy,3,175,0.6709242016077042,,3.8182840545972194,5.382915576299031,4.080561677614848,3.8907267252604165
852,tennis ball,easy,4,225,0.6330724587807288,,3.8576654002561677,5.377223124870887,4.117371192345252,3.9491648490612326
852,tennis ball,easy,5,275,0.5974162071943283,,3.9004522253360068,5.376290758450826,4.160183389981587,4.006577670574188
852,tennis ball,easy,6,325,0.5663259075238154,,3.9506706127098634,5.380026267125056,4.220715669485239,4.068716709430401
852,tennis ball,easy,7,375,0.5301102548837662,,4.000886698209104,5.3845321337382,4.273226022720337,4.131402492523193
852,tennis ball,easy,8,425,0.4985171648172232,,4.057437626870124,5.389557985159067,4.337675681480994,4.200601724477915
852,tennis ball,easy,9,475,0.45982636014620465,,4.1148797404908,5.398854573567708,4.407714406649272,4.276238600413005
852,tennis ball,easy,10,525,0.4258798286318779,,4.181370601412796,5.406958818435669,4.49181067943573,4.372398853302002
852,tennis ball,easy,11,575,0.37805636341755205,,4.262458258277767,5.4193674601041355,4.6016693482032185,4.516887738154485
852,tennis ball,easy,12,625,0.3253679970900218,,4.347321863330547,5.4339349667231245,4.70265519618988,4.738972028096517
852,tennis ball,easy,13,675,0.2689939301747542,,4.441692624773299,5.450068510495699,4.809209566849929,5.0219394610478325
852,tennis ball,easy,14,725,0.22038244952758154,,4.556572508953867,5.466044068336487,4.917677561442058,5.269053936004639
852,tennis ball,easy,15,775,0.15764367809662452,,4.699396175997598,5.479906375591572,5.022294374612661,5.417570407573994
852,tennis ball,easy,16,825,0.09601044344405334,,4.860614398405665,5.48867396513621,5.121951738993327,5.479677478472392
852,tennis ball,easy,17,875,0.05045777244063524,,5.024605842737051,5.494171252617469,5.2208548325758715,5.50442754305326
852,tennis ball,easy,18,925,0.038619292279084526,,5.145513027906417,5.496134082476298,5.302035689353943,5.513361851374309
852,tennis ball,easy,19,975,0.04677755758166313,,5.226749311436663,5.496622709127573,5.360352296095628,5.517050926501934
429,baseball,easy,0,25,0.6145483347085806,,3.6147055242742807,5.430515509385329,3.794086144520686,3.569353598814744
429,baseball,easy,1,75,0.5900105635325114,,3.6575492964614007,5.398334701855977,3.8380823135375977,3.7291492422421775
429,baseball,easy,2,125,0.5577293863663306,,3.6972042996804793,5.384648249699519,3.8886318023388204,3.8015210261711707
429,baseball,easy,3,175,0.5218689441680908,,3.7357370725699837,5.377906322479248,3.9408610264460244,3.8574090003967285
429,baseball,easy,4,225,0.48344460817483753,,3.780957025158536,5.375772146078257,3.996897477370042,3.9157286423903246
429,baseball,easy,5,275,0.444942906498909,,3.8236172784652034,5.376558820406596,4.058692216873169,3.970125655333201
429,baseball,easy,6,325,0.40975411809407747,,3.869433317538146,5.380370983710656,4.116500707773062,4.025724190932054
429,baseball,easy,7,375,0.37704120576381683,,3.9242711620671407,5.3858628670374555,4.1815563042958575,4.08708922068278
429,baseball,easy,8,425,0.33799811739187974,,3.985356755636551,5.394102976872371,4.254673627706675,4.160638075608474
429,baseball,easy,9,475,0.3071553458770116,,4.048836591343085,5.4027542273203535,4.325097719828288,4.250356992085774
429,baseball,easy,10,525,0.2812116394440333,,4.116880062080566,5.4135286410649615,4.399533748626709,4.359187126159668
429,baseball,easy,11,575,0.24241204789051643,,4.197246289187735,5.426001732165997,4.4899905644930325,4.51394719343919
429,baseball,easy,12,625,0.206812663624684,,4.303428977018311,5.440610806147258,4.630501786867778,4.7353440920511884
429,baseball,easy,13,675,0.1690076864682711,,4.424057415226004,5.455271244049072,4.776285538306603,5.022788634667029
429,baseball,easy,14,725,0.1321764967093865,,4.548189847242265,5.4703684250513716,4.908223509788513,5.262107173601787
429,baseball,easy,15,775,0.10279560146423486,,4.703533361246298,5.482699394226074,5.0398945808410645,5.407795612628643
429,baseball,easy,16,825,0.07816674622396629,,4.878953693878083,5.491312742233276,5.1562393506368,5.47312347094218
429,baseball,easy,17,875,0.03524121412864098,,5.045418379725991,5.495929754697359,5.261686765230619,5.498834133148193
429,baseball,easy,18,925,0.027359360363334417,,5.1645482792740784,5.497949043909709,5.338253180185954,5.507065335909526
429,baseball,easy,19,975,0.050777520411289655,,5.243694057831397,5.498321606562688,5.38835254082313,5.5104133899395285
430,basketball,easy,0,25,0.5790246083186223,,3.520577657681245,5.424266595106858,3.554056222622211,3.5400774478912354
430,basketball,easy,1,75,0.5540601561466852,,3.560465720083032,5.385857582092285,3.6023405392964682,3.7126415570576987
430,basketball,easy,2,125,0.5178654698225168,,3.6050784060588255,5.366550372197078,3.66382804283729,3.7968242902022142
430,basketball,easy,3,175,0.47262733429670334,,3.6533919218040647,5.354936003684998,3.7282231052716575,3.8670796950658164
430,basketball,easy,4,225,0.42420699963202846,,3.709127895779662,5.3475781587453985,3.798486507855929,3.9355174027956448
430,basketball,easy,5,275,0.37506870677073795,,3.7671632021665573,5.345401366551717,3.8726905385653176,4.00247726837794
430,basketball,easy,6,325,0.32609196580373323,,3.83037619964107,5.347422819871169,3.960738328786997,4.070110834561861
430,basketball,easy,7,375,0.282438966135184,,3.895633498472827,5.353333115577698,4.05018937587738,4.139071424802144
430,basketball,easy,8,425,0.24206982896878168,,3.9632183231495244,5.36265153151292,4.133177463824932,4.219650121835562
430,basketball,easy,9,475,0.20907257621486983,,4.039513292411963,5.374771634737651,4.237444877624512,4.318429549535115
430,basketball,easy,10,525,0.17733281726638475,,4.1245946142645105,5.38696567217509,4.350389401117961,4.436435619990031
430,basketball,easy,11,575,0.14616758319047782,,4.211803036731679,5.401969029353215,4.46479056431697,4.6062900103055515
430,basketball,easy,12,625,0.10998071792225043,,4.321707292681649,5.420090397198995,4.5985333522160845,4.847245534261067
430,basketball,easy,13,675,0.06885029490177448,,4.45817461839089,5.4398925854609566,4.76000217291025,5.131780954507681
430,basketball,easy,14,725,0.04046847795446714,,4.601584330910728,5.457309285799663,4.903254469235738,5.343605081240336
430,basketball,easy,15,775,0.021120542803635962,,4.77563202053636,5.471304269937368,5.0498624581557054,5.451571941375732
430,basketball,easy,16,825,0.013573657798891267,,4.959016013003531,5.48016361395518,5.187253713607788,5.493179400761922
430,basketball,easy,17,875,0.013630453067330213,,5.113375972915482,5.485982197981614,5.296349378732534,5.505145659813514
430,basketball,easy,18,925,0.022865144691119593,,5.222858834124747,5.488799492518107,5.370607813199361,5.507449348767598
430,basketball,easy,19,975,0.05495478069553009,,5.292383233269492,5.489509655879094,5.415940321408785,5.5071539878845215
971,bubble,easy,0,25,0.6831907079770014,,3.641443580716521,5.441791387704702,3.806497280414288,3.567023368982168
971,bubble,easy,1,75,0.656998892625173,,3.698078223637172,5.4093137582143145,3.8651949365933738,3.7439210017522178
971,bubble,easy,2,125,0.6222622944758489,,3.7517247710909163,5.392782394702618,3.9291536808013916,3.8304455830500674
971,bubble,easy,3,175,0.5825734039147695,,3.806802531083425,5.381573756535848,3.9998584588368735,3.899260938167572
971,bubble,easy,4,225,0.5439451749508197,,3.861148397673617,5.373931517967811,4.068081672375019,3.9627733597388635
971,bubble,easy,5,275,0.5033718546231588,,3.9182587971999534,5.369750777880351,4.137989958127339,4.0230103731155396
971,bubble,easy,6,325,0.46481876419140744,,3.977893399668264,5.368578250591572,4.218947667341966,4.083447162921612
971,bubble,easy,7,375,0.4305931404232979,,4.033207190533479,5.371183077494304,4.289311806360881,4.143233219782512
971,bubble,easy,8,425,0.3956903379697066,,4.09928733601675,5.376955765944261,4.374382275801438,4.206582913031945
971,bubble,easy,9,475,0.35614577184120816,,4.166116120559829,5.386269370714824,4.461850682894389,4.273519118626912
971,bubble,easy,10,525,0.31045548369487125,,4.243914742909726,5.397456725438436,4.563994725545247,4.3732409079869585
971,bubble,easy,11,575,0.2624065577983856,,4.3298201226926105,5.410895714393029,4.674302431253286,4.514564807598408
971,bubble,easy,12,625,0.21479267130295435,,4.4102406193103105,5.427576780319214,4.77691654364268,4.723370750745137
971,bubble,easy,13,675,0.1669612034009053,,4.501961851512992,5.445364768688496,4.876276786510761,5.001115578871507
971,bubble,easy,14,725,0.13839838902155557,,4.620346587683472,5.462695042292277,4.9915151198705034,5.257452925046285
971,bubble,easy,15,775,0.07962892834956829,,4.770476326837644,5.476646056542029,5.108024963965783,5.417039577777569
971,bubble,easy,16,825,0.045633197762072086,,4.9422406767095834,5.485915899276733,5.212216734886169,5.486522833506267
971,bubble,easy,17,875,0.03454199433326721,,5.093226421010363,5.491688985090989,5.290860873002273,5.508848080268273
971,bubble,easy,18,925,0.031062133765468996,,5.198229437782651,5.494285384813945,5.350338737169902,5.515586217244466
971,bubble,easy,19,975,0.04924279279433764,,5.26717623773512,5.494704576639029,5.392166357774001,5.518188586601844
892,wall clock,easy,0,25,0.6332782690341656,,3.669173213151785,5.462120936467097,3.8299079674940844,3.6064521165994496
892,wall clock,easy,1,75,0.6107938687006632,,3.713629419959727,5.437517444292705,3.876723567644755,3.7660298546155295
892,wall clock,easy,2,125,0.58148887524238,,3.7507210583477235,5.42342655475323,3.919353595146766,3.8441759072817288
892,wall clock,easy,3,175,0.5483936270078024,,3.7891842410677956,5.413447340329488,3.9642176230748496,3.907254139582316
892,wall clock,easy,4,225,0.5152878073545603,,3.82265518622084,5.407125583061805,4.008909922379714,3.9567381602067213
892,wall clock,easy,5,275,0.482455941538016,,3.8591014434184348,5.403249780337016,4.049325267473857,4.001469552516937
892,wall clock,easy,6,325,0.4501409576489375,,3.898348671721888,5.403384502117451,4.096930540524996,4.05471134185791
892,wall clock,easy,7,375,0.41017499814430874,,3.9462030639960655,5.406594793001811,4.147484461466472,4.113470276196797
892,wall clock,easy,8,425,0.3756698828477126,,4.012641932283129,5.411626118880052,4.218443100269024,4.190548713390644
892,wall clock,easy,9,475,0.33244769275188446,,4.086673546050276,5.418309847513835,4.300272146860759,4.269765575726827
892,wall clock,easy,10,525,0.2998440240820249,,4.147742100059987,5.426746129989624,4.357856551806132,4.3721548318862915
892,wall clock,easy,11,575,0.27089004103954023,,4.210750549376666,5.438107857337365,4.436186937185434,4.51388799227201
892,wall clock,easy,12,625,0.26396364718675613,,4.2849538681052985,5.452683766682942,4.514287273089091,4.727626880009969
892,wall clock,easy,13,675,0.23470271550692046,,4.36983737218511,5.465806007385254,4.599086541395921,4.999500164618859
892,wall clock,easy,14,725,0.2053800349434217,,4.484013809689453,5.478412747383118,4.703494230906169,5.248208522796631
892,wall clock,easy,15,775,0.13071089868362135,,4.642863493699294,5.489493956932654,4.844028692979079,5.4047525479243355
892,wall clock,easy,16,825,0.06498561364909013,,4.832225185774621,5.496712565422058,5.003676811854045,5.4771255652109785
892,wall clock,easy,17,875,0.028679864337811105,,5.00397231552627,5.500366614415095,5.135830402374268,5.503390348874605
892,wall clock,easy,18,925,0.027732086833566427,,5.133822778151148,5.501717726389567,5.249030510584514,5.5111591418584185
892,wall clock,easy,19,975,0.05602953668970328,,5.222584956294887,5.501919122842642,5.328339356642503,5.513918326451228
207,golden retriever,medium,0,25,0.5730947118539077,,3.5840449195641737,5.4364854739262505,3.752069014769334,3.5756461253532996
207,golden retriever,medium,1,75,0.5453853408495585,,3.631030086960111,5.408068100611369,3.8026219606399536,3.7304252982139587
207,golden retriever,medium,2,125,0.5077201105081118,,3.6790388409907995,5.397004420940693,3.8627877418811503,3.802306505349966
207,golden retriever,medium,3,175,0.467204915980498,,3.729961607073035,5.394030769666036,3.923286815484365,3.864485482374827
207,golden retriever,medium,4,225,0.4234092923311087,,3.786497290972825,5.39539282138531,3.994336495032677,3.9252362067882833
207,golden retriever,medium,5,275,0.3810485377907753,,3.8409310877323155,5.398659904797872,4.064704934755961,3.9834004243214927
207,golden retriever,medium,6,325,0.3438820495055272,,3.897716781922749,5.403454853938176,4.136768817901611,4.0395415012653055
207,golden retriever,medium,7,375,0.31054473916689557,,3.952681267545337,5.4088402191797895,4.199947873751323,4.095838348070781
207,golden retriever,medium,8,425,0.2804884154063005,,4.024453245021485,5.4163268162654,4.284106878133921,4.170097461113563
207,golden retriever,medium,9,475,0.24611533309022585,,4.098858525355657,5.42413071791331,4.393441438674927,4.255751530329387
207,golden retriever,medium,10,525,0.21446590622266135,,4.182970743094172,5.4317626953125,4.513746897379558,4.367789427439372
207,golden retriever,medium,11,575,0.17477644177583548,,4.273187517464816,5.442346792954665,4.633471782390888,4.531124958625207
207,golden retriever,medium,12,625,0.12549650172392526,,4.371998318249271,5.453762769699097,4.7539836168289185,4.777018268903096
207,golden retriever,medium,13,675,0.08797039091587067,,4.474126750296289,5.4663789088909445,4.850702872643104,5.079851297231821
207,golden retriever,medium,14,725,0.05855508614331484,,4.598160870728038,5.479269782702128,4.9551414251327515,5.316598574320476
207,golden retriever,medium,15,775,0.04747254659350102,,4.750014407949132,5.4904166001539965,5.057413578033447,5.441860785851111
207,golden retriever,medium,16,825,0.032203949677447476,,4.922662466054871,5.49703049659729,5.163057963053386,5.493354598681132
207,golden retriever,medium,17,875,0.020448832127910394,,5.072852351508297,5.500262040358323,5.255187804882343,5.508836562816914
207,golden retriever,medium,18,925,0.020965392235666513,,5.18172157094592,5.500152826309204,5.32771635055542,5.51333502928416
207,golden retriever,medium,19,975,0.04317733903343861,,5.254834629677154,5.500458900745098,5.377620293543889,5.514767866868239
235,German shepherd,medium,0,25,0.6290101867455703,,3.611054715874431,5.416389868809627,3.788126927155715,3.5763274706327
235,German shepherd,medium,1,75,0.6014144519964854,,3.6484244153613137,5.378250281016032,3.824578046798706,3.723641018072764
235,German shepherd,medium,2,125,0.5634997624617356,,3.6877683944754547,5.361872599675105,3.867501222170316,3.791464823942918
235,German shepherd,medium,3,175,0.5227720439434052,,3.7272595113941596,5.355257471402486,3.912567218144735,3.847178896268209
235,German shepherd,medium,4,225,0.4828777244457832,,3.771073277835008,5.355418021862324,3.9630669080294094,3.899989366531372
235,German shepherd,medium,5,275,0.43987177809079486,,3.819753044417926,5.359863042831421,4.025856097539266,3.956998666127523
235,German shepherd,medium,6,325,0.39830467104911804,,3.8679017509732927,5.366837428166316,4.079563984504113,4.012501423175518
235,German shepherd,medium,7,375,0.36105309675137204,,3.9163528890127224,5.375952402750651,4.137720505396525,4.067961931228638
235,German shepherd,medium,8,425,0.3210697128222539,,3.9788690022714843,5.385565024155837,4.213096215174748,4.138053490565373
235,German shepherd,medium,9,475,0.28434772541125614,,4.0450744582783615,5.39824116230011,4.293790777524312,4.222196737925212
235,German shepherd,medium,10,525,0.24360162764787674,,4.126923311679136,5.409119685490926,4.395114898681641,4.338237206141154
235,German shepherd,medium,11,575,0.2057319340797571,,4.211837760039739,5.422469139099121,4.497857644007756,4.508747540987455
235,German shepherd,medium,12,625,0.16384338090817133,,4.327363064601308,5.437992691993713,4.646079579989116,4.75313663482666
235,German shepherd,medium,13,675,0.11069096223666118,,4.455084718518204,5.453439822563758,4.799038263467642,5.048094309293306
235,German shepherd,medium,14,725,0.06747471975783507,,4.593970180976959,5.468291560808818,4.936689376831055,5.298121293385823
235,German shepherd,medium,15,775,0.039662177029710546,,4.754650811572652,5.480043741372915,5.056108401371882,5.432765153738169
235,German shepherd,medium,16,825,0.022537824076910812,,4.929581056038539,5.487558762232463,5.163569251696269,5.490433017412822
235,German shepherd,medium,17,875,0.015192475026616683,,5.080695673004612,5.490936279296875,5.260857618772066,5.508493460141695
235,German shepherd,medium,18,925,0.019685707210252684,,5.188076118628184,5.492414474487305,5.33501672744751,5.513118704160054
235,German shepherd,medium,19,975,0.042817339301109314,,5.259986772642031,5.493026513319749,5.386241105886606,5.514651481921856
250,Siberian husky,medium,0,25,0.5975638261208167,,3.611013534632358,5.428251009721023,3.7926499110001783,3.572445410948533
250,Siberian husky,medium,1,75,0.5710255006949106,,3.6554160526111006,5.39506196975708,3.835143188635508,3.7282812794049582
250,Siberian husky,medium,2,125,0.536201156102694,,3.7008644679745477,5.381605111635649,3.8827496491945706,3.8015202558957615
250,Siberian husky,medium,3,175,0.4977332204580307,,3.74745504025902,5.375203450520833,3.931100686391195,3.86084520816803
250,Siberian husky,medium,4,225,0.4561454768364246,,3.793726620438335,5.374995891864483,3.9749164764697733,3.9131719149076023
250,Siberian husky,medium,5,275,0.4170154283444087,,3.838460392540409,5.377252618471782,4.026306768258412,3.9644306103388467
250,Siberian husky,medium,6,325,0.3781288953927847,,3.894750840061313,5.383124901698186,4.098143357496995,4.019932086651142
250,Siberian husky,medium,7,375,0.33781572928031284,,3.9536495992825142,5.390236775080363,4.162511865297954,4.0821627378463745
250,Siberian husky,medium,8,425,0.3030846439875089,,4.017642595283278,5.398910815899189,4.253955804384672,4.1532978644737835
250,Siberian husky,medium,9,475,0.26929506411155063,,4.105304642092614,5.410040736198425,4.368274490038554,4.245747089385986
250,Siberian husky,medium,10,525,0.23301532616217932,,4.1947813598173,5.419233202934265,4.483709176381429,4.363077441851298
250,Siberian husky,medium,11,575,0.20105625001283792,,4.26589624436347,5.431963223677415,4.5641883336580715,4.518789951617901
250,Siberian husky,medium,12,625,0.15323705474535623,,4.365724981895515,5.44838273525238,4.688981930414836,4.768432974815369
250,Siberian husky,medium,13,675,0.11295841576961371,,4.4680088719168864,5.462768738086407,4.795670325939472,5.062540164360633
250,Siberian husky,medium,14,725,0.07420776101450126,,4.607961353446757,5.477945963541667,4.936855594317119,5.3089689413706465
250,Siberian husky,medium,15,775,0.035598101667486705,,4.770146290679555,5.489481742565449,5.063936453599196,5.441752837254451
250,Siberian husky,medium,16,825,0.023918858574082453,,4.938719000844729,5.49560542901357,5.168043414751689,5.494813879330953
250,Siberian husky,medium,17,875,0.017819244128007155,,5.083407152485061,5.499217106745793,5.258816645695613,5.511242426358736
250,Siberian husky,medium,18,925,0.01864185417070985,,5.188458463975361,5.50042998790741,5.330724358558655,5.51561963558197
250,Siberian husky,medium,19,975,0.03606638928445486,,5.258860005127205,5.500454022334172,5.380764227647048,5.517144276545598
281,tabby cat,medium,0,25,0.6481656982348516,,3.5636317156828365,5.437523475060096,3.7499233942765455,3.5438786836770864
281,tabby cat,medium,1,75,0.6221966793139776,,3.6039229148910166,5.407766540845235,3.790102541446686,3.6915263533592224
281,tabby cat,medium,2,125,0.5859572291374207,,3.6482813197832837,5.395836243262658,3.8443446159362793,3.7637416949638953
281,tabby cat,medium,3,175,0.5467023303111395,,3.699027249146076,5.391225536664327,3.905436873435974,3.8290544152259827
281,tabby cat,medium,4,225,0.5070952429221227,,3.750802979037002,5.391350819514348,3.9673097683833194,3.8887242537278395
281,tabby cat,medium,5,275,0.4689813156922658,,3.8021851245846072,5.393877148628235,4.024730841318767,3.9396785895029702
281,tabby cat,medium,6,325,0.43376686022831845,,3.858815537376718,5.398326103503887,4.092921990614671,3.9971652030944824
281,tabby cat,medium,7,375,0.39573656022548676,,3.919868387991474,5.4032359917958575,4.160379727681478,4.064591407775879
281,tabby cat,medium,8,425,0.35786065000754136,,3.9820407114841125,5.410896851466252,4.230504476107084,4.136607793661264
281,tabby cat,medium,9,475,0.32744524627923965,,4.062122725659893,5.419535795847575,4.322366038958232,4.2278324365615845
281,tabby cat,medium,10,525,0.2935096596678098,,4.160544542684442,5.429988463719686,4.442509651184082,4.345345298449199
281,tabby cat,medium,11,575,0.2512684315443039,,4.2540156720103806,5.442647163684551,4.565078001755935,4.510991499974177
281,tabby cat,medium,12,625,0.20249160254995027,,4.3505519192133635,5.455648263295491,4.676805257797241,4.750388065973918
281,tabby cat,medium,13,675,0.1456442538362283,,4.457744708100518,5.469371722294734,4.794432199918306,5.047676673302283
281,tabby cat,medium,14,725,0.09466848025719325,,4.587460880123433,5.482243061065674,4.915916442871094,5.292378226915996
281,tabby cat,medium,15,775,0.05397402380521481,,4.746053676028828,5.491951135488657,5.033281729771541,5.430821088644175
281,tabby cat,medium,16,825,0.023476216631631058,,4.924876330154283,5.497993906339009,5.152813037236531,5.490462978680928
281,tabby cat,medium,17,875,0.015832293420456924,,5.076488044890729,5.501240546886738,5.249023620898907,5.509384301992563
281,tabby cat,medium,18,925,0.020159803641339142,,5.183182218954677,5.501540541648865,5.323729952176412,5.515017747879028
281,tabby cat,medium,19,975,0.04054490906687883,,5.254696674399323,5.501048784989577,5.376454830169678,5.5174239965585565
285,Egyptian cat,medium,0,25,0.6323135541035578,,3.5880194044375164,5.435851867382343,3.7605703610640306,3.5586330890655518
285,Egyptian cat,medium,1,75,0.6042938480774561,,3.6298048801365357,5.4043543338775635,3.8070283929506936,3.6992012659708657
285,Egyptian cat,medium,2,125,0.5663686348841741,,3.677183634304738,5.389951339134803,3.867214789757362,3.7691749242635875
285,Egyptian cat,medium,3,175,0.5256682087977728,,3.7278261663658276,5.382310628890991,3.92781525850296,3.82975568373998
285,Egyptian cat,medium,4,225,0.48525535372587353,,3.7816262395827325,5.379490118760329,3.9927814373603234,3.885404843550462
285,Egyptian cat,medium,5,275,0.4470709313948949,,3.834588140958832,5.380423823992412,4.0539915561676025,3.942355493704478
285,Egyptian cat,medium,6,325,0.4103809044911311,,3.8944964867371783,5.384568031017597,4.121599013988789,4.001747406446016
285,Egyptian cat,medium,7,375,0.3757793679833412,,3.954901813396386,5.388617515563965,4.185335874557495,4.064971486727397
285,Egyptian cat,medium,8,425,0.341006712271617,,4.012239861291843,5.397543540367713,4.24483401958759,4.132288712721604
285,Egyptian cat,medium,9,475,0.30311842262744904,,4.086585571013746,5.408494671185811,4.334933797518413,4.225894848505656
285,Egyptian cat,medium,10,525,0.263830025990804,,4.164230442827656,5.41978903611501,4.43051548798879,4.33958359559377
285,Egyptian cat,medium,11,575,0.22156424247301543,,4.260957356992659,5.433282191936787,4.5687976983877325,4.502063897939829
285,Egyptian cat,medium,12,625,0.18375385055939356,,4.353319837578705,5.447998126347859,4.687788128852844,4.731477379798889
285,Egyptian cat,medium,13,675,0.1372547080883613,,4.4545143482449285,5.463094051067646,4.7992724271921015,5.025508036980262
285,Egyptian cat,medium,14,725,0.11912635713815689,,4.5815654187684975,5.476973454157512,4.92065433661143,5.281069835027059
285,Egyptian cat,medium,15,775,0.07925828116444442,,4.737589240729154,5.488315325516921,5.036320796379676,5.425373077392578
285,Egyptian cat,medium,16,825,0.04578849580138922,,4.909672739959898,5.495631416638692,5.1440896193186445,5.486494938532512
285,Egyptian cat,medium,17,875,0.022273688935316525,,5.061496188352397,5.499627150022066,5.241439929375281,5.507239011617807
285,Egyptian cat,medium,18,925,0.023475608167548973,,5.1708819419145575,5.501252969106038,5.318889856338501,5.5132155021031695
285,Egyptian cat,medium,19,975,0.04611274614357031,,5.245566297363449,5.5016392927903395,5.374184315021221,5.515830773573655
291,lion,medium,0,25,0.5238725955669696,,3.6770290198561915,5.4204421043396,3.8508383127359243,3.630232700934777
291,lion,medium,1,75,0.4940376778443654,,3.716603926959492,5.39062778155009,3.8968977530797324,3.768538475036621
291,lion,medium,2,125,0.45307724750958955,,3.7604757023381667,5.3782525429358845,3.9513126703409047,3.838038077721229
291,lion,medium,3,175,0.408260020116965,,3.8075022009156996,5.373198429743449,4.009355823198955,3.8968265056610107
291,lion,medium,4,225,0.36388959334446835,,3.8580074965298823,5.371918494884785,4.0759429931640625,3.953967754657452
291,lion,medium,5,275,0.32585829496383667,,3.910852957694303,5.373693625132243,4.148293773333232,4.01032276948293
291,lion,medium,6,325,0.2919721442919511,,3.964441144204401,5.378075489631066,4.211308479309082,4.0680718788733845
291,lion,medium,7,375,0.2603093559543292,,4.015409832908994,5.38353677590688,4.270899653434753,4.1285044352213545
291,lion,medium,8,425,0.22994477703021124,,4.08243145949238,5.391306473658635,4.349968653458816,4.201823051159199
291,lion,medium,9,475,0.20037142435709634,,4.149229574416365,5.399477243423462,4.437142888704936,4.2929993867874146
291,lion,medium,10,525,0.17366205031673113,,4.2266672523248765,5.408226132392883,4.543486475944519,4.411257942517598
291,lion,medium,11,575,0.1389807749253053,,4.314504249737812,5.420177312997671,4.661665182847243,4.583149139697735
291,lion,medium,12,625,0.11128309306999047,,4.399237992508072,5.434739947319031,4.772326985994975,4.822081605593364
291,lion,medium,13,675,0.0867633234996062,,4.502506182743953,5.450772615579458,4.877979608682486,5.106971887441782
291,lion,medium,14,725,0.0585812134668231,,4.628661764519555,5.4654877583185835,4.987030188242595,5.327194849650065
291,lion,medium,15,775,0.03210328791577082,,4.79038997731366,5.4773257328913765,5.110723055326021,5.444039014669565
291,lion,medium,16,825,0.018701634525010984,,4.963894833411488,5.484513362248738,5.219177921613057,5.4914882977803545
291,lion,medium,17,875,0.01541666414302129,,5.1093024978270885,5.48860843365009,5.306474318871131,5.5069595116835375
291,lion,medium,18,925,0.021494061996539433,,5.212919103247779,5.489063541094462,5.372490247090657,5.511770645777385
291,lion,medium,19,975,0.04912939968590553,,5.277643869211385,5.489988290346586,5.414492056919978,5.512595396775466
292,tiger,medium,0,25,0.5513198054753817,,3.6516011720830264,5.421768701993502,3.8242477637070875,3.5788515164301944
292,tiger,medium,1,75,0.5196367452541987,,3.687003300303504,5.388369202613831,3.8620017568270364,3.735994875431061
292,tiger,medium,2,125,0.4764093985924354,,3.728229536459996,5.374682903289795,3.9126894290630636,3.808906463476328
292,tiger,medium,3,175,0.4286982739965121,,3.7719141510980467,5.366910815238953,3.966549575328827,3.8716591596603394
292,tiger,medium,4,225,0.38114328109301054,,3.8151653615327983,5.364989867577186,4.023447293501634,3.9278633961310754
292,tiger,medium,5,275,0.33336735516786575,,3.8607143646194824,5.366691509882609,4.081994970639546,3.981104850769043
292,tiger,medium,6,325,0.2921248720242427,,3.905871652967327,5.369608402252197,4.129717276646541,4.037042507758508
292,tiger,medium,7,375,0.2540579214692116,,3.9607537860671687,5.374518076578776,4.1979338725407915,4.1024196942647295
292,tiger,medium,8,425,0.22070145836243263,,4.031449793786793,5.381579765906701,4.281386338747465,4.1732365901653585
292,tiger,medium,9,475,0.19416607295473418,,4.091217142485438,5.392666021982829,4.349042336146037,4.2610719203948975
292,tiger,medium,10,525,0.17486897359291712,,4.175221337448983,5.403870940208435,4.45484987894694,4.381134708722432
292,tiger,medium,11,575,0.15626492637854356,,4.2699043187466295,5.419270111964299,4.583289109743559,4.555626502403846
292,tiger,medium,12,625,0.11555563658475876,,4.3726333777109785,5.4357642730077105,4.709943413734436,4.8162513971328735
292,tiger,medium,13,675,0.07672915149193543,,4.488940183605467,5.452465204092173,4.844546758211576,5.118247215564434
292,tiger,medium,14,725,0.0549496499200662,,4.62502069593895,5.4686044454574585,4.976501981417338,5.347326358159383
292,tiger,medium,15,775,0.03675157849032145,,4.787843794613094,5.481454299046443,5.099048944619986,5.456348015711858
292,tiger,medium,16,825,0.02181094667563836,,4.96833352957453,5.489012598991394,5.218470454216003,5.499465505282084
292,tiger,medium,17,875,0.014491108675988821,,5.120432177742758,5.493046870598426,5.3118880712069,5.511720473949726
292,tiger,medium,18,925,0.02163155097514391,,5.224823095968792,5.4940851132074995,5.378791093826294,5.5146002769470215
292,tiger,medium,19,975,0.0515098892725431,,5.289871579998143,5.495137434739333,5.4212152774517355,5.514973713801457
340,zebra,medium,0,25,0.5138870752774752,,3.641354236628983,5.4402911479656515,3.8064327973585863,3.6310637364020715
340,zebra,medium,1,75,0.48645932724078494,,3.6789151362719985,5.411492904027303,3.8495434522628784,3.7756031155586243
340,zebra,medium,2,125,0.450740784406662,,3.7192952691853707,5.398789442502535,3.9041769321148214,3.8477125351245585
340,zebra,medium,3,175,0.4092905918757121,,3.761921787191005,5.393109321594238,3.954995274543762,3.907949169476827
340,zebra,medium,4,225,0.36691398804004377,,3.8043161060783888,5.392088669996995,4.002263105832613,3.9616005053887
340,zebra,medium,5,275,0.3288591156403224,,3.8488242406220667,5.3929831981658936,4.055540243784587,4.0132137934366865
340,zebra,medium,6,325,0.2873137822517982,,3.8952569159177632,5.395463319925161,4.109001746544471,4.069368068988506
340,zebra,medium,7,375,0.24395626907547316,,3.9449201960648814,5.399967471758525,4.166363596916199,4.1332420110702515
340,zebra,medium,8,425,0.2073441480214779,,4.002108424574464,5.406234521132249,4.235223146585318,4.205016172849215
340,zebra,medium,9,475,0.17506746699412665,,4.07320176206884,5.414371967315674,4.332780361175537,4.297911246617635
340,zebra,medium,10,525,0.14222333207726479,,4.157735630869865,5.4231486320495605,4.441846330960591,4.417614221572876
340,zebra,medium,11,575,0.10315654484125283,,4.265736793751245,5.434579812563383,4.5846644181471605,4.599317770737868
340,zebra,medium,12,625,0.07524454842011134,,4.3656560725399425,5.4481581052144366,4.710498332977295,4.8497252861658735
340,zebra,medium,13,675,0.04338722704694821,,4.476546660556898,5.462629685035119,4.830631146064172,5.145804625291091
340,zebra,medium,14,725,0.02812830312177539,,4.603658368190129,5.476515253384908,4.946867346763611,5.351787964502971
340,zebra,medium,15,775,0.017784471193758342,,4.764553107403136,5.48741549711961,5.067214525662935,5.454851333911602
340,zebra,medium,16,825,0.012336118690048655,,4.946127775169555,5.494060595830281,5.187019348144531,5.4963366985321045
340,zebra,medium,17,875,0.011912583660047788,,5.100345944310282,5.497626671424279,5.285237092238206,5.5086271579448995
340,zebra,medium,18,925,0.018760573274145525,,5.206526826534954,5.498899817466736,5.353440244992574,5.5122025807698565
340,zebra,medium,19,975,0.04477378554069079,,5.2744058305090595,5.4992840106670675,5.398015572474553,5.513605007758508
360,otter,medium,0,25,0.5754858347085806,,3.634041995465101,5.431167162381685,3.8168433629549465,3.5788372113154483
360,otter,medium,1,75,0.5461795578400294,,3.6840487399271553,5.397934118906657,3.874425748984019,3.7452892859776816
360,otter,medium,2,125,0.5058227273134085,,3.7387176984614072,5.383114154522236,3.9435683213747463,3.8257131576538086
360,otter,medium,3,175,0.4616890177130699,,3.7923219409726916,5.375773668289185,4.013621886571248,3.8892151912053428
360,otter,medium,4,225,0.417460920719,,3.848845111144767,5.374596339005691,4.084163445692796,3.948111185660729
360,otter,medium,5,275,0.37528220067421597,,3.9019456374503316,5.376937985420227,4.146493156750997,4.003286182880402
360,otter,medium,6,325,0.3353744584780473,,3.9553364783852962,5.3816226445711575,4.202623770787166,4.060483088860145
360,otter,medium,7,375,0.29822130004564923,,4.015083744767167,5.387736002604167,4.272179404894511,4.122440616289775
360,otter,medium,8,425,0.26758188238510716,,4.072303920001774,5.395674595466027,4.339352240929236,4.186419927156889
360,otter,medium,9,475,0.2294949380060037,,4.148009121417999,5.404750267664592,4.443834821383159,4.26961628595988
360,otter,medium,10,525,0.1996820904314518,,4.220912190420287,5.41408642133077,4.544736981391907,4.376838366190593
360,otter,medium,11,575,0.16328706649633554,,4.307002340371792,5.426795959472656,4.6662265337430515,4.538559070000281
360,otter,medium,12,625,0.12788175977766514,,4.405120953917503,5.4396986564000445,4.797492265701294,4.771764953931172
360,otter,medium,13,675,0.08224434921374688,,4.507350444466203,5.452794221731333,4.904839222247784,5.069645074697641
360,otter,medium,14,725,0.05183008468399445,,4.637625164574101,5.466263135274251,5.021237015724182,5.315563360850017
360,otter,medium,15,775,0.029624089025534116,,4.79786812211131,5.4772186646094685,5.125115357912504,5.444599848527175
360,otter,medium,16,825,0.021794905109951895,,4.971847545532953,5.484846433003743,5.221943577130635,5.49428649743398
360,otter,medium,17,875,0.016125308349728584,,5.121360266601646,5.488284734579233,5.308282742133508,5.509354738088755
360,otter,medium,18,925,0.022559549038608868,,5.222696840053512,5.48901371161143,5.373869021733602,5.511897881825765
360,otter,medium,19,975,0.04939468061694732,,5.286374523089482,5.48957740343534,5.41677713394165,5.5131546167226935
387,lesser panda,medium,0,25,0.5729433068862329,,3.620723986691171,5.437310842367319,3.7843028031862698,3.578069356771616
387,lesser panda,medium,1,75,0.5428406447172165,,3.6685533750624884,5.404755552609761,3.8490101297696433,3.7315233747164407
387,lesser panda,medium,2,125,0.5002820400091318,,3.722033223935537,5.389023780822754,3.917135293667133,3.8087294835310717
387,lesser panda,medium,3,175,0.4546029170354207,,3.7783986599672406,5.381070335706075,3.984810213247935,3.8722599744796753
387,lesser panda,medium,4,225,0.4081260080520923,,3.829598953108211,5.379448340489314,4.0426955956679125,3.926086187362671
387,lesser panda,medium,5,275,0.3598381926616033,,3.8871522489048185,5.380358139673869,4.109324097633362,3.984234849611918
387,lesser panda,medium,6,325,0.31561147937407863,,3.9444163693831524,5.383815912099985,4.1790134356572075,4.047976750593919
387,lesser panda,medium,7,375,0.27521709849437076,,4.0025529226376895,5.38929037253062,4.237120985984802,4.112848877906799
387,lesser panda,medium,8,425,0.23328423843933985,,4.070714242838242,5.396571012643667,4.321563280545748,4.186388419224666
387,lesser panda,medium,9,475,0.20434129610657692,,4.1297264865466525,5.406262954076131,4.394341230392456,4.269967436790466
387,lesser panda,medium,10,525,0.17623120049635568,,4.203971252554939,5.416902860005696,4.492669502894084,4.381660381952922
387,lesser panda,medium,11,575,0.13101451500104025,,4.296982717055542,5.43014643742488,4.616787103506235,4.560158362755408
387,lesser panda,medium,12,625,0.10419518624742825,,4.386825182608196,5.44360077381134,4.73229722181956,4.803604245185852
387,lesser panda,medium,13,675,0.0721944344158356,,4.502855520327014,5.457953379704402,4.860535218165471,5.102414497962365
387,lesser panda,medium,14,725,0.04006912466138601,,4.6444293079631676,5.471702655156453,4.991828362147014,5.333594799041748
387,lesser panda,medium,15,775,0.027628040227752466,,4.800818838260986,5.483513245215783,5.095673341017503,5.449545383453369
387,lesser panda,medium,16,825,0.015136618244772157,,4.968218467774845,5.4912790060043335,5.196607351303101,5.495742718378703
387,lesser panda,medium,17,875,0.011277956386598257,,5.109271946844164,5.49519656254695,5.285457427685078,5.510203214792105
387,lesser panda,medium,18,925,0.0177040530834347,,5.212316562022481,5.496124108632405,5.357208172480266,5.515162428220113
387,lesser panda,medium,19,975,0.04312944641480079,,5.278003746336633,5.497308034163255,5.4029532212477465,5.516171528742864
388,giant panda,medium,0,25,0.5980724829893845,,3.573812038033873,5.424070798433744,3.7308612970205455,3.5484144871051493
388,giant panda,medium,1,75,0.5672197987635931,,3.6139968530762765,5.3890044291814165,3.773547371228536,3.7026010950406394
388,giant panda,medium,2,125,0.5243799090385437,,3.662690103054046,5.3744312066298265,3.8283309936523438,3.7818636894226074
388,giant panda,medium,3,175,0.4727837070822716,,3.7168955455223713,5.367686311403911,3.887825349966685,3.8480900128682456
388,giant panda,medium,4,225,0.42301597274266756,,3.769468247235477,5.365526052621695,3.949508923750657,3.906130240513728
388,giant panda,medium,5,275,0.37481146802504856,,3.8251285712633813,5.366804679234822,4.012616614500682,3.963342785835266
388,giant panda,medium,6,325,0.33022260207396287,,3.878634747895566,5.3713567440326395,4.06647513462947,4.024212268682627
388,giant panda,medium,7,375,0.2861908401052157,,3.9338328476463045,5.377275586128235,4.123123208681743,4.087986707687378
388,giant panda,medium,8,425,0.24654800387529227,,4.000108094988289,5.385278261624849,4.197293868431678,4.162451560680683
388,giant panda,medium,9,475,0.20946061859528223,,4.068350699331079,5.395027200380961,4.276233156522115,4.249049425125122
388,giant panda,medium,10,525,0.1705293208360672,,4.1485893197712445,5.40641729036967,4.381165107091268,4.363173921902974
388,giant panda,medium,11,575,0.14081320968958047,,4.231661368857373,5.420088694645808,4.488068617307222,4.5329413047203655
388,giant panda,medium,12,625,0.10780155472457409,,4.334106006792613,5.436003963152568,4.621419072151184,4.780962149302165
388,giant panda,medium,13,675,0.08059854977405988,,4.439958315301727,5.45258118556096,4.738212402050312,5.070982492887056
388,giant panda,medium,14,725,0.061945158056914806,,4.57483704068831,5.467719753583272,4.873716155687968,5.305433710416158
388,giant panda,medium,15,775,0.03715311334683345,,4.743734319131454,5.48011878820566,5.021647123190073,5.436947602492112
388,giant panda,medium,16,825,0.02080818312242627,,4.919431873730251,5.488848368326823,5.155372699101766,5.489504297574361
388,giant panda,medium,17,875,0.015293330885469913,,5.072012906546121,5.493439674377441,5.267414203056922,5.505305913778452
388,giant panda,medium,18,925,0.020281311124563217,,5.180808442689123,5.4948190450668335,5.3451099793116255,5.507144212722778
388,giant panda,medium,19,975,0.0436434166935774,,5.2529232397184265,5.495064185215877,5.394425098712627,5.508306613335242
88,macaw,medium,0,25,0.5837764648290781,,3.631523936659425,5.444132328033447,3.7972124906686635,3.557789160655095
88,macaw,medium,1,75,0.5562771360079447,,3.689205970437754,5.4104299147923784,3.865375022093455,3.7245981097221375
88,macaw,medium,2,125,0.5174113695438092,,3.74612173470822,5.394371472872221,3.9363439816694994,3.808396394436176
88,macaw,medium,3,175,0.474764717121919,,3.800562191577184,5.385532100995381,4.000308493773143,3.875963826974233
88,macaw,medium,4,225,0.4313936187670781,,3.8563248115581468,5.381717718564547,4.065566943242,3.937674797498263
88,macaw,medium,5,275,0.38618599126736325,,3.908124253153801,5.38149352868398,4.12226398785909,3.996436337629954
88,macaw,medium,6,325,0.3450540052010463,,3.9598221778869624,5.385092882009653,4.182143284724309,4.057089328765869
88,macaw,medium,7,375,0.3050064370036125,,4.010105789772102,5.390589515368144,4.23870583375295,4.116839607556661
88,macaw,medium,8,425,0.26756675197527957,,4.0681008627781505,5.3986601462731,4.303712661449726,4.187561548673189
88,macaw,medium,9,475,0.23406772563854852,,4.126386159587473,5.409133275349935,4.366393963495891,4.270537972450256
88,macaw,medium,10,525,0.19716259837150574,,4.193094130782854,5.421175003051758,4.44452702999115,4.384074807167053
88,macaw,medium,11,575,0.16616030381276056,,4.259974360138505,5.433722496032715,4.520775171426626,4.542368448697603
88,macaw,medium,12,625,0.1254388876259327,,4.350449947728998,5.448482314745585,4.626214702924092,4.78683869043986
88,macaw,medium,13,675,0.07163723242970613,,4.47566085595351,5.464621580564058,4.7706206028278055,5.098107447991004
88,macaw,medium,14,725,0.03778333899875482,,4.617875847433295,5.478766918182373,4.918923179308574,5.333379030227661
88,macaw,medium,15,775,0.021756672372038547,,4.786130146010891,5.489711761474609,5.068829426398644,5.450298199286828
88,macaw,medium,16,825,0.015033776561419169,,4.956146934202739,5.496756116549174,5.1939670244852705,5.49526047706604
88,macaw,medium,17,875,0.0140475478882973,,5.099874450610234,5.500140263484075,5.289845246535081,5.507827208592341
88,macaw,medium,18,925,0.018738194135949016,,5.203375577926636,5.500863830248515,5.359118700027466,5.512535532315572
88,macaw,medium,19,975,0.03902194964197966,,5.273240232205652,5.501273301931528,5.405155732081487,5.514680972466102
130,flamingo,medium,0,25,0.6046216258635888,,3.607718722833382,5.452773167536809,3.784898959673368,3.5537828298715444
130,flamingo,medium,1,75,0.5777698755264282,,3.657873015673388,5.423408508300781,3.8428865671157837,3.7160784204800925
130,flamingo,medium,2,125,0.5390439400306115,,3.710991892840836,5.409185923062838,3.905458927154541,3.7968314244196963
130,flamingo,medium,3,175,0.49576032410065335,,3.76536575704813,5.401182413101196,3.9705844720204673,3.86061962445577
130,flamingo,medium,4,225,0.45358631244072545,,3.8176050182882237,5.3983857448284445,4.03302368750939,3.91682714682359
130,flamingo,medium,5,275,0.4133814349770546,,3.8679015831578347,5.398335059483846,4.086706876754761,3.9714648127555847
130,flamingo,medium,6,325,0.3729124160913321,,3.9216574577839816,5.400378337273231,4.152223073519194,4.0297537583571215
130,flamingo,medium,7,375,0.33639002839724225,,3.981184273603416,5.402915596961975,4.227440237998962,4.097283045450847
130,flamingo,medium,8,425,0.3056076467037201,,4.04188670692863,5.408194028414213,4.299244257119986,4.1718364128699665
130,flamingo,medium,9,475,0.2753988454739253,,4.102164700982116,5.417332728703816,4.368285616238912,4.251674969991048
130,flamingo,medium,10,525,0.2415358064075311,,4.179497985967568,5.4268808762232466,4.467250347137451,4.364735404650371
130,flamingo,medium,11,575,0.20402039472873396,,4.272837519973189,5.437763250791109,4.57952172939594,4.538014081808237
130,flamingo,medium,12,625,0.1734061042467753,,4.363873832282565,5.450358152389526,4.687732537587483,4.774711052576701
130,flamingo,medium,13,675,0.13151896802278665,,4.46551404091028,5.462986909426176,4.79127392402062,5.0652023095351
130,flamingo,medium,14,725,0.08921285221974055,,4.604738199994679,5.474666078885396,4.940401315689087,5.309956073760986
130,flamingo,medium,15,775,0.055784870798771195,,4.7730502767877265,5.48474671290471,5.088830544398381,5.439682300274189
130,flamingo,medium,16,825,0.03303401901697119,,4.952507122641518,5.491632143656413,5.207549611727397,5.491689443588257
130,flamingo,medium,17,875,0.01833993955873526,,5.103884284312908,5.494698927952693,5.2963331662691555,5.507678288679856
130,flamingo,medium,18,925,0.020639339306702215,,5.208540169965653,5.495633880297343,5.358904282251994,5.511471271514893
130,flamingo,medium,19,975,0.040249098235597976,,5.275887510278722,5.495725008157583,5.3998523858877325,5.512709764333872
145,king penguin,medium,0,25,0.611640833891355,,3.5755284192797907,5.428931016188401,3.7102700563577504,3.56636093213008
145,king penguin,medium,1,75,0.5847986688216528,,3.622602645485174,5.3941142956415815,3.7543636361757913,3.7161951859792075
145,king penguin,medium,2,125,0.548431185575632,,3.6766074627310363,5.377906432518592,3.8133444419273963,3.7971495481637807
145,king penguin,medium,3,175,0.5093596155444781,,3.7277440904151824,5.371026357014974,3.8630244731903076,3.8638515075047812
145,king penguin,medium,4,225,0.470834330870555,,3.7789636496659167,5.370220110966609,3.91876429777879,3.9246633603022647
145,king penguin,medium,5,275,0.43233588337898254,,3.831210275136289,5.372236291567485,3.9748572508494058,3.9841641982396445
145,king penguin,medium,6,325,0.39916064647527844,,3.8774061792499412,5.376687856820913,4.028658169966477,4.042219932262714
145,king penguin,medium,7,375,0.36807578305403393,,3.927206263300919,5.3838456471761065,4.0826782782872515,4.104282379150391
145,king penguin,medium,8,425,0.32782169030262875,,3.9860226888578016,5.39406915811392,4.14851269355187,4.174971103668213
145,king penguin,medium,9,475,0.29561196515957516,,4.051867200150377,5.4052311182022095,4.222942630449931,4.261632482210795
145,king penguin,medium,10,525,0.25814653808871907,,4.131455861741588,5.416005531946818,4.318047920862834,4.3748250007629395
145,king penguin,medium,11,575,0.2246329772930879,,4.222225486904709,5.428895216721755,4.433679250570444,4.543534278869629
145,king penguin,medium,12,625,0.16511918976902962,,4.327945503805364,5.443533261617024,4.569754362106323,4.790158987045288
145,king penguin,medium,13,675,0.11652490324698962,,4.447878126587187,5.457671495584341,4.719956324650691,5.084862672365629
145,king penguin,medium,14,725,0.07492004769543807,,4.591261115812119,5.4707478284835815,4.8783040046691895,5.324925541877747
145,king penguin,medium,15,775,0.039594340353057936,,4.765034652018285,5.481684904832107,5.031125362102802,5.446973470541147
145,king penguin,medium,16,825,0.025323643814772367,,4.943180204147384,5.488277196884155,5.157669425010681,5.493715802828471
145,king penguin,medium,17,875,0.019416815386368677,,5.087445170014769,5.49169397354126,5.250054102677566,5.506328509404109
145,king penguin,medium,18,925,0.021496611647307873,,5.190883996231215,5.492883761723836,5.321877519289653,5.509795864423116
145,king penguin,medium,19,975,0.044735098974062845,,5.25980041053269,5.4934055255009575,5.371886803553655,5.509682838733379
850,teddy bear,medium,0,25,0.5570739874472985,,3.5863108680798463,5.4293628472548265,3.7403121177966776,3.5521471867194543
850,teddy bear,medium,1,75,0.5301142086585363,,3.6343137245802652,5.39222510655721,3.786803444226583,3.71044651667277
850,teddy bear,medium,2,125,0.4935732827736781,,3.6837854706324062,5.374031103574312,3.841847401398879,3.7883337277632494
850,teddy bear,medium,3,175,0.451034814119339,,3.7412137467236746,5.363849679629008,3.905468463897705,3.858070453008016
850,teddy bear,medium,4,225,0.408734353689047,,3.7989653037799584,5.361526085780217,3.9689821096567006,3.922864345403818
850,teddy bear,medium,5,275,0.36782684177160263,,3.8587783081900504,5.362486084302266,4.03643536567688,3.9807731906572976
850,teddy bear,medium,6,325,0.3291024611546443,,3.917976703945098,5.366884635044978,4.100743770599365,4.04280658868643
850,teddy bear,medium,7,375,0.2935370331009229,,3.9852251704959643,5.374458352724711,4.172961513201396,4.109272599220276
850,teddy bear,medium,8,425,0.2571723541388145,,4.059378981262773,5.3822479248046875,4.255994173196646,4.186223066770113
850,teddy bear,medium,9,475,0.2207729034125805,,4.136201510117168,5.3918856382369995,4.349928816159566,4.2719887892405195
850,teddy bear,medium,10,525,0.19268382961551347,,4.1984728737956,5.4018086194992065,4.430041114489238,4.372060775756836
850,teddy bear,medium,11,575,0.1702750428364827,,4.269191085309772,5.416180317218487,4.511758474203257,4.523446596585787
850,teddy bear,medium,12,625,0.13900740693012872,,4.349533526670365,5.433623194694519,4.595967094103496,4.751877625783284
850,teddy bear,medium,13,675,0.10152914375066757,,4.450654147090493,5.4500496204082785,4.7002578515272875,5.043423652648926
850,teddy bear,medium,14,725,0.07311966021855672,,4.575865830339136,5.4648590087890625,4.8293304443359375,5.285997708638509
850,teddy bear,medium,15,775,0.03962667042819353,,4.72925903574451,5.478670340317946,4.958515240595891,5.425682874826284
850,teddy bear,medium,16,825,0.027044896346827347,,4.894663373629252,5.4874104261398315,5.074674526850383,5.484781225522359
850,teddy bear,medium,17,875,0.020573464293892566,,5.046822492892925,5.493053913116455,5.1876737888042745,5.505965856405405
850,teddy bear,medium,18,925,0.026072758249938488,,5.162345293022337,5.494792779286702,5.2869348128636675,5.5127726793289185
850,teddy bear,medium,19,975,0.04990163502784876,,5.242085180439792,5.496407875647912,5.356838446397048,5.5147702143742485
817,sports car,medium,0,25,0.6702612684323237,,3.4984118565098266,5.455758644984319,3.6118430541111874,3.467789594943707
817,sports car,medium,1,75,0.6469989667336146,,3.544109177731332,5.425249894460042,3.655146141846975,3.650846302509308
817,sports car,medium,2,125,0.616954138645759,,3.5862315762173997,5.411165897662823,3.708712962957529,3.73042185489948
817,sports car,medium,3,175,0.5738396843274435,,3.629651471972465,5.403209408124288,3.7610472639401755,3.79703954855601
817,sports car,medium,4,225,0.5292827532841609,,3.6720815219066956,5.400559278634878,3.814484797991239,3.855013755651621
817,sports car,medium,5,275,0.4859195575118065,,3.7161263575156522,5.40081520875295,3.8680419325828552,3.909571965535482
817,sports car,medium,6,325,0.44089309298075163,,3.767615446350076,5.40368234194242,3.9308245182037354,3.9707127534426174
817,sports car,medium,7,375,0.39589400589466095,,3.8222380259207323,5.4075954357783,3.995154062906901,4.035291234652202
817,sports car,medium,8,425,0.3462653343494122,,3.891076456059466,5.413531413445106,4.075434317955604,4.115644454956055
817,sports car,medium,9,475,0.30561406910419464,,3.9557666519568087,5.421383659044902,4.141141812006633,4.200474460919698
817,sports car,medium,10,525,0.26284875099857646,,4.030611850321293,5.430257797241211,4.226511557896932,4.314662019411723
817,sports car,medium,11,575,0.21910227835178375,,4.140034579313718,5.440763656909649,4.368215487553523,4.497587350698618
817,sports car,medium,12,625,0.1932010936240355,,4.243072916709241,5.454829454421997,4.497142910957336,4.745791832605998
817,sports car,medium,13,675,0.15174135049948326,,4.36715306030525,5.468100401071402,4.633267439328707,5.04953960271982
817,sports car,medium,14,725,0.0880493229875962,,4.510699811435882,5.481856028238933,4.7742018699646,5.292006770769755
817,sports car,medium,15,775,0.04953680817897503,,4.6799266037050185,5.492505110227144,4.90896672468919,5.427527831150935
817,sports car,medium,16,825,0.029914113072057564,,4.862077998973075,5.499172409375508,5.04522979259491,5.485846201578776
817,sports car,medium,17,875,0.018405302642629698,,5.025631113366766,5.502405166625977,5.177238134237436,5.505262815035307
817,sports car,medium,18,925,0.01978261535987258,,5.152627018945557,5.503907958666484,5.28620183467865,5.512311498324077
817,sports car,medium,19,975,0.0412845671750032,,5.23653534742502,5.504245061140794,5.3536685430086575,5.514632114997277
779,school bus,medium,0,25,0.6012004476327163,,3.502222458084861,5.44283808194674,3.629352642939641,3.4839563919947696
779,school bus,medium,1,75,0.575915609796842,,3.5521462854175336,5.410490711530049,3.6908677419026694,3.6613671580950418
779,school bus,medium,2,125,0.5407613103206341,,3.602391541986675,5.395989638108474,3.759946658061101,3.748994387113131
779,school bus,medium,3,175,0.4987384428580602,,3.652807171855654,5.387880404790242,3.8240705132484436,3.8205058574676514
779,school bus,medium,4,225,0.45505587412760806,,3.703040551353287,5.385230321150559,3.8869239733769345,3.8848868149977465
779,school bus,medium,5,275,0.41098497807979584,,3.7568042175400826,5.385491649309794,3.9552960793177285,3.94656511147817
779,school bus,medium,6,325,0.36816384012882525,,3.8061027520305504,5.388940407679631,4.017245274323684,4.00683252628033
779,school bus,medium,7,375,0.32006150235732395,,3.856136163785344,5.394912759462993,4.073751012484233,4.0704071919123335
779,school bus,medium,8,425,0.2776042108352368,,3.917896780338916,5.4027509322533245,4.141506525186392,4.143045498774602
779,school bus,medium,9,475,0.24241100996732712,,3.97745280641885,5.410760958989461,4.209737499554952,4.223748207092285
779,school bus,medium,10,525,0.19630990301569304,,4.04985844876085,5.420495907465617,4.293711503346761,4.3391081889470415
779,school bus,medium,11,575,0.1514938725874974,,4.141015748728763,5.43333493746244,4.401659855475793,4.524228316086989
779,school bus,medium,12,625,0.11434866736332576,,4.25086961012511,5.448606689771016,4.538839936256409,4.78472896416982
779,school bus,medium,13,675,0.07706010628205079,,4.386958295499886,5.4642510780921345,4.696457275977502,5.090593154613789
779,school bus,medium,14,725,0.05048874206840992,,4.536228943793547,5.478270967801412,4.836233735084534,5.320526997248332
779,school bus,medium,15,775,0.031408449778190024,,4.702625312647976,5.489043455857497,4.954477860377385,5.436909382159893
779,school bus,medium,16,825,0.01829248806461692,,4.886337246213641,5.495913624763489,5.075579245885213,5.486613194147746
779,school bus,medium,17,875,0.014773037427893052,,5.048679510970692,5.499243919665997,5.192740550407996,5.501772587115948
779,school bus,medium,18,925,0.02268231815348069,,5.169831711621511,5.500079115231832,5.288430412610372,5.508371472358704
779,school bus,medium,19,975,0.05393238508930573,,5.251376898734124,5.500197960780217,5.352729980762188,5.510491187755878
134,crane (bird),hard,0,25,0.5127102870207566,,3.6731233076079857,5.439318877000075,3.8597384232741137,3.618508082169753
134,crane (bird),hard,1,75,0.4843021233876546,,3.725750836588088,5.408304810523987,3.9250195821126304,3.7698296705881753
134,crane (bird),hard,2,125,0.44563772815924424,,3.7786793715351226,5.394730677971473,3.99336891907912,3.8475344547858605
134,crane (bird),hard,3,175,0.4045520946383476,,3.8266623314647448,5.388230045636495,4.049671053886414,3.908256014188131
134,crane (bird),hard,4,225,0.3643738558659187,,3.870536478338661,5.386713431431697,4.098765776707576,3.9609246253967285
134,crane (bird),hard,5,275,0.32409380624691647,,3.916118041745254,5.389335870742798,4.149805188179016,4.0146146814028425
134,crane (bird),hard,6,325,0.285309578363712,,3.96455055966482,5.394398285792424,4.207910941197322,4.072621052081768
134,crane (bird),hard,7,375,0.2498283882935842,,4.018092380393119,5.399079163869222,4.264951745669047,4.136839946111043
134,crane (bird),hard,8,425,0.21548138100367326,,4.07284046136416,5.406088865720308,4.32465413900522,4.2099199295043945
134,crane (bird),hard,9,475,0.1799599938094616,,4.143990857970148,5.414211630821228,4.4161689678827925,4.2960191170374555
134,crane (bird),hard,10,525,0.14987149834632874,,4.221709506142707,5.421920379002889,4.518500844637553,4.4047590891520185
134,crane (bird),hard,11,575,0.11452953517436981,,4.303031975423897,5.432573318481445,4.614093267000639,4.56457754281851
134,crane (bird),hard,12,625,0.08262923173606396,,4.4138708143007195,5.4451189041137695,4.7565708955128985,4.813030401865642
134,crane (bird),hard,13,675,0.06344984385829705,,4.527035432529973,5.459366725041316,4.8818104817317085,5.103846843426044
134,crane (bird),hard,14,725,0.04138163011521101,,4.656838571741468,5.4729350010554,5.0094475746154785,5.327381610870361
134,crane (bird),hard,15,775,0.023480029919972785,,4.815041394679101,5.483954246227558,5.1259475854726935,5.444957916553204
134,crane (bird),hard,16,825,0.015667408782367904,,4.984042165534837,5.49095356464386,5.222332159678142,5.491274515787761
134,crane (bird),hard,17,875,0.012541081613072982,,5.124763860152319,5.494264345902663,5.299876543191763,5.505001251514141
134,crane (bird),hard,18,925,0.019852288998663425,,5.222182512992904,5.495633641878764,5.360364039738973,5.507285277048747
134,crane (bird),hard,19,975,0.04462455714551302,,5.285386063240386,5.495717892279992,5.4032745361328125,5.508735766777625
517,crane (machine),hard,0,25,0.5321544867295486,,3.65282785139241,5.447435085590069,3.7989020897791934,3.6021491564237156
517,crane (machine),hard,1,75,0.512354165315628,,3.713299758732319,5.413802623748779,3.8764092723528543,3.7706695000330606
517,crane (machine),hard,2,125,0.483838656773934,,3.768336991359899,5.3959616881150465,3.9526187089773326,3.8539815682631273
517,crane (machine),hard,3,175,0.45003143697977066,,3.8222470414780436,5.386479496955872,4.0268847942352295,3.921665151913961
517,crane (machine),hard,4,225,0.414094477891922,,3.86905198765325,5.382707082308256,4.088576646951529,3.9820591669816237
517,crane (machine),hard,5,275,0.38028493026892346,,3.9141877815127373,5.383514126141866,4.146495183308919,4.034179608027141
517,crane (machine),hard,6,325,0.3463193476200104,,3.9595611147828156,5.38731941810021,4.203660744887132,4.081991048959585
517,crane (machine),hard,7,375,0.31116857131322223,,4.011210383403869,5.3926888306935625,4.264175375302632,4.13859220345815
517,crane (machine),hard,8,425,0.27654996514320374,,4.069538638486967,5.399509796729455,4.3342778866107645,4.204567138965313
517,crane (machine),hard,9,475,0.2483711875975132,,4.126643490578448,5.408465186754863,4.405327955881755,4.281479199727376
517,crane (machine),hard,10,525,0.21394415820638338,,4.199626103753135,5.4180000225702925,4.500389734903972,4.38634451230367
517,crane (machine),hard,11,575,0.1842577480352842,,4.2796721789208085,5.431177469400259,4.602333472325252,4.5427242792569675
517,crane (machine),hard,12,625,0.15239791572093964,,4.372188703999633,5.444574236869812,4.716993490854899,4.773179014523824
517,crane (machine),hard,13,675,0.10999359133151862,,4.485409331518215,5.458847559415377,4.839330966656025,5.066937629993145
517,crane (machine),hard,14,725,0.07867943681776524,,4.616494653125604,5.473196625709534,4.96002737681071,5.3063095808029175
517,crane (machine),hard,15,775,0.04993774684575888,,4.771634108417637,5.484784126281738,5.068215113419753,5.4366973730234
517,crane (machine),hard,16,825,0.029653158970177174,,4.94269652948493,5.49217164516449,5.172705332438151,5.49066162109375
517,crane (machine),hard,17,875,0.019978514371009972,,5.093410170995272,5.4962131426884575,5.265722788297213,5.508043435903696
517,crane (machine),hard,18,925,0.02461594824368755,,5.2005424712385455,5.49760643641154,5.335951606432597,5.513473471005757
517,crane (machine),hard,19,975,0.04735798044846608,,5.271599405414455,5.4978461632361775,5.382686064793513,5.515893606039194
762,restaurant,hard,0,25,0.5985701542634231,,3.488212569074317,5.4583814694331245,3.551040245936467,3.4555778686816874
762,restaurant,hard,1,75,0.5689271241426468,,3.535902047795909,5.428787112236023,3.6120580633481345,3.6263395150502524
762,restaurant,hard,2,125,0.5260127507723295,,3.5928478597939675,5.413733995877779,3.693348737863394,3.718425860771766
762,restaurant,hard,3,175,0.47380481163660687,,3.659245795437268,5.40521764755249,3.7833548188209534,3.8033712108929953
762,restaurant,hard,4,225,0.41699779492158157,,3.72824613569857,5.401272480304424,3.8784171434549184,3.8831615081200233
762,restaurant,hard,5,275,0.3638478567202886,,3.802767233479591,5.399879376093547,3.9758304357528687,3.954918066660563
762,restaurant,hard,6,325,0.3141257373186258,,3.8803210831605477,5.400329002967248,4.069220066070557,4.02698670900785
762,restaurant,hard,7,375,0.2668582958479722,,3.9668275266885753,5.403595685958862,4.187500476837158,4.101832270622253
762,restaurant,hard,8,425,0.21770443251499763,,4.05956853713308,5.40908435674814,4.307164632357084,4.193738533900334
762,restaurant,hard,9,475,0.17775270342826843,,4.136306753115995,5.415365815162659,4.396590391794841,4.289475679397583
762,restaurant,hard,10,525,0.14612048864364624,,4.216403613842669,5.423679192860921,4.497585813204448,4.412788828214009
762,restaurant,hard,11,575,0.11918504937336995,,4.294469706632278,5.433808473440317,4.590354332557092,4.579783366276668
762,restaurant,hard,12,625,0.0919573437422514,,4.381830346371446,5.44684370358785,4.695438782374064,4.82633117834727
762,restaurant,hard,13,675,0.060163672726887926,,4.489294098956244,5.460823609278752,4.808348398942214,5.116815053499662
762,restaurant,hard,14,725,0.03959941087911526,,4.614425117061252,5.47565754254659,4.9136481285095215,5.331028580665588
762,restaurant,hard,15,775,0.029016892783916913,,4.775880725829156,5.48768557035006,5.031597100771391,5.444509102747991
762,restaurant,hard,16,825,0.01659914238067965,,4.9540879180034,5.494898597399394,5.155287941296895,5.492510040601094
762,restaurant,hard,17,875,0.015425473881455569,,5.102834302645463,5.49845944918119,5.256929617661696,5.506954413193923
762,restaurant,hard,18,925,0.021166150458157063,,5.211027246145975,5.5001844962437945,5.332899769147237,5.510937730471293
762,restaurant,hard,19,975,0.04604772406701858,,5.280054723823463,5.501051095815805,5.380504314716045,5.512402791243333
454,bookshop,hard,0,25,0.5244647356180044,,3.5411120161905387,5.453858338869535,3.636314428769625,3.4670034371889553
454,bookshop,hard,1,75,0.49636033674081165,,3.594227803250154,5.423418005307515,3.701917072137197,3.6391998132069907
454,bookshop,hard,2,125,0.45238924943483794,,3.654441867883388,5.408696614778959,3.7890431880950928,3.731471850321843
454,bookshop,hard,3,175,0.4007557729880015,,3.7221997568295113,5.4005537033081055,3.882971386114756,3.8105392853418985
454,bookshop,hard,4,225,0.34415061198748076,,3.7967234041009634,5.396954463078425,3.9894886933840237,3.891133326750535
454,bookshop,hard,5,275,0.29090334723393124,,3.8765260896512435,5.3968931833903,4.110118309656779,3.967248102029165
454,bookshop,hard,6,325,0.2386283095066364,,3.962133459992461,5.39816192480234,4.2232890129089355,4.049060528094952
454,bookshop,hard,7,375,0.189962949603796,,4.0621563377124925,5.40008024374644,4.358221769332886,4.138793269793193
454,bookshop,hard,8,425,0.1519921846114672,,4.145425272511912,5.4057320448068475,4.464171262887808,4.225158911484939
454,bookshop,hard,9,475,0.12464789487421513,,4.230956807377793,5.4132972955703735,4.573129256566365,4.323695659637451
454,bookshop,hard,10,525,0.09816487816472848,,4.309120125359013,5.420561154683431,4.664136568705241,4.455320795377095
454,bookshop,hard,11,575,0.0715456077685723,,4.3944819287939385,5.430075462047871,4.7701064990117,4.641352800222544
454,bookshop,hard,12,625,0.05553065364559492,,4.4773094934367,5.443460623423259,4.857064445813497,4.894034663836162
454,bookshop,hard,13,675,0.03136386550389803,,4.581606054044032,5.45773458480835,4.953049513009878,5.167986136216384
454,bookshop,hard,14,725,0.018568486906588078,,4.700475241456713,5.4732223351796465,5.037772099177043,5.357771476109822
454,bookshop,hard,15,775,0.01319509966728779,,4.85229217678636,5.485910599048321,5.1296132161067085,5.455126138833853
454,bookshop,hard,16,825,0.008158414585826298,,5.018691531959035,5.494511246681213,5.225557883580525,5.495475808779399
454,bookshop,hard,17,875,0.008357551414519548,,5.155023921977032,5.499412353222187,5.305899399977464,5.507933323199932
454,bookshop,hard,18,925,0.014917541605730852,,5.2491275909401125,5.501082897186279,5.365968147913615,5.511184732119243
454,bookshop,hard,19,975,0.03758576698601246,,5.308674541148511,5.502365002265344,5.405633449554443,5.5109160129840555
624,library,hard,0,25,0.5209958003117487,,3.508338214931908,5.448467878194956,3.6073283415574293,3.470939379471999
624,library,hard,1,75,0.4943232486645381,,3.556736266329175,5.41816767056783,3.6639327804247537,3.6428086956342063
624,library,hard,2,125,0.4571013954969553,,3.6071331229183703,5.404690449054424,3.7305817970862756,3.730669094966008
624,library,hard,3,175,0.41086513300736743,,3.6681377788384757,5.397747715314229,3.812436838944753,3.80646946032842
624,library,hard,4,225,0.36169814604979295,,3.7304328604713906,5.396809101104736,3.8965533696688137,3.8735685531909647
624,library,hard,5,275,0.31364623705546063,,3.801070204802922,5.397345264752706,3.992489476998647,3.9464115500450134
624,library,hard,6,325,0.2693863201599855,,3.8824309280940463,5.400676067058857,4.1059800661527195,4.022755732903113
624,library,hard,7,375,0.22039110710223517,,3.9696837500447324,5.40427565574646,4.220275044441223,4.104228814442952
624,library,hard,8,425,0.175124113376324,,4.063599444352664,5.410318081195538,4.3334342149587775,4.200916620401236
624,library,hard,9,475,0.13846451602876186,,4.157736571416969,5.418556412061055,4.451696912447612,4.303440451622009
624,library,hard,10,525,0.10571304522454739,,4.249438058052744,5.426178375879924,4.566014210383098,4.431700428326924
624,library,hard,11,575,0.07357406759491333,,4.354430827138188,5.4361951901362495,4.699410585256723,4.618770195887639
624,library,hard,12,625,0.046318811985353626,,4.454211469207491,5.450817942619324,4.813085238138835,4.875659465789795
624,library,hard,13,675,0.02709264666415178,,4.557197688372581,5.464693546295166,4.912441327021672,5.152057757744422
624,library,hard,14,725,0.01857425256942709,,4.680396323757512,5.4781118631362915,5.008469025293986,5.352271715799968
624,library,hard,15,775,0.014118984914742984,,4.833501050760459,5.489547252655029,5.108228610112117,5.453538747934195
624,library,hard,16,825,0.010019155607248345,,5.00092565303757,5.497411330540975,5.209405899047852,5.496395111083984
624,library,hard,17,875,0.009831525958501376,,5.140086614823603,5.501628362215483,5.295041451087365,5.509869685539832
624,library,hard,18,925,0.01686066567587356,,5.235812493732998,5.503166953722636,5.356597304344177,5.512442231178284
624,library,hard,19,975,0.04196982873746982,,5.297638894437433,5.503641788776104,5.397094029646653,5.513073957883394
582,grocery store,hard,0,25,0.5415126864726727,,3.5330760053225925,5.451760328733004,3.5856177440056434,3.4994578728309045
582,grocery store,hard,1,75,0.5108224997917811,,3.5865918376616075,5.421395937601726,3.6577386061350503,3.663948714733124
582,grocery store,hard,2,125,0.46399957170853245,,3.6543338308622544,5.408207599933331,3.759203544029823,3.7565311101766734
582,grocery store,hard,3,175,0.40617477148771286,,3.7298639849537896,5.401497006416321,3.867859125137329,3.8413371245066323
582,grocery store,hard,4,225,0.3497737967050992,,3.810633539498508,5.397945477412297,3.985326491869413,3.9191847214331994
582,grocery store,hard,5,275,0.2940721834699313,,3.9001718841138335,5.397674640019734,4.120506246884664,3.993719299634298
582,grocery store,hard,6,325,0.24485758520089662,,3.987539890375767,5.400123045994685,4.234480087573711,4.0728948299701395
582,grocery store,hard,7,375,0.2017659805715084,,4.07622149267367,5.403425455093384,4.3567350308100385,4.153613527615865
582,grocery store,hard,8,425,0.1631434021087793,,4.153471790827238,5.409530566288875,4.462162714738112,4.238282203674316
582,grocery store,hard,9,475,0.13356617093086243,,4.23294819678579,5.416352033615112,4.553884347279866,4.338862140973409
582,grocery store,hard,10,525,0.10298486923178037,,4.308114184864929,5.424478093783061,4.657911896705627,4.463906526565552
582,grocery store,hard,11,575,0.07500543903846008,,4.3916824856302235,5.435572660886324,4.766919429485615,4.646431629474346
582,grocery store,hard,12,625,0.05038748153795799,,4.4805354451139765,5.448319753011067,4.874198873837789,4.89165719350179
582,grocery store,hard,13,675,0.033397434709163815,,4.580322978915749,5.461877162639912,4.966111990121695,5.166767780597393
582,grocery store,hard,14,725,0.021283672656863928,,4.709186768602757,5.4763829708099365,5.060994744300842,5.3624653816223145
582,grocery store,hard,15,775,0.012929963377805857,,4.870771090407947,5.489734062781701,5.155535954695481,5.462131500244141
582,grocery store,hard,16,825,0.008532408081615964,,5.038706309029034,5.497907916704814,5.246567130088806,5.501579125722249
582,grocery store,hard,17,875,0.010481572065215845,,5.1691714374573685,5.502176248110258,5.320152099315937,5.511582924769475
582,grocery store,hard,18,925,0.01904248322049777,,5.257747960942132,5.504040559132894,5.373299479484558,5.5134522914886475
582,grocery store,hard,19,975,0.047601230729084745,,5.313866017938969,5.504987606635461,5.409737293536846,5.513474941253662
865,toyshop,hard,0,25,0.5649346938500037,,3.566021659544536,5.443764539865347,3.6813351007608266,3.4936585976527286
865,toyshop,hard,1,75,0.532595028479894,,3.6216506869310425,5.41059164206187,3.747329533100128,3.661819120248159
865,toyshop,hard,2,125,0.4861358083211459,,3.684964954853058,5.394657721886268,3.8249787183908315,3.7538237204918494
865,toyshop,hard,3,175,0.42932695895433426,,3.757094607466742,5.38517705599467,3.922828257083893,3.838465611139933
865,toyshop,hard,4,225,0.3691454804860629,,3.832037085360223,5.380541581373948,4.0178608894348145,3.921527624130249
865,toyshop,hard,5,275,0.308024341861407,,3.918295779753299,5.378531018892924,4.1262169281641645,4.001099467277527
865,toyshop,hard,6,325,0.25254862583600557,,4.009125052572606,5.38079756956834,4.245598279512846,4.083834611452543
865,toyshop,hard,7,375,0.20783121014634767,,4.096803795368898,5.3843464851379395,4.364712039629619,4.160165707270305
865,toyshop,hard,8,425,0.16881197003217843,,4.1780862140131525,5.3907467401944675,4.477822193732629,4.2475894414461575
865,toyshop,hard,9,475,0.14005655919512114,,4.259686797502495,5.399211009343465,4.596492568651835,4.338476856549581
865,toyshop,hard,10,525,0.11108547697464626,,4.342556685209274,5.4090021053949995,4.708707372347514,4.464571237564087
865,toyshop,hard,11,575,0.08771088146246396,,4.412696378571646,5.422753554124099,4.787303851200984,4.642818927764893
865,toyshop,hard,12,625,0.06320852413773537,,4.488774960239728,5.438051819801331,4.869157155354817,4.8855496644973755
865,toyshop,hard,13,675,0.04372931902225201,,4.582942737655325,5.455166046436016,4.948463843419002,5.158421149620643
865,toyshop,hard,14,725,0.027315944122771423,,4.699705597545419,5.471298813819885,5.027995387713115,5.353358229001363
865,toyshop,hard,15,775,0.017227639587452777,,4.848541575473743,5.485134088076078,5.120514539571909,5.4541132266704855
865,toyshop,hard,16,825,0.011401699157431722,,5.007716818934395,5.494506597518921,5.215367277463277,5.494641542434692
865,toyshop,hard,17,875,0.010353915966474093,,5.1401257416704205,5.500068774590125,5.296954815204327,5.506635555854211
865,toyshop,hard,18,925,0.01712437206879258,,5.233402467909314,5.502515435218811,5.358845233917236,5.5098081429799395
865,toyshop,hard,19,975,0.039936061518696636,,5.293774282539284,5.503090124863845,5.399937996497521,5.510668094341572
973,coral reef,hard,0,25,0.5866058881466205,,3.7385469589914586,5.449845130626972,3.9953036308288574,3.593517303466797
973,coral reef,hard,1,75,0.5540042271216711,,3.801045089960098,5.421282331148784,4.08775266011556,3.742789367834727
973,coral reef,hard,2,125,0.5095548538061289,,3.873067257168529,5.4071610890902,4.1863537935110235,3.833143894488995
973,coral reef,hard,3,175,0.46185756226380664,,3.9436959042435595,5.39884340763092,4.2783626317977905,3.9102593660354614
973,coral reef,hard,4,225,0.41123833793860215,,4.018129716862689,5.394413764660175,4.3781813108004055,3.9830311078291674
973,coral reef,hard,5,275,0.3721945906678836,,4.076622250179449,5.3919111887613935,4.4566650390625,4.044632911682129
973,coral reef,hard,6,325,0.3367984753388625,,4.134912137474332,5.3925813895005446,4.533190360436072,4.104131551889273
973,coral reef,hard,7,375,0.3001772612333298,,4.193750678783371,5.393977443377177,4.608570575714111,4.16930369536082
973,coral reef,hard,8,425,0.2680813463834616,,4.247496762773492,5.3987357799823465,4.678322828733004,4.238499054541955
973,coral reef,hard,9,475,0.23730827619632086,,4.309893253658498,5.403447866439819,4.758903503417969,4.32592511177063
973,coral reef,hard,10,525,0.20700601860880852,,4.368839233758903,5.410606066385905,4.834871371587117,4.434031168619792
973,coral reef,hard,11,575,0.18108508105461413,,4.4253107751463805,5.419581266549917,4.897762922140268,4.5914925428537225
973,coral reef,hard,12,625,0.1498751863837242,,4.499555470333212,5.431251446406047,4.9760435819625854,4.830058137575786
973,coral reef,hard,13,675,0.12278510343569976,,4.587596818313494,5.445073274465708,5.04633353306697,5.112588075491098
973,coral reef,hard,14,725,0.09225569354991119,,4.6998609545685,5.459415634473165,5.115621129671733,5.331971724828084
973,coral reef,hard,15,775,0.061127936897369534,,4.846978101756546,5.47261120722844,5.194898972144494,5.446435011350191
973,coral reef,hard,16,825,0.030274944379925728,,5.008168546926408,5.480624318122864,5.279520352681478,5.492802659670512
973,coral reef,hard,17,875,0.0181078092696575,,5.137708253912873,5.486024416410006,5.346468338599572,5.5063078586871805
973,coral reef,hard,18,925,0.024557022998730343,,5.2287734264419194,5.488813241322835,5.3971690734227495,5.5090779066085815
973,coral reef,hard,19,975,0.05612647447448511,,5.2870429911456265,5.489212879767785,5.430319896111121,5.509901486910307
974,geyser,hard,0,25,0.5681671821154081,,3.6425879286540734,5.445878395667443,3.8629010640657864,3.5816284876603346
974,geyser,hard,1,75,0.5428530524174372,,3.7082463091328033,5.414608558019002,3.9383185704549155,3.745440443356832
974,geyser,hard,2,125,0.5127272514196543,,3.7679303331034526,5.399776238661546,4.0139315861922045,3.8354422129117527
974,geyser,hard,3,175,0.48005158950885135,,3.8203849881177856,5.391806085904439,4.076314449310303,3.9032205939292908
974,geyser,hard,4,225,0.4503839359833644,,3.8662794972514054,5.390351808988131,4.129605990189773,3.963528247979971
974,geyser,hard,5,275,0.42173895488182706,,3.9086841614473435,5.393280704816182,4.1739269097646075,4.019782304763794
974,geyser,hard,6,325,0.3949558161772214,,3.949437692270174,5.397394143618071,4.220718713907095,4.0763624264643745
974,geyser,hard,7,375,0.371150570611159,,3.988951833475204,5.4032301505406695,4.265025893847148,4.129707137743632
974,geyser,hard,8,425,0.348165369950808,,4.029185840716729,5.4118529833280125,4.307774910560021,4.186980100778433
974,geyser,hard,9,475,0.3176124220093091,,4.08473563158796,5.420870065689087,4.372529824574788,4.261845032374064
974,geyser,hard,10,525,0.28786369909842807,,4.140734211319969,5.429796655972798,4.436982035636902,4.3577721118927
974,geyser,hard,11,575,0.2487676327045147,,4.208772064237803,5.439899297860952,4.517435147212102,4.50182555272029
974,geyser,hard,12,625,0.20921867961684862,,4.2890294321945746,5.453016360600789,4.607028762499492,4.710119088490804
974,geyser,hard,13,675,0.1540533693937155,,4.3964602426513215,5.465133043435904,4.715734188373272,4.995075739347017
974,geyser,hard,14,725,0.10177781991660595,,4.527235671168282,5.477424263954163,4.827134728431702,5.247035940488179
974,geyser,hard,15,775,0.05881974846124649,,4.688301370039091,5.4877053040724535,4.9496229611910305,5.399732002845178
974,geyser,hard,16,825,0.03524959615121285,,4.87245622135344,5.494057496388753,5.080518205960591,5.468348463376363
974,geyser,hard,17,875,0.024990582838654518,,5.038500703298128,5.49792506144597,5.198408897106464,5.491511895106389
974,geyser,hard,18,925,0.026968563441187143,,5.160464445749918,5.498939514160156,5.291798949241638,5.4974615176518755
974,geyser,hard,19,975,0.05362549366859289,,5.24051743549305,5.498997064737173,5.352119079002967,5.499494332533616
975,lakeside,hard,0,25,0.5787078142166138,,3.6590064780397733,5.435993928175706,3.8770215878119836,3.5947269843174863
975,lakeside,hard,1,75,0.5534240156412125,,3.7190295472031547,5.403306762377421,3.952255427837372,3.764109969139099
975,lakeside,hard,2,125,0.5194954734582168,,3.778864702680608,5.387630646045391,4.0288825035095215,3.854653156720675
975,lakeside,hard,3,175,0.48323002954324085,,3.837662409104052,5.379319508870442,4.105409264564514,3.929298222064972
975,lakeside,hard,4,225,0.44381535740999073,,3.890988181580554,5.377106813284067,4.175191035637488,3.994903509433453
975,lakeside,hard,5,275,0.40911126881837845,,3.9394584624540236,5.378638704617818,4.2382592757542925,4.052072048187256
975,lakeside,hard,6,325,0.3798888990512261,,3.9841485364096503,5.382230942065899,4.296070208916297,4.105375730074369
975,lakeside,hard,7,375,0.35228099177281064,,4.024956755340099,5.386883656183879,4.33794629573822,4.158518552780151
975,lakeside,hard,8,425,0.3252853819957146,,4.0734289203371326,5.3943245227520285,4.3925353563748875,4.217449591710017
975,lakeside,hard,9,475,0.3054637511571248,,4.124204623202483,5.403374354044597,4.4515083233515425,4.288177410761516
975,lakeside,hard,10,525,0.2775698925058047,,4.184762915685064,5.412311355272929,4.516771038373311,4.384635845820109
975,lakeside,hard,11,575,0.23554259538650513,,4.254110902220338,5.423954010009766,4.594463678506704,4.526543140411377
975,lakeside,hard,12,625,0.19608399271965027,,4.334507209914071,5.43662961324056,4.675208806991577,4.745659828186035
975,lakeside,hard,13,675,0.13782106454555804,,4.441419504173509,5.451479178208571,4.77430090537438,5.0373723690326395
975,lakeside,hard,14,725,0.08529354818165302,,4.567901593588647,5.466463565826416,4.879685441652934,5.288175066312154
975,lakeside,hard,15,775,0.05172409289158308,,4.7262489310987705,5.47824214054988,5.001830027653621,5.4266557326683635
975,lakeside,hard,16,825,0.02778882548833887,,4.906459329383714,5.486548900604248,5.128761529922485,5.485254764556885
975,lakeside,hard,17,875,0.016786556547650926,,5.064410410739564,5.490954252389761,5.2333313868596,5.505207868722769
975,lakeside,hard,18,925,0.020766117454816897,,5.175955704280308,5.492795904477437,5.309428771336873,5.510790308316548
975,lakeside,hard,19,975,0.04483470721886708,,5.251069389856779,5.494190546182486,5.360731418316181,5.511987062600943
979,valley,hard,0,25,0.5034648661430066,,3.640918265004735,5.432396228496845,3.8373598135434666,3.5759700261629543
979,valley,hard,1,75,0.47572028140227,,3.702177104141031,5.400703390439351,3.9255401889483132,3.744356095790863
979,valley,hard,2,125,0.4381217291721931,,3.765107362152456,5.387626647949219,4.017610990084135,3.8305599872882548
979,valley,hard,3,175,0.3964064692457517,,3.8291209691337174,5.382559617360433,4.104918479919434,3.903204103310903
979,valley,hard,4,225,0.35653283962836635,,3.894284493975587,5.382715298579289,4.190474693591778,3.969112891417283
979,valley,hard,5,275,0.3181537340084712,,3.9516858430135815,5.386474688847859,4.266942739486694,4.026202042897542
979,valley,hard,6,325,0.2855492325929495,,4.012148544028565,5.390424104837271,4.3466895543611965,4.083799362182617
979,valley,hard,7,375,0.2589495927095413,,4.067263256226267,5.394960006078084,4.4152616659800215,4.140139102935791
979,valley,hard,8,425,0.23072526661249307,,4.130672894991362,5.401701266948994,4.494663898761456,4.203328352708083
979,valley,hard,9,475,0.20209637160102525,,4.185199603438378,5.4108216762542725,4.558168649673462,4.276690363883972
979,valley,hard,10,525,0.17800142243504524,,4.235414631309964,5.418745199839274,4.608261386553447,4.368628263473511
979,valley,hard,11,575,0.15108416286798623,,4.296764625952794,5.429223610804631,4.676098420069768,4.517063874464768
979,valley,hard,12,625,0.1253360981742541,,4.372464075684547,5.4415256182352705,4.754618247350057,4.744693319002788
979,valley,hard,13,675,0.09566338646870393,,4.463042809085532,5.455974065340483,4.833140116471511,5.0292570774371805
979,valley,hard,14,725,0.0670279311016202,,4.5806408914781755,5.469353755315145,4.921404123306274,5.26898467540741
979,valley,hard,15,775,0.034208971004073434,,4.742689158235278,5.481111783247727,5.033890687502348,5.414838974292461
979,valley,hard,16,825,0.018285136747484405,,4.9170906735318045,5.48847754796346,5.142911156018575,5.4772084554036455
979,valley,hard,17,875,0.015335336040992003,,5.066250007231156,5.492656230926514,5.237206642444317,5.495538858266977
979,valley,hard,18,925,0.017958542021612327,,5.177431230034147,5.493984738985698,5.316899498303731,5.50035039583842
979,valley,hard,19,975,0.03481249869442903,,5.252012348437048,5.493740558624268,5.371838092803955,5.503395227285532
980,volcano,hard,0,25,0.6331269236711355,,3.645787968740358,5.436142481290377,3.8742967568911038,3.5786676223461447
980,volcano,hard,1,75,0.6078266551097234,,3.7158753616469244,5.403687079747518,3.9731979370117188,3.7482858498891196
980,volcano,hard,2,125,0.5761675330308768,,3.778733287211302,5.387280867649959,4.06417204783513,3.8388544596158543
980,volcano,hard,3,175,0.5415992736816406,,3.837446616873855,5.376648783683777,4.140210747718811,3.9115531841913858
980,volcano,hard,4,225,0.5121534718916967,,3.888167793279165,5.373149981865516,4.203646183013916,3.9714407737438497
980,volcano,hard,5,275,0.48143580307563144,,3.9368087067490536,5.372348268826802,4.266137321790059,4.0251461664835615
980,volcano,hard,6,325,0.45367271854327273,,3.9796077173489786,5.375861021188589,4.3185500731835,4.078970102163462
980,volcano,hard,7,375,0.4233993887901306,,4.026810420056185,5.381747881571452,4.375447948773702,4.136212944984436
980,volcano,hard,8,425,0.40349952761943525,,4.069584930336083,5.389898226811336,4.423718195695144,4.19544425377479
980,volcano,hard,9,475,0.3766267349322637,,4.120046382858639,5.402526378631592,4.4763113260269165,4.266471783320109
980,volcano,hard,10,525,0.34707962969938916,,4.1777246527019,5.412611683209737,4.540039261182149,4.363325198491414
980,volcano,hard,11,575,0.31001203793745774,,4.242880471132613,5.42586612701416,4.614038100609412,4.510487703176645
980,volcano,hard,12,625,0.2709168717265129,,4.316327032588777,5.441688895225525,4.686989267667134,4.72644567489624
980,volcano,hard,13,675,0.2176551750073066,,4.414707004696458,5.458717492910532,4.786277991074782,5.00551777619582
980,volcano,hard,14,725,0.17051900799075762,,4.536188555615289,5.473280111948649,4.887151598930359,5.253930290540059
980,volcano,hard,15,775,0.10480352319203891,,4.688266585816393,5.485132547525259,4.996289583352896,5.404323357802171
980,volcano,hard,16,825,0.061998601692418255,,4.856192188603537,5.492630163828532,5.0990854899088545,5.471504648526509
980,volcano,hard,17,875,0.039808507005755715,,5.02131816122558,5.496806328113262,5.207443750821627,5.494757652282715
980,volcano,hard,18,925,0.03172316231454412,,5.147129974904515,5.498842000961304,5.2975354592005415,5.502256353696187
980,volcano,hard,19,975,0.05142228677868843,,5.229986158046094,5.498953452477088,5.356795494373028,5.504804281088022
972,cliff,hard,0,25,0.5394071203011733,,3.670010845084766,5.431119368626521,3.885294639147245,3.5882560473222
972,cliff,hard,1,75,0.5100842515627543,,3.734518808268366,5.398200790087382,3.971244295438131,3.7586638927459717
972,cliff,hard,2,125,0.4703289820597722,,3.7999021525566388,5.383852005004883,4.064004604633038,3.845648160347572
972,cliff,hard,3,175,0.4272058332959811,,3.8673145760382917,5.375814278920491,4.156058152516683,3.9196622172991433
972,cliff,hard,4,225,0.383733311524758,,3.9305479018897804,5.374033524439885,4.239889034858117,3.988505033346323
972,cliff,hard,5,275,0.3448501055439313,,3.986203767359257,5.37647545337677,4.308583696683248,4.050581415494283
972,cliff,hard,6,325,0.3091008938275851,,4.043931777333165,5.380698827596811,4.375540109781118,4.111841935377854
972,cliff,hard,7,375,0.2761606549223264,,4.092346710818155,5.38730804125468,4.434623082478841,4.1713253657023115
972,cliff,hard,8,425,0.24164348382216233,,4.155650789593603,5.395579704871545,4.514828388507549,4.243959280160757
972,cliff,hard,9,475,0.213256244858106,,4.208198404028302,5.404163320859273,4.578523953755696,4.324822187423706
972,cliff,hard,10,525,0.18582570801178613,,4.2657403612420675,5.411913116772969,4.644453247388204,4.428773721059163
972,cliff,hard,11,575,0.1509564335529621,,4.335303753286928,5.425322422614465,4.725354781517615,4.5912173711336575
972,cliff,hard,12,625,0.12136087752878666,,4.415843503815787,5.440136591593425,4.809163649876912,4.824070016543071
972,cliff,hard,13,675,0.09579913604717988,,4.510762723592611,5.455034989577073,4.896684206449068,5.10295163668119
972,cliff,hard,14,725,0.05938184851159652,,4.63035168108486,5.4699292580286665,4.996591567993164,5.322065114974976
972,cliff,hard,15,775,0.044549793004989624,,4.7711035917093465,5.482932310837966,5.091114264268142,5.437840425051176
972,cliff,hard,16,825,0.02986392347762982,,4.935288165296827,5.491159439086914,5.189798831939697,5.488057613372803
972,cliff,hard,17,875,0.021111384893839177,,5.084077129652211,5.495464068192702,5.27657178732065,5.50437670487624
972,cliff,hard,18,925,0.0259155691601336,,5.190480066906838,5.497696836789449,5.341830611228943,5.508739153544108
972,cliff,hard,19,975,0.055233498032276444,,5.261677666024847,5.498350950387808,5.387459204747127,5.5100830151484566
978,seashore,hard,0,25,0.5598267362667964,,3.603905137096133,5.443830196674053,3.825137505164513,3.556346214734591
978,seashore,hard,1,75,0.5363575170437495,,3.6687135146487324,5.413696964581807,3.9039114713668823,3.737962285677592
978,seashore,hard,2,125,0.5064670443534851,,3.724765183833929,5.400193911332351,3.977678555708665,3.8284072875976562
978,seashore,hard,3,175,0.4735054199894269,,3.781887487996192,5.3936283985773725,4.054093440373738,3.903315802415212
978,seashore,hard,4,225,0.44150384343587434,,3.8341853972319715,5.391925628368671,4.120253819685716,3.9668711515573354
978,seashore,hard,5,275,0.40658674637476605,,3.8841217238278607,5.393152594566345,4.180282632509868,4.024143258730571
978,seashore,hard,6,325,0.37096707408244795,,3.9343022271827026,5.397715165064885,4.241714770977314,4.082120968745305
978,seashore,hard,7,375,0.33834076921145123,,3.9849157244676636,5.402233958244324,4.3039184014002485,4.140936255455017
978,seashore,hard,8,425,0.31182600672428423,,4.0324782607974585,5.409458087040828,4.363918891319861,4.20193965618427
978,seashore,hard,9,475,0.2759200930595398,,4.087543303058261,5.417682409286499,4.42721954981486,4.274174849192302
978,seashore,hard,10,525,0.2346175288160642,,4.1447987506786985,5.426008979479472,4.489545385042827,4.364659110705058
978,seashore,hard,11,575,0.19198482655561888,,4.222026742749161,5.435556081625132,4.564704124744122,4.516837816971999
978,seashore,hard,12,625,0.16284939646720886,,4.309105213199343,5.447253346443176,4.653683503468831,4.745484828948975
978,seashore,hard,13,675,0.1188577745969479,,4.415143273033939,5.459455270033616,4.7505998244652385,5.0402398109436035
978,seashore,hard,14,725,0.08604918979108334,,4.540530077758289,5.471923112869263,4.855252265930176,5.287744402885437
978,seashore,hard,15,775,0.04964392317029146,,4.7013711261225275,5.48228748028095,4.980085079486553,5.425649239466741
978,seashore,hard,16,825,0.03171098961805304,,4.883102999556631,5.489160935084025,5.109826286633809,5.485531767209371
978,seashore,hard,17,875,0.021608248066443663,,5.048387421356453,5.492286315331092,5.225130447974572,5.505327848287729
978,seashore,hard,18,925,0.021137520981331665,,5.1696858029989965,5.493638753890991,5.312079509099324,5.51090395450592
978,seashore,hard,19,975,0.04326686134132055,,5.248860002874017,5.493439344259409,5.367516554318941,5.511857106135442
933,cheeseburger,hard,0,25,0.5469639255450323,,3.554592151235748,5.4470253724318285,3.7537432267115665,3.529429472409762
933,cheeseburger,hard,1,75,0.518262172738711,,3.60970019832963,5.415109117825826,3.8300499518712363,3.6950395901997886
933,cheeseburger,hard,2,125,0.4803731647821573,,3.6678035730844014,5.398658752441406,3.909768581390381,3.7798871994018555
933,cheeseburger,hard,3,175,0.43789655963579815,,3.7229745189348855,5.388982931772868,3.9802542328834534,3.8485531012217202
933,cheeseburger,hard,4,225,0.39607267196361834,,3.777705249550578,5.384796876173753,4.055260034707876,3.9123939917637753
933,cheeseburger,hard,5,275,0.3589000925421715,,3.8316982040802636,5.383886893590291,4.124812404314677,3.970564683278402
933,cheeseburger,hard,6,325,0.3210165248467372,,3.8886603356062706,5.385902331425593,4.1979247606717625,4.033711213331956
933,cheeseburger,hard,7,375,0.28693700581789017,,3.9420259697806266,5.388134837150574,4.260696729024251,4.100095470746358
933,cheeseburger,hard,8,425,0.2549422486470296,,3.997329746628856,5.393794463231013,4.325392246246338,4.167157503274771
933,cheeseburger,hard,9,475,0.2202338601152102,,4.062869451230481,5.401520212491353,4.411906878153483,4.253986716270447
933,cheeseburger,hard,10,525,0.19047565634051958,,4.1301454323388285,5.4088244040807085,4.491757750511169,4.368687550226848
933,cheeseburger,hard,11,575,0.15941336750984192,,4.210662237890474,5.4199042320251465,4.57616637303279,4.53953324831449
933,cheeseburger,hard,12,625,0.12908520797888437,,4.301522870858511,5.434447606404622,4.676097512245178,4.779587904612224
933,cheeseburger,hard,13,675,0.09408519531671818,,4.403358057632551,5.450781858884371,4.771297931671143,5.072579824007475
933,cheeseburger,hard,14,725,0.05805877254654964,,4.533986572708402,5.465734362602234,4.8723781903584795,5.308073878288269
933,cheeseburger,hard,15,775,0.03372616392488663,,4.703909593624072,5.478266275846041,4.987030579493596,5.43510026198167
933,cheeseburger,hard,16,825,0.018615905738746125,,4.895709706913858,5.487026174863179,5.117373784383138,5.487777272860209
933,cheeseburger,hard,17,875,0.013672598064518891,,5.065792290719002,5.491805223318247,5.239445136143611,5.504257642305815
933,cheeseburger,hard,18,925,0.02014817437157035,,5.192757436916941,5.4941820700963335,5.336787104606628,5.5098888874053955
933,cheeseburger,hard,19,975,0.04492322183572329,,5.271327063277527,5.49564159833468,5.3983905132000265,5.5117292037376995
963,pizza,hard,0,25,0.5130500564208398,,3.6594093157039898,5.434676793905405,3.7895693962390604,3.607085503064669
963,pizza,hard,1,75,0.4827929461995761,,3.7043698451348717,5.399545788764954,3.842495779196421,3.761422415574392
963,pizza,hard,2,125,0.44095691580038804,,3.7531216639083826,5.38365884927603,3.8984468350043664,3.8466602105360765
963,pizza,hard,3,175,0.3934506227572759,,3.8054385547127048,5.375810305277507,3.9600504835446677,3.9192143281300864
963,pizza,hard,4,225,0.35003036719102126,,3.849480814003682,5.372191649216872,4.018583994645339,3.984455567139846
963,pizza,hard,5,275,0.30574457595745724,,3.8984989481312895,5.370944102605184,4.077564239501953,4.047149618466695
963,pizza,hard,6,325,0.2641755537344859,,3.949568386588778,5.37199669617873,4.141589054694543,4.108212544367864
963,pizza,hard,7,375,0.2293593188126882,,3.9987319257287752,5.375737150510152,4.208205223083496,4.168410897254944
963,pizza,hard,8,425,0.1971312279884632,,4.050933027005457,5.383466793940618,4.27001876097459,4.237630403958834
963,pizza,hard,9,475,0.16625589380661646,,4.113262380162875,5.393087029457092,4.3431806564331055,4.3226988315582275
963,pizza,hard,10,525,0.14067669585347176,,4.1773243730976475,5.402850826581319,4.426108042399089,4.423503319422404
963,pizza,hard,11,575,0.11361080751969264,,4.246749856642315,5.415828264676607,4.510187405806321,4.579909581404466
963,pizza,hard,12,625,0.0925266332924366,,4.338864481520084,5.432623624801636,4.619687398274739,4.8066147565841675
963,pizza,hard,13,675,0.0782013197357838,,4.446973834391478,5.449604364541861,4.738316389230581,5.079529542189378
963,pizza,hard,14,725,0.04854038388778766,,4.575316682812713,5.467777768770854,4.854758103688558,5.309331814448039
963,pizza,hard,15,775,0.026882965834094927,,4.740105913890586,5.4822959166306715,4.982580258296086,5.436707093165471
963,pizza,hard,16,825,0.01685171395850678,,4.925808012485504,5.491347551345825,5.112974643707275,5.48838738600413
963,pizza,hard,17,875,0.013680069349133052,,5.08551118858568,5.496324135706975,5.228734529935396,5.505413128779485
963,pizza,hard,18,925,0.019023108451316755,,5.204850886549268,5.498209198315938,5.328232566515605,5.510044614473979
963,pizza,hard,19,975,0.04086917309233776,,5.2804172196231045,5.499201811276949,5.391957393059363,5.511716622572679
