clip_pair_cosdist,clip_var,dino_pair_cosdist,dino_var,lpips_pair,latent_mse_pair,pixel_mse_pair,clip_dist_to_ref,dino_dist_to_ref,lpips_to_ref,class_id,mode,k,noise_type,t_frac,t_idx,start_idx
0.04402513429522514,0.038468942046165466,0.08556006103754044,0.07486352324485779,0.27001431584358215,0.3279002904891968,0.02699715830385685,0.10305245965719223,0.13549304008483887,0.5674583911895752,29,perturb,1,gaussian,0.3,174,175
0.05073031038045883,0.044428177177906036,0.08752384036779404,0.07658961415290833,0.33063989877700806,0.4474235773086548,0.039140958338975906,0.10372540354728699,0.13920798897743225,0.568496823310852,29,perturb,2,gaussian,0.3,174,176
0.07011429965496063,0.06144335865974426,0.1436673104763031,0.12570498883724213,0.42484739422798157,0.5747681856155396,0.05298049747943878,0.11232001334428787,0.15609657764434814,0.5835585594177246,29,perturb,3,gaussian,0.3,174,177
0.07659702748060226,0.06710295379161835,0.15211743116378784,0.13309797644615173,0.45542052388191223,0.6419368982315063,0.05873638391494751,0.12018967419862747,0.17128631472587585,0.5901143550872803,29,perturb,4,gaussian,0.3,174,178
0.07917316257953644,0.0692547857761383,0.14906662702560425,0.13042756915092468,0.455792099237442,0.6594957113265991,0.06010102480649948,0.12572066485881805,0.17097210884094238,0.5837583541870117,29,perturb,5,gaussian,0.3,174,179
0.0796615406870842,0.06961878389120102,0.1806066334247589,0.158031165599823,0.5021315217018127,0.7358810901641846,0.06545396149158478,0.11710134148597717,0.19547134637832642,0.6033984422683716,29,perturb,7,gaussian,0.3,174,181
0.06891759485006332,0.060377247631549835,0.1750832200050354,0.153193861246109,0.5144250392913818,0.7964369654655457,0.07318505644798279,0.10565334558486938,0.18943050503730774,0.6225353479385376,29,perturb,10,gaussian,0.3,174,184
0.0959019586443901,0.08398357778787613,0.1758384257555008,0.1538693904876709,0.5051378607749939,0.7609354257583618,0.07479552179574966,0.12470651417970657,0.21465834975242615,0.6301823258399963,29,perturb,15,gaussian,0.3,174,189
0.10358943790197372,0.09079445153474808,0.19510450959205627,0.17071332037448883,0.5414061546325684,0.8330096006393433,0.08539839833974838,0.1250017285346985,0.22591441869735718,0.6520596742630005,29,perturb,20,gaussian,0.3,174,194
0.0513169951736927,0.044875986874103546,0.0953858271241188,0.08346185833215714,0.4069541096687317,0.5816113352775574,0.061121027916669846,0.1304847002029419,0.27455252408981323,0.6513572335243225,29,perturb,30,gaussian,0.3,174,204
0.04616350308060646,0.04036150127649307,0.0380357950925827,0.033278703689575195,0.17238648235797882,0.17570751905441284,0.014418475329875946,0.10130269080400467,0.07830767333507538,0.34463056921958923,29,perturb,1,gaussian,0.5,124,125
0.0588374137878418,0.05138513073325157,0.03868590295314789,0.033862292766571045,0.208596333861351,0.23032566905021667,0.019351165741682053,0.10425557941198349,0.07364463061094284,0.34730765223503113,29,perturb,2,gaussian,0.5,124,126
0.055526409298181534,0.048560723662376404,0.042757365852594376,0.03740508854389191,0.2347051352262497,0.2629987895488739,0.02294502593576908,0.10133697837591171,0.07168664783239365,0.35269564390182495,29,perturb,3,gaussian,0.5,124,127
0.058327216655015945,0.0510394386947155,0.04606347531080246,0.040310297161340714,0.24878008663654327,0.28810617327690125,0.02461298368871212,0.10118336975574493,0.07396195083856583,0.35563886165618896,29,perturb,4,gaussian,0.5,124,128
0.06201201677322388,0.05430353432893753,0.0465724915266037,0.04074190557003021,0.2671622931957245,0.313249796628952,0.02674160525202751,0.09611189365386963,0.07267580181360245,0.3582704961299896,29,perturb,5,gaussian,0.5,124,129
0.06632964313030243,0.05806322768330574,0.054319851100444794,0.047527946531772614,0.2828529477119446,0.3578231930732727,0.03120478428900242,0.0947476476430893,0.07732805609703064,0.3659593164920807,29,perturb,7,gaussian,0.5,124,131
0.06399553269147873,0.05605373531579971,0.04620860889554024,0.04042588174343109,0.3124363124370575,0.406681090593338,0.03619058057665825,0.10678396373987198,0.07506822794675827,0.37987491488456726,29,perturb,10,gaussian,0.5,124,134
0.0703621357679367,0.061568621546030045,0.0598781518638134,0.052400048822164536,0.37847548723220825,0.49988508224487305,0.04509223625063896,0.10902362316846848,0.08578517287969589,0.4244610071182251,29,perturb,15,gaussian,0.5,124,139
0.06800638884305954,0.05944620445370674,0.06808842718601227,0.05957472324371338,0.38106659054756165,0.5081727504730225,0.044428445398807526,0.10495597869157791,0.09328420460224152,0.44311755895614624,29,perturb,20,gaussian,0.5,124,144
0.06442781537771225,0.05626460537314415,0.08839519321918488,0.07733549922704697,0.4442521333694458,0.6735249161720276,0.06107083708047867,0.10018911212682724,0.09903894364833832,0.48922204971313477,29,perturb,30,gaussian,0.5,124,154
0.018983228132128716,0.016579188406467438,0.008526434190571308,0.007458772510290146,0.03761950135231018,0.027058565989136696,0.0020414094906300306,0.05099288374185562,0.04375360161066055,0.19117403030395508,29,perturb,1,gaussian,0.7,75,76
0.025401080027222633,0.022149313241243362,0.012262117117643356,0.010735156014561653,0.053714681416749954,0.04223574325442314,0.0032416232861578465,0.05263129621744156,0.045054443180561066,0.19548189640045166,29,perturb,2,gaussian,0.7,75,77
0.027278028428554535,0.023841556161642075,0.01449835766106844,0.012676706537604332,0.06678713858127594,0.05498839542269707,0.0042117019183933735,0.05243629962205887,0.04457760602235794,0.19890189170837402,29,perturb,3,gaussian,0.7,75,78
0.03096478246152401,0.027050435543060303,0.016649669036269188,0.014573145657777786,0.07959368824958801,0.06936752796173096,0.00520003866404295,0.05240899324417114,0.044910915195941925,0.2018490880727768,29,perturb,4,gaussian,0.7,75,79
0.032757606357336044,0.028708551079034805,0.017566485330462456,0.01537194661796093,0.08954506367444992,0.08219465613365173,0.0060364180244505405,0.05321187525987625,0.04516139626502991,0.2032822221517563,29,perturb,5,gaussian,0.7,75,80
0.04679504781961441,0.04098672792315483,0.02260407619178295,0.019775303080677986,0.11203672736883163,0.1107618510723114,0.007966450415551662,0.056239865720272064,0.046902135014534,0.20996147394180298,29,perturb,7,gaussian,0.7,75,82
0.059896841645240784,0.05252835154533386,0.024638468399643898,0.02155575528740883,0.13554853200912476,0.14457587897777557,0.010219892486929893,0.0633896067738533,0.049424558877944946,0.2179993987083435,29,perturb,10,gaussian,0.7,75,85
0.05374938249588013,0.04696549475193024,0.03259861841797829,0.02851099893450737,0.16368594765663147,0.18564464151859283,0.013345489278435707,0.06544258445501328,0.055941447615623474,0.23544664680957794,29,perturb,15,gaussian,0.7,75,90
0.05623294785618782,0.04927215725183487,0.03748510405421257,0.03279542922973633,0.18026535212993622,0.22485725581645966,0.01622677408158779,0.06829240173101425,0.05429946631193161,0.24462884664535522,29,perturb,20,gaussian,0.7,75,95
0.07159097492694855,0.06270482391119003,0.044091884046792984,0.038574300706386566,0.225424125790596,0.3037441372871399,0.022845186293125153,0.07203009724617004,0.05718743056058884,0.2693749666213989,29,perturb,30,gaussian,0.7,75,105
0.020523887127637863,0.01798727735877037,0.02688951976597309,0.023531481623649597,0.1809045672416687,0.2479105144739151,0.024698840454220772,0.12395954132080078,0.0909002274274826,0.7255325317382812,63,perturb,1,gaussian,0.3,174,175
0.05829454958438873,0.05104755237698555,0.07009671628475189,0.06133203208446503,0.2910296618938446,0.4326404929161072,0.04088515788316727,0.12906238436698914,0.10444149374961853,0.7240666151046753,63,perturb,2,gaussian,0.3,174,176
0.053682584315538406,0.04687844589352608,0.10983137786388397,0.09609982371330261,0.3382333517074585,0.5112602114677429,0.048477653414011,0.12999311089515686,0.11527711153030396,0.7185494899749756,63,perturb,3,gaussian,0.3,174,177
0.06784199178218842,0.05939088016748428,0.09813518822193146,0.0858583003282547,0.37128880620002747,0.5656439065933228,0.05491149425506592,0.12557142972946167,0.11002855747938156,0.7126916646957397,63,perturb,4,gaussian,0.3,174,178
0.07450082898139954,0.06516951322555542,0.11881443858146667,0.10396195948123932,0.40174439549446106,0.6129827499389648,0.05836663395166397,0.12245668470859528,0.11612784117460251,0.7098945379257202,63,perturb,5,gaussian,0.3,174,179
0.08013440668582916,0.07013918459415436,0.11297646164894104,0.098838210105896,0.40565207600593567,0.6364305019378662,0.06193305179476738,0.12667278945446014,0.11340724676847458,0.7089364528656006,63,perturb,7,gaussian,0.3,174,181
0.07648556679487228,0.06681817770004272,0.14985279738903046,0.13110169768333435,0.4631516933441162,0.7334890961647034,0.07242109626531601,0.11945029348134995,0.12908586859703064,0.7101633548736572,63,perturb,10,gaussian,0.3,174,184
0.0900106355547905,0.07872822880744934,0.13502421975135803,0.11813238263130188,0.48433393239974976,0.8030827641487122,0.07806757092475891,0.125079944729805,0.11590109020471573,0.716549277305603,63,perturb,15,gaussian,0.3,174,189
0.07499708980321884,0.06568054109811783,0.11882174015045166,0.10396810621023178,0.4412294328212738,0.7781738638877869,0.07186247408390045,0.12710818648338318,0.1081744134426117,0.716736376285553,63,perturb,20,gaussian,0.3,174,194
0.10367625206708908,0.09065669775009155,0.14558833837509155,0.12738312780857086,0.5516163110733032,0.8077126741409302,0.07305695116519928,0.13247084617614746,0.10565683245658875,0.7243993282318115,63,perturb,30,gaussian,0.3,174,204
0.07401837408542633,0.0647532120347023,0.057532329112291336,0.050353921949863434,0.18972374498844147,0.22638073563575745,0.025858597829937935,0.1372247189283371,0.11696082353591919,0.42041000723838806,63,perturb,1,gaussian,0.5,124,125
0.07982628047466278,0.06980259716510773,0.07621347159147263,0.06668926030397415,0.23632323741912842,0.2798967957496643,0.030956469476222992,0.130869060754776,0.12609121203422546,0.4443778991699219,63,perturb,2,gaussian,0.5,124,126
0.08586046099662781,0.07505886256694794,0.08024629205465317,0.07021670043468475,0.2526492774486542,0.3002775311470032,0.032844286412000656,0.13895133137702942,0.1287585198879242,0.45030874013900757,63,perturb,3,gaussian,0.5,124,127
0.09845878183841705,0.08604000508785248,0.06975236535072327,0.06101537495851517,0.2751321792602539,0.33661380410194397,0.03632732853293419,0.14803317189216614,0.12033171206712723,0.4583654999732971,63,perturb,4,gaussian,0.5,124,128
0.10523770749568939,0.09214600920677185,0.0767635852098465,0.0671594962477684,0.3225442171096802,0.441358357667923,0.050149258226156235,0.14045298099517822,0.11754811555147171,0.46571651101112366,63,perturb,5,gaussian,0.5,124,129
0.1122519001364708,0.09822546690702438,0.09475993365049362,0.08291622251272202,0.3502950072288513,0.48914799094200134,0.0558689683675766,0.1509225219488144,0.12697649002075195,0.47814810276031494,63,perturb,7,gaussian,0.5,124,131
0.10489536076784134,0.0918651595711708,0.08261493593454361,0.0722842812538147,0.36525779962539673,0.5526632070541382,0.06430165469646454,0.1300826519727707,0.1137138307094574,0.4880847632884979,63,perturb,10,gaussian,0.5,124,134
0.10677341371774673,0.09332005679607391,0.11108499765396118,0.09720084071159363,0.41052061319351196,0.6146999597549438,0.07462248206138611,0.11809396743774414,0.11224430054426193,0.50792396068573,63,perturb,15,gaussian,0.5,124,139
0.17137043178081512,0.1499050110578537,0.1375385820865631,0.12034693360328674,0.44995683431625366,0.707135796546936,0.08896362036466599,0.1489819884300232,0.11816521733999252,0.5286725163459778,63,perturb,20,gaussian,0.5,124,144
0.17548777163028717,0.15364181995391846,0.1456983983516693,0.1274782121181488,0.5722944736480713,0.8530789017677307,0.10733512043952942,0.1542224884033203,0.11429571360349655,0.5894057750701904,63,perturb,30,gaussian,0.5,124,154
0.007174264639616013,0.00630018999800086,0.005446151364594698,0.004750506021082401,0.024598481133580208,0.018330778926610947,0.002378370612859726,0.06901364773511887,0.04553940147161484,0.24399763345718384,63,perturb,1,gaussian,0.7,75,76
0.013681972399353981,0.011963052675127983,0.007815046235918999,0.006832337938249111,0.04210665076971054,0.03465472161769867,0.00432834355160594,0.07177283614873886,0.04265497624874115,0.24413549900054932,63,perturb,2,gaussian,0.7,75,77
0.02496107667684555,0.021874472498893738,0.011858431622385979,0.010392350144684315,0.07596909254789352,0.052194785326719284,0.006344101391732693,0.0727754756808281,0.04255823791027069,0.2518302798271179,63,perturb,3,gaussian,0.7,75,78
0.032059311866760254,0.028074918314814568,0.013712991960346699,0.012002822011709213,0.09873836487531662,0.0656299963593483,0.007799471262842417,0.07236263900995255,0.041338302195072174,0.2568685710430145,63,perturb,4,gaussian,0.7,75,79
0.038600482046604156,0.03368555009365082,0.016067024320364,0.014058221131563187,0.11115555465221405,0.07575380057096481,0.008846609853208065,0.07496614009141922,0.040760599076747894,0.25861650705337524,63,perturb,5,gaussian,0.7,75,80
0.05310075357556343,0.04636380821466446,0.020975150167942047,0.01834295690059662,0.13406363129615784,0.09659556299448013,0.010997778736054897,0.08967502415180206,0.0390336737036705,0.26333582401275635,63,perturb,7,gaussian,0.7,75,82
0.05831751227378845,0.05095269903540611,0.024437256157398224,0.021367954090237617,0.15356767177581787,0.12333649396896362,0.013722695410251617,0.08802370727062225,0.03883820027112961,0.2689797878265381,63,perturb,10,gaussian,0.7,75,85
0.052281636744737625,0.04568672552704811,0.03130973502993584,0.027409395202994347,0.18126198649406433,0.15475699305534363,0.01687561348080635,0.07082907110452652,0.04018496721982956,0.27974075078964233,63,perturb,15,gaussian,0.7,75,90
0.06285583972930908,0.055064570158720016,0.03408591076731682,0.029813023284077644,0.2060115933418274,0.1871212273836136,0.020415645092725754,0.08793249726295471,0.0454506054520607,0.29529210925102234,63,perturb,20,gaussian,0.7,75,95
0.07891486585140228,0.06909218430519104,0.040860023349523544,0.03574444353580475,0.23476359248161316,0.2478291094303131,0.027889307588338852,0.10778778791427612,0.051499590277671814,0.3204624652862549,63,perturb,30,gaussian,0.7,75,105
0.032690390944480896,0.02868693694472313,0.15151795744895935,0.13256926834583282,0.09292877465486526,0.0504152812063694,0.0016385639319196343,0.0707506462931633,0.4341900944709778,0.3102518916130066,65,perturb,1,gaussian,0.3,174,175
0.03699363395571709,0.03233477473258972,0.17127229273319244,0.14985963702201843,0.10958594083786011,0.06305660307407379,0.0018676039762794971,0.07328733801841736,0.4363713264465332,0.31384217739105225,65,perturb,2,gaussian,0.3,174,176
0.04919471964240074,0.043136097490787506,0.2440999299287796,0.21357941627502441,0.18569044768810272,0.09581127017736435,0.0026565897278487682,0.06485040485858917,0.3497641086578369,0.29693204164505005,65,perturb,3,gaussian,0.3,174,177
0.05983184278011322,0.052298907190561295,0.2623212933540344,0.22953243553638458,0.19006110727787018,0.10464588552713394,0.003111079800873995,0.07017923891544342,0.3476961851119995,0.2968026101589203,65,perturb,4,gaussian,0.3,174,178
0.05730646103620529,0.050098635256290436,0.2638917565345764,0.2309015393257141,0.1981421411037445,0.10957939922809601,0.0030333460308611393,0.0698062852025032,0.3570851981639862,0.3000626564025879,65,perturb,5,gaussian,0.3,174,179
0.060324776917696,0.052768364548683167,0.27103927731513977,0.23715247213840485,0.21266143023967743,0.12368955463171005,0.003676254767924547,0.07226644456386566,0.3424021005630493,0.30594778060913086,65,perturb,7,gaussian,0.3,174,181
0.060557205229997635,0.052929434925317764,0.2277747541666031,0.1993139535188675,0.22566230595111847,0.13922421634197235,0.004329516552388668,0.07729452103376389,0.2729591727256775,0.3163422644138336,65,perturb,10,gaussian,0.3,174,184
0.06385329365730286,0.055863864719867706,0.1412457823753357,0.12358180433511734,0.2417367696762085,0.16074950993061066,0.005213281139731407,0.08342665433883667,0.24244873225688934,0.31637030839920044,65,perturb,15,gaussian,0.3,174,189
0.1208677738904953,0.10581465065479279,0.21439863741397858,0.18758727610111237,0.3280627429485321,0.25944527983665466,0.011011669412255287,0.1113152876496315,0.24989520013332367,0.3498147130012512,65,perturb,20,gaussian,0.3,174,194
0.16089950501918793,0.1408129185438156,0.3395344018936157,0.29710444808006287,0.41653791069984436,0.31190648674964905,0.014462443068623543,0.17742550373077393,0.38501039147377014,0.5295278429985046,65,perturb,30,gaussian,0.3,174,204
0.06771430373191833,0.05927759408950806,0.05571376159787178,0.04874183237552643,0.08757992088794708,0.05272873863577843,0.0012347402516752481,0.08332952857017517,0.13301624357700348,0.18634742498397827,65,perturb,1,gaussian,0.5,124,125
0.051026202738285065,0.04461250454187393,0.060413628816604614,0.05286671221256256,0.08565699309110641,0.054215747863054276,0.0013657890958711505,0.06616675853729248,0.13796401023864746,0.18394425511360168,65,perturb,2,gaussian,0.5,124,126
0.07944896817207336,0.06947161257266998,0.11870279163122177,0.10386933386325836,0.145785391330719,0.08149453997612,0.001932627521455288,0.07814324647188187,0.1450137495994568,0.19796115159988403,65,perturb,3,gaussian,0.5,124,127
0.07829663902521133,0.06859694421291351,0.10526464879512787,0.09208982437849045,0.17046810686588287,0.09712286293506622,0.0022925925441086292,0.07075908780097961,0.1301097869873047,0.19775830209255219,65,perturb,4,gaussian,0.5,124,128
0.09151368588209152,0.0799933597445488,0.14065669476985931,0.12308338284492493,0.17958350479602814,0.10275916010141373,0.0023693570401519537,0.08005887269973755,0.15312519669532776,0.19655796885490417,65,perturb,5,gaussian,0.5,124,129
0.08791093528270721,0.07691867649555206,0.1374017596244812,0.12021376937627792,0.18164904415607452,0.10913175344467163,0.002481424016878009,0.07764415442943573,0.1453133523464203,0.19838225841522217,65,perturb,7,gaussian,0.5,124,131
0.09740309417247772,0.08533076196908951,0.13661345839500427,0.11953528970479965,0.18498192727565765,0.11450453102588654,0.002715309616178274,0.08167712390422821,0.1379796266555786,0.1972745954990387,65,perturb,10,gaussian,0.5,124,134
0.12011337280273438,0.10512043535709381,0.14100931584835052,0.12338036298751831,0.2389642745256424,0.13988500833511353,0.003286654595285654,0.09151666611433029,0.13293331861495972,0.21306085586547852,65,perturb,15,gaussian,0.5,124,139
0.11163347959518433,0.09766556322574615,0.16209225356578827,0.1418195515871048,0.2662826180458069,0.15980178117752075,0.0035974113270640373,0.07846704870462418,0.14547282457351685,0.22298073768615723,65,perturb,20,gaussian,0.5,124,144
0.10042528808116913,0.08778442442417145,0.17489150166511536,0.153016597032547,0.25448185205459595,0.17857471108436584,0.00524944718927145,0.08065664023160934,0.16212105751037598,0.2288331389427185,65,perturb,30,gaussian,0.5,124,154
0.009725496172904968,0.008502918295562267,0.023952549323439598,0.020963160321116447,0.01585261896252632,0.007633967790752649,0.0001425295922672376,0.030467256903648376,0.1550258994102478,0.06425008922815323,65,perturb,1,gaussian,0.7,75,76
0.014455814845860004,0.01263076439499855,0.03982104733586311,0.034832343459129333,0.023475946858525276,0.013759441673755646,0.0002548714983277023,0.03478190302848816,0.14794553816318512,0.0658855140209198,65,perturb,2,gaussian,0.7,75,77
0.016633985564112663,0.01448622066527605,0.05452938750386238,0.047723736613988876,0.029974836856126785,0.0182066448032856,0.000332689902279526,0.03648044914007187,0.1491154432296753,0.06937861442565918,65,perturb,3,gaussian,0.7,75,78
0.018953867256641388,0.01663449965417385,0.05629090219736099,0.0492301806807518,0.03142558038234711,0.01772213540971279,0.0003655342443380505,0.041702963411808014,0.14361855387687683,0.07332473993301392,65,perturb,4,gaussian,0.7,75,79
0.01970142498612404,0.01729574427008629,0.06234133616089821,0.05456320941448212,0.03414425998926163,0.019998526200652122,0.0004165738937444985,0.044844336807727814,0.15351712703704834,0.07722987979650497,65,perturb,5,gaussian,0.7,75,80
0.023782020434737206,0.020758867263793945,0.06903146952390671,0.06040278449654579,0.03069744072854519,0.017546411603689194,0.0004090826550964266,0.04500251263380051,0.1527477204799652,0.08134318888187408,65,perturb,7,gaussian,0.7,75,82
0.025926683098077774,0.022651419043540955,0.07204779982566833,0.06304021179676056,0.04719459265470505,0.026428738608956337,0.0005613689427264035,0.0538596585392952,0.1536841094493866,0.09362559765577316,65,perturb,10,gaussian,0.7,75,85
0.03630697727203369,0.031737230718135834,0.0761815756559372,0.0666549950838089,0.07248198240995407,0.04127650707960129,0.0008440825622528791,0.0762253925204277,0.14193356037139893,0.10408540815114975,65,perturb,15,gaussian,0.7,75,90
0.033957310020923615,0.029689878225326538,0.07771389931440353,0.06799915432929993,0.08535369485616684,0.055391620844602585,0.0011132510844618082,0.06305859237909317,0.13491906225681305,0.10942036658525467,65,perturb,20,gaussian,0.7,75,95
0.06602929532527924,0.05772482976317406,0.12034183740615845,0.10531887412071228,0.12551233172416687,0.09166277199983597,0.002059522783383727,0.06452146172523499,0.14028245210647583,0.12249138951301575,65,perturb,30,gaussian,0.7,75,105
0.0349944531917572,0.03064388781785965,0.09582408517599106,0.08384207636117935,0.16651076078414917,0.11474579572677612,0.0198941882699728,0.10845623165369034,0.3303799629211426,0.500976026058197,67,perturb,1,gaussian,0.3,174,175
0.049725595861673355,0.04348807781934738,0.11850173771381378,0.1036825031042099,0.23300698399543762,0.20116201043128967,0.030047215521335602,0.09837525337934494,0.322243869304657,0.511885404586792,67,perturb,2,gaussian,0.3,174,176
0.05937637761235237,0.05192068591713905,0.14295373857021332,0.12509259581565857,0.2704572081565857,0.23237565159797668,0.03328905254602432,0.10795211791992188,0.31933754682540894,0.5141874551773071,67,perturb,3,gaussian,0.3,174,177
0.08404530584812164,0.07344537228345871,0.24546314775943756,0.21479906141757965,0.28945308923721313,0.27210119366645813,0.03980715200304985,0.1425304114818573,0.3712596297264099,0.5250726938247681,67,perturb,4,gaussian,0.3,174,178
0.08821533620357513,0.07720252871513367,0.2604737877845764,0.2279013991355896,0.3113583028316498,0.30196020007133484,0.04349334537982941,0.1360899806022644,0.3958549499511719,0.530244767665863,67,perturb,5,gaussian,0.3,174,179
0.0908133015036583,0.07940104603767395,0.25052475929260254,0.21920382976531982,0.3136032819747925,0.30795854330062866,0.0476866289973259,0.14565448462963104,0.3759863078594208,0.536287784576416,67,perturb,7,gaussian,0.3,174,181
0.09178342670202255,0.08022285252809525,0.2376488447189331,0.207948237657547,0.3114311099052429,0.29828888177871704,0.048122331500053406,0.13023507595062256,0.39439690113067627,0.5390821695327759,67,perturb,10,gaussian,0.3,174,184
0.06909047067165375,0.06046699732542038,0.21125487983226776,0.18484680354595184,0.3039397597312927,0.28642064332962036,0.04767740145325661,0.12569299340248108,0.4232161045074463,0.5401672124862671,67,perturb,15,gaussian,0.3,174,189
0.08229141682386398,0.07196468114852905,0.1796165555715561,0.15717093646526337,0.3038540780544281,0.31178826093673706,0.04997739568352699,0.14508160948753357,0.4435821771621704,0.5474029779434204,67,perturb,20,gaussian,0.3,174,194
0.06068955734372139,0.05307327210903168,0.12782743573188782,0.11186476051807404,0.3233301341533661,0.34387680888175964,0.0501331202685833,0.08520107716321945,0.32756662368774414,0.5374516248703003,67,perturb,30,gaussian,0.3,174,204
0.04298778995871544,0.037574440240859985,0.13600817322731018,0.11899760365486145,0.260366290807724,0.21021808683872223,0.03458229824900627,0.04872824251651764,0.2103167474269867,0.4250359535217285,67,perturb,1,gaussian,0.5,124,125
0.049030985683202744,0.04293186962604523,0.13922211527824402,0.12182247638702393,0.27833932638168335,0.23565363883972168,0.03752570599317551,0.052332088351249695,0.1927727460861206,0.42411068081855774,67,perturb,2,gaussian,0.5,124,126
0.05644312500953674,0.04943213611841202,0.13954907655715942,0.12211161851882935,0.2949550747871399,0.24790866672992706,0.04012551158666611,0.06213725358247757,0.182368665933609,0.42239880561828613,67,perturb,3,gaussian,0.5,124,127
0.049300532788038254,0.04318215698003769,0.1655474305152893,0.14483480155467987,0.31092873215675354,0.26669275760650635,0.04052257537841797,0.050613947212696075,0.1962376832962036,0.4247090220451355,67,perturb,4,gaussian,0.5,124,128
0.046494536101818085,0.04063020646572113,0.15084940195083618,0.13198542594909668,0.3181194067001343,0.2811339497566223,0.04298631101846695,0.050296127796173096,0.18950578570365906,0.4265652298927307,67,perturb,5,gaussian,0.5,124,129
0.05929452180862427,0.05181913077831268,0.16364315152168274,0.1431930512189865,0.34557220339775085,0.3054083287715912,0.046894367784261703,0.05730655789375305,0.18840301036834717,0.43727290630340576,67,perturb,7,gaussian,0.5,124,131
0.06579738855361938,0.057585109025239944,0.1724264919757843,0.15087167918682098,0.3554362654685974,0.33819669485092163,0.049448058009147644,0.06121017783880234,0.19546732306480408,0.4379488229751587,67,perturb,10,gaussian,0.5,124,134
0.06528051942586899,0.0570196658372879,0.17825506627559662,0.1559670865535736,0.3720591366291046,0.3619234263896942,0.05539878085255623,0.05989892780780792,0.183798149228096,0.4391457438468933,67,perturb,15,gaussian,0.5,124,139
0.08716487139463425,0.07620470970869064,0.1973770707845688,0.17269521951675415,0.42037951946258545,0.39284855127334595,0.05897732451558113,0.06851378083229065,0.19802165031433105,0.4627688527107239,67,perturb,20,gaussian,0.5,124,144
0.09242699295282364,0.08083538711071014,0.20263031125068665,0.1773107349872589,0.41924574971199036,0.42025625705718994,0.06400331854820251,0.08349864184856415,0.21907298266887665,0.46023374795913696,67,perturb,30,gaussian,0.5,124,154
0.022269096225500107,0.01943788304924965,0.08090944588184357,0.07079559564590454,0.1668984591960907,0.09612717479467392,0.018245553597807884,0.030530914664268494,0.13785390555858612,0.34982457756996155,67,perturb,1,gaussian,0.7,75,76
0.02365904673933983,0.020759299397468567,0.09520735591650009,0.08330786228179932,0.20554083585739136,0.13356874883174896,0.023485412821173668,0.03133179992437363,0.1386852264404297,0.3514150083065033,67,perturb,2,gaussian,0.7,75,77
0.025390749797225,0.022178765386343002,0.10346998274326324,0.09054172784090042,0.22322353720664978,0.154374897480011,0.026159103959798813,0.03377774357795715,0.14974908530712128,0.35473495721817017,67,perturb,3,gaussian,0.7,75,78
0.0284255538135767,0.024989623576402664,0.11697211116552353,0.10235687345266342,0.23348748683929443,0.17259088158607483,0.028471365571022034,0.036021679639816284,0.155710369348526,0.3585178256034851,67,perturb,4,gaussian,0.7,75,79
0.0284349974244833,0.02484705299139023,0.11087337881326675,0.09702931344509125,0.2396472841501236,0.1898217648267746,0.030473025515675545,0.03593939542770386,0.1517389714717865,0.35536879301071167,67,perturb,5,gaussian,0.7,75,80
0.03272433206439018,0.028654225170612335,0.12135274708271027,0.10618220269680023,0.2606944739818573,0.2254391312599182,0.034951478242874146,0.03642691671848297,0.15880821645259857,0.36143702268600464,67,perturb,7,gaussian,0.7,75,82
0.03516191244125366,0.03067759983241558,0.13794729113578796,0.12069162726402283,0.28945058584213257,0.27867838740348816,0.041876327246427536,0.03467119485139847,0.1604394018650055,0.36152493953704834,67,perturb,10,gaussian,0.7,75,85
0.0330483540892601,0.028873909264802933,0.16509877145290375,0.14446035027503967,0.30418601632118225,0.3361131250858307,0.049259766936302185,0.034683555364608765,0.15649402141571045,0.3673985004425049,67,perturb,15,gaussian,0.7,75,90
0.04261090233922005,0.03733448684215546,0.1558222621679306,0.1363697201013565,0.32608264684677124,0.38381919264793396,0.0566648431122303,0.0411817729473114,0.1624298095703125,0.3773326277732849,67,perturb,20,gaussian,0.7,75,95
0.051396552473306656,0.04495292156934738,0.15756948292255402,0.13786190748214722,0.3747873604297638,0.4645323157310486,0.06561406701803207,0.04941762983798981,0.1759585738182068,0.40361517667770386,67,perturb,30,gaussian,0.7,75,105
0.022071177139878273,0.019271668046712875,0.039816029369831085,0.034833598881959915,0.059882111847400665,0.015306913293898106,0.001732227741740644,0.09545744210481644,0.3864920735359192,0.4577743411064148,979,perturb,1,gaussian,0.3,174,175
0.029746998101472855,0.026035593822598457,0.05853955075144768,0.05123315006494522,0.09475352615118027,0.03049558587372303,0.00333937956020236,0.09682458639144897,0.374572217464447,0.45784881711006165,979,perturb,2,gaussian,0.3,174,176
0.03544354438781738,0.031063474714756012,0.06300289928913116,0.055132556706666946,0.10439076274633408,0.0358465239405632,0.003950934857130051,0.09654343128204346,0.3660353720188141,0.4579463005065918,979,perturb,3,gaussian,0.3,174,177
0.03656160458922386,0.031873609870672226,0.0801636204123497,0.0701606497168541,0.11758848279714584,0.04314960911870003,0.004881514701992273,0.09473112225532532,0.3595188856124878,0.455058217048645,979,perturb,4,gaussian,0.3,174,178
0.035349633544683456,0.030962223187088966,0.096631720662117,0.08456496894359589,0.13366560637950897,0.05062040314078331,0.005604903679341078,0.08976056426763535,0.3533862233161926,0.45511525869369507,979,perturb,5,gaussian,0.3,174,179
0.03605016693472862,0.031395651400089264,0.1261698305606842,0.11039260029792786,0.15294617414474487,0.05942702665925026,0.006439487915486097,0.08503880351781845,0.3381359875202179,0.45499187707901,979,perturb,7,gaussian,0.3,174,181
0.04205874353647232,0.03675734996795654,0.14533190429210663,0.12716054916381836,0.1818198263645172,0.08514146506786346,0.008583325892686844,0.07986707985401154,0.3236064612865448,0.4581761956214905,979,perturb,10,gaussian,0.3,174,184
0.05772585794329643,0.05043890327215195,0.17741422355175018,0.1552477478981018,0.2114522010087967,0.11488354206085205,0.011441383510828018,0.08026831597089767,0.31067824363708496,0.465683251619339,979,perturb,15,gaussian,0.3,174,189
0.06084684282541275,0.05325734242796898,0.1814197450876236,0.15876001119613647,0.20899400115013123,0.11423542350530624,0.011640953831374645,0.08872700482606888,0.32806479930877686,0.4749862849712372,979,perturb,20,gaussian,0.3,174,194
0.04645058140158653,0.04070499166846275,0.15917323529720306,0.13927572965621948,0.15898005664348602,0.07858405262231827,0.007882064208388329,0.13463570177555084,0.4444616436958313,0.5150677561759949,979,perturb,30,gaussian,0.3,174,204
0.02145363762974739,0.01873164065182209,0.04944203794002533,0.043253134936094284,0.07540929317474365,0.02950870245695114,0.0027332722675055265,0.12689775228500366,0.3792605400085449,0.3705223500728607,979,perturb,1,gaussian,0.5,124,125
0.028722435235977173,0.025181209668517113,0.07374542206525803,0.06452947109937668,0.10268019884824753,0.04450426995754242,0.004133963957428932,0.13239486515522003,0.38486534357070923,0.37475013732910156,979,perturb,2,gaussian,0.5,124,126
0.039050400257110596,0.03409113734960556,0.10116658359766006,0.08850918710231781,0.12529364228248596,0.05864918977022171,0.005453614052385092,0.13564342260360718,0.3816053867340088,0.37837985157966614,979,perturb,3,gaussian,0.5,124,127
0.04418038949370384,0.03863327577710152,0.10153805464506149,0.08886028081178665,0.1347387433052063,0.06811811774969101,0.006095972843468189,0.13258153200149536,0.38496649265289307,0.3805367052555084,979,perturb,4,gaussian,0.5,124,128
0.055182039737701416,0.04818408563733101,0.1472734659910202,0.12886446714401245,0.17079617083072662,0.09018387645483017,0.007514782249927521,0.13178978860378265,0.38613271713256836,0.3877851366996765,979,perturb,5,gaussian,0.5,124,129
0.060543522238731384,0.053005464375019073,0.1701803058385849,0.14890077710151672,0.19972869753837585,0.1146957129240036,0.009143330156803131,0.1309942603111267,0.375424325466156,0.39419230818748474,979,perturb,7,gaussian,0.5,124,131
0.07920996099710464,0.06937488913536072,0.2058880478143692,0.1801532506942749,0.22436702251434326,0.15097346901893616,0.012205805629491806,0.13337883353233337,0.3944248557090759,0.40005505084991455,979,perturb,10,gaussian,0.5,124,134
0.09307809174060822,0.08147919923067093,0.26275333762168884,0.22991958260536194,0.2663422226905823,0.2061903178691864,0.016959059983491898,0.13320714235305786,0.39859339594841003,0.4127916693687439,979,perturb,15,gaussian,0.5,124,139
0.11907894909381866,0.10415750741958618,0.37509605288505554,0.3282058835029602,0.3187545835971832,0.26633957028388977,0.024021100252866745,0.12747541069984436,0.36404648423194885,0.4367743134498596,979,perturb,20,gaussian,0.5,124,144
0.12221628427505493,0.10701166838407516,0.3734041452407837,0.3267187178134918,0.32983970642089844,0.2961556017398834,0.028243305161595345,0.1278163343667984,0.36607640981674194,0.45269519090652466,979,perturb,30,gaussian,0.5,124,154
0.01113000139594078,0.00967186689376831,0.036560025066137314,0.03198065608739853,0.04970194771885872,0.013538229279220104,0.0012538116425275803,0.08155036717653275,0.2782633602619171,0.23679770529270172,979,perturb,1,gaussian,0.7,75,76
0.016969282180070877,0.014833465218544006,0.05226607993245125,0.04571935161948204,0.07453128695487976,0.024104898795485497,0.0020055093336850405,0.08314816653728485,0.2844793200492859,0.24149134755134583,979,perturb,2,gaussian,0.7,75,77
0.02225922979414463,0.019488956779241562,0.06873330473899841,0.060135405510663986,0.09137840569019318,0.03515227138996124,0.0026831168215721846,0.08765991032123566,0.2930448353290558,0.24576884508132935,979,perturb,3,gaussian,0.7,75,78
0.02274869754910469,0.01996319741010666,0.07840215414762497,0.06859481334686279,0.10677614063024521,0.04460087791085243,0.0033051043283194304,0.08879416435956955,0.29004424810409546,0.24915075302124023,979,perturb,4,gaussian,0.7,75,79
0.024042049422860146,0.02100059948861599,0.08715161681175232,0.0762363076210022,0.12171764671802521,0.05429530516266823,0.003968718461692333,0.08562470227479935,0.29238277673721313,0.2560533285140991,979,perturb,5,gaussian,0.7,75,80
0.026180334389209747,0.02291698567569256,0.10868217796087265,0.09509386122226715,0.14533472061157227,0.0701415166258812,0.0050527919083833694,0.08886098116636276,0.30061522126197815,0.26655298471450806,979,perturb,7,gaussian,0.7,75,82
0.0309329554438591,0.027106495574116707,0.12806682288646698,0.11206039041280746,0.1725817769765854,0.0877738744020462,0.006197753828018904,0.08780540525913239,0.30916324257850647,0.2774121165275574,979,perturb,10,gaussian,0.7,75,85
0.04177388176321983,0.036498431116342545,0.14358751475811005,0.12563475966453552,0.19405505061149597,0.1097853034734726,0.007883114740252495,0.08517477661371231,0.28688836097717285,0.2892135679721832,979,perturb,15,gaussian,0.7,75,90
0.037075869739055634,0.03240228071808815,0.12752142548561096,0.11156105995178223,0.21199578046798706,0.12323702871799469,0.008850865066051483,0.09155040979385376,0.2807205319404602,0.3092663288116455,979,perturb,20,gaussian,0.7,75,95
0.043986883014440536,0.038526907563209534,0.12306927144527435,0.10769231617450714,0.23595759272575378,0.1501687616109848,0.011484025046229362,0.08125710487365723,0.2744961380958557,0.3385370969772339,979,perturb,30,gaussian,0.7,75,105
0.07538525760173798,0.06596191972494125,0.20969344675540924,0.1834944188594818,0.39400437474250793,0.3067922592163086,0.02758844569325447,0.07741809636354446,0.33288323879241943,0.6431586146354675,49,perturb,1,gaussian,0.3,174,175
0.08318618685007095,0.07287691533565521,0.2998596727848053,0.2623727321624756,0.44716399908065796,0.3493987023830414,0.03601273521780968,0.08202001452445984,0.37366315722465515,0.652417778968811,49,perturb,2,gaussian,0.3,174,176
0.0949968621134758,0.0831701010465622,0.33005964756011963,0.2888060212135315,0.45721757411956787,0.35484251379966736,0.04149739444255829,0.08580091595649719,0.38041043281555176,0.6516845226287842,49,perturb,3,gaussian,0.3,174,177
0.09132477641105652,0.07980837672948837,0.35060742497444153,0.3067912757396698,0.48302584886550903,0.37723788619041443,0.043609458953142166,0.08306986093521118,0.41201964020729065,0.6667845249176025,49,perturb,4,gaussian,0.3,174,178
0.08197386562824249,0.07166478037834167,0.32979291677474976,0.2885795533657074,0.47448286414146423,0.3600272536277771,0.04081069305539131,0.0830390676856041,0.41988247632980347,0.6685674786567688,49,perturb,5,gaussian,0.3,174,179
0.09587546437978745,0.08376948535442352,0.34447962045669556,0.3014085292816162,0.5025517344474792,0.40473783016204834,0.04401010647416115,0.08603696525096893,0.38878366351127625,0.6644048690795898,49,perturb,7,gaussian,0.3,174,181
0.06847134977579117,0.05988539010286331,0.24814321100711823,0.21711745858192444,0.43992453813552856,0.3982265591621399,0.0421549491584301,0.07848747819662094,0.31701213121414185,0.6490365862846375,49,perturb,10,gaussian,0.3,174,184
0.06193600967526436,0.05414484441280365,0.22039249539375305,0.1928481161594391,0.3742295801639557,0.3581274151802063,0.040066659450531006,0.07367243617773056,0.3267253637313843,0.6590251922607422,49,perturb,15,gaussian,0.3,174,189
0.07666455209255219,0.06702540814876556,0.21651378273963928,0.1894557774066925,0.39969560503959656,0.38684093952178955,0.0428825244307518,0.0847112312912941,0.32731354236602783,0.6602598428726196,49,perturb,20,gaussian,0.3,174,194
0.04930201917886734,0.04307573661208153,0.10948438942432404,0.09581273794174194,0.3234885632991791,0.3020983338356018,0.03334186598658562,0.06264841556549072,0.22139930725097656,0.6642571091651917,49,perturb,30,gaussian,0.3,174,204
0.03608274087309837,0.03156533092260361,0.1000712588429451,0.08756574988365173,0.24844494462013245,0.2082805186510086,0.021885311231017113,0.07002732902765274,0.19443351030349731,0.5680527687072754,49,perturb,1,gaussian,0.5,124,125
0.052297476679086685,0.04582378268241882,0.14317254722118378,0.12528321146965027,0.33929988741874695,0.3218059241771698,0.03475271165370941,0.06603732705116272,0.19472116231918335,0.5603917837142944,49,perturb,2,gaussian,0.5,124,126
0.04695556312799454,0.04113498702645302,0.14114296436309814,0.1235111802816391,0.3631482720375061,0.3414233922958374,0.035673048347234726,0.06135014444589615,0.19130098819732666,0.5612801313400269,49,perturb,3,gaussian,0.5,124,127
0.04339389130473137,0.037984080612659454,0.15993039309978485,0.13991430401802063,0.38364118337631226,0.35451796650886536,0.035482779145240784,0.059951841831207275,0.21729157865047455,0.5654749870300293,49,perturb,4,gaussian,0.5,124,128
0.059460174292325974,0.051913123577833176,0.22057214379310608,0.19299903512001038,0.4339936375617981,0.39011308550834656,0.03723005950450897,0.07173754274845123,0.2294849008321762,0.5711314082145691,49,perturb,5,gaussian,0.5,124,129
0.058809906244277954,0.0514419749379158,0.2430136799812317,0.21263454854488373,0.46751052141189575,0.4334034323692322,0.03766651079058647,0.07412180304527283,0.23559066653251648,0.5734378099441528,49,perturb,7,gaussian,0.5,124,131
0.07511094212532043,0.06586413085460663,0.3461679220199585,0.3028945326805115,0.4825131893157959,0.446417897939682,0.04486285150051117,0.08900967985391617,0.3335684835910797,0.5790359973907471,49,perturb,10,gaussian,0.5,124,134
0.07666364312171936,0.06715139746665955,0.3771439492702484,0.3299887180328369,0.528322160243988,0.4501928687095642,0.042818471789360046,0.09679893404245377,0.35268378257751465,0.6071634292602539,49,perturb,15,gaussian,0.5,124,139
0.10299107432365417,0.0900731235742569,0.4409123361110687,0.3858007788658142,0.5703659057617188,0.43966442346572876,0.04652692377567291,0.10408422350883484,0.42345792055130005,0.6374263763427734,49,perturb,20,gaussian,0.5,124,144
0.0949506089091301,0.08317562937736511,0.4188424050807953,0.36648961901664734,0.5792437791824341,0.45643702149391174,0.05352843552827835,0.11383224278688431,0.49069905281066895,0.6656175851821899,49,perturb,30,gaussian,0.5,124,154
0.005025842692703009,0.004264447838068008,0.014440549537539482,0.012639062479138374,0.04945715516805649,0.02360447868704796,0.0025772869121283293,0.024477563798427582,0.06600277125835419,0.2894553542137146,49,perturb,1,gaussian,0.7,75,76
0.0074196928180754185,0.006452033296227455,0.0231461301445961,0.020244929939508438,0.07866881042718887,0.0447043813765049,0.004375934135168791,0.023591533303260803,0.062628835439682,0.28844964504241943,49,perturb,2,gaussian,0.7,75,77
0.008978714235126972,0.007869243621826172,0.03056344762444496,0.026741057634353638,0.09523718059062958,0.060072049498558044,0.005574724171310663,0.02347729355096817,0.06388082355260849,0.2897173762321472,49,perturb,3,gaussian,0.7,75,78
0.009419126436114311,0.008286282420158386,0.03408093750476837,0.029810165986418724,0.11145968735218048,0.07600788027048111,0.006790343672037125,0.023040294647216797,0.06270475685596466,0.2909526526927948,49,perturb,4,gaussian,0.7,75,79
0.010997306555509567,0.009588424116373062,0.03673945739865303,0.032152656465768814,0.12642884254455566,0.09050219506025314,0.007923574186861515,0.023187793791294098,0.06151619553565979,0.2951688766479492,49,perturb,5,gaussian,0.7,75,80
0.01369025744497776,0.011875709518790245,0.040474165230989456,0.035420387983322144,0.1503523588180542,0.11510620266199112,0.009672041982412338,0.023380115628242493,0.06107521057128906,0.29792043566703796,49,perturb,7,gaussian,0.7,75,82
0.014758555218577385,0.012897300533950329,0.04189767315983772,0.036673009395599365,0.17815597355365753,0.14414604008197784,0.011837617494165897,0.02378758043050766,0.060256049036979675,0.3051316738128662,49,perturb,10,gaussian,0.7,75,85
0.024008503183722496,0.020937802270054817,0.04897192865610123,0.04284139722585678,0.22498635947704315,0.1953350156545639,0.015860842540860176,0.02750728279352188,0.06283797323703766,0.31421753764152527,49,perturb,15,gaussian,0.7,75,90
0.027778644114732742,0.024281710386276245,0.056965600699186325,0.04984649270772934,0.2601601481437683,0.23939087986946106,0.019627075642347336,0.028352774679660797,0.06730953603982925,0.3327696621417999,49,perturb,20,gaussian,0.7,75,95
0.03867210075259209,0.033807847648859024,0.06918168067932129,0.06055157631635666,0.3201215863227844,0.32416579127311707,0.027101973071694374,0.03596305847167969,0.07735402882099152,0.3652682602405548,49,perturb,30,gaussian,0.7,75,105
0.0705094188451767,0.06174357235431671,0.1797885298728943,0.15730558335781097,0.3267897963523865,0.40617361664772034,0.05185635760426521,0.09956054389476776,0.324476957321167,0.5452561378479004,57,perturb,1,gaussian,0.3,174,175
0.07037368416786194,0.06155981868505478,0.22511425614356995,0.1969788819551468,0.3763048052787781,0.4562329053878784,0.05635584890842438,0.10569692403078079,0.33809933066368103,0.546406090259552,57,perturb,2,gaussian,0.3,174,176
0.06783857941627502,0.059307847172021866,0.2347068041563034,0.20537590980529785,0.3702523410320282,0.41069260239601135,0.05090801417827606,0.10168571025133133,0.3351116478443146,0.5450613498687744,57,perturb,3,gaussian,0.3,174,177
0.07094159722328186,0.06212281435728073,0.2547827363014221,0.22293183207511902,0.3650508522987366,0.402160108089447,0.051993414759635925,0.09704945236444473,0.33561971783638,0.5436678528785706,57,perturb,4,gaussian,0.3,174,178
0.0712774246931076,0.06242100149393082,0.23927181959152222,0.20936352014541626,0.3572269678115845,0.393755167722702,0.05053434520959854,0.09970154613256454,0.3362029790878296,0.5435150861740112,57,perturb,5,gaussian,0.3,174,179
0.0823143869638443,0.07209955155849457,0.24102379381656647,0.21088473498821259,0.38830631971359253,0.440874844789505,0.05515637993812561,0.11654803901910782,0.3552759885787964,0.5636081099510193,57,perturb,7,gaussian,0.3,174,181
0.10473551601171494,0.09156467020511627,0.20094801485538483,0.17583970725536346,0.343313992023468,0.4048984944820404,0.05012969672679901,0.1360427588224411,0.3729478716850281,0.5697967410087585,57,perturb,10,gaussian,0.3,174,184
0.05607833340764046,0.04913293570280075,0.12846419215202332,0.11239910125732422,0.28072720766067505,0.32296472787857056,0.041075997054576874,0.1421591192483902,0.3727218806743622,0.5767936110496521,57,perturb,15,gaussian,0.3,174,189
0.04165849834680557,0.03649080917239189,0.0874747708439827,0.0765497013926506,0.25843629240989685,0.262914776802063,0.035170719027519226,0.1484227180480957,0.3853990435600281,0.584778368473053,57,perturb,20,gaussian,0.3,174,194
0.04019613191485405,0.035147104412317276,0.09465353935956955,0.08281613141298294,0.20545345544815063,0.25322356820106506,0.03457199037075043,0.16411517560482025,0.3768550157546997,0.6116764545440674,57,perturb,30,gaussian,0.3,174,204
0.06690829247236252,0.05854867398738861,0.2192278504371643,0.19182315468788147,0.35045239329338074,0.2995098829269409,0.024759424850344658,0.06058720499277115,0.21633750200271606,0.4536893367767334,57,perturb,1,gaussian,0.5,124,125
0.06841520220041275,0.059877850115299225,0.21416302025318146,0.18737897276878357,0.3889003396034241,0.32158780097961426,0.025960225611925125,0.06309033930301666,0.21104571223258972,0.4670637547969818,57,perturb,2,gaussian,0.5,124,126
0.07481040060520172,0.06545279175043106,0.2314484864473343,0.2025255262851715,0.397460013628006,0.33274468779563904,0.028017202392220497,0.06633681058883667,0.2134571075439453,0.46491366624832153,57,perturb,3,gaussian,0.5,124,127
0.07922440767288208,0.06942200660705566,0.2811332643032074,0.24599531292915344,0.43879565596580505,0.38412877917289734,0.034130893647670746,0.07439649850130081,0.24070000648498535,0.4823951721191406,57,perturb,4,gaussian,0.5,124,128
0.08573091775178909,0.07507869601249695,0.3085443675518036,0.269979864358902,0.45307645201683044,0.40481531620025635,0.03710174560546875,0.08121895790100098,0.25441476702690125,0.4899924695491791,57,perturb,5,gaussian,0.5,124,129
0.08641691505908966,0.07549891620874405,0.29833003878593445,0.26103973388671875,0.464089959859848,0.42186060547828674,0.03878249600529671,0.08039247989654541,0.25023627281188965,0.4895123243331909,57,perturb,7,gaussian,0.5,124,131
0.09950833022594452,0.08707831799983978,0.30564355850219727,0.2674463093280792,0.4841005802154541,0.44298166036605835,0.03892381861805916,0.08438462764024734,0.2478325515985489,0.49147945642471313,57,perturb,10,gaussian,0.5,124,134
0.08687399327754974,0.07597626745700836,0.31488677859306335,0.27552950382232666,0.5151241421699524,0.49806684255599976,0.046895481646060944,0.09293068945407867,0.2952456474304199,0.5162220001220703,57,perturb,15,gaussian,0.5,124,139
0.08523282408714294,0.07453766465187073,0.28658753633499146,0.25076112151145935,0.5116363167762756,0.5003631114959717,0.04876377806067467,0.09415042400360107,0.28059911727905273,0.5160285234451294,57,perturb,20,gaussian,0.5,124,144
0.10218248516321182,0.0894044041633606,0.3009704351425171,0.26335734128952026,0.4846927225589752,0.514227569103241,0.05664641037583351,0.10538037866353989,0.3081761598587036,0.5138226747512817,57,perturb,30,gaussian,0.5,124,154
0.008099252358078957,0.007135286461561918,0.013886499218642712,0.01217581331729889,0.03622542321681976,0.016394617035984993,0.0019985365215688944,0.03091086447238922,0.09278412163257599,0.25557100772857666,57,perturb,1,gaussian,0.7,75,76
0.01390596479177475,0.012154091149568558,0.0238924790173769,0.02091432362794876,0.06057361513376236,0.028183000162243843,0.003353361738845706,0.032721780240535736,0.09510129690170288,0.26121985912323,57,perturb,2,gaussian,0.7,75,77
0.020709624513983727,0.01805100217461586,0.0330866314470768,0.028967250138521194,0.08079909533262253,0.04117727279663086,0.004494016058743,0.03437604010105133,0.09596101194620132,0.2616051137447357,57,perturb,3,gaussian,0.7,75,78
0.024722648784518242,0.021612007170915604,0.04002935811877251,0.03500866889953613,0.10001661628484726,0.055109892040491104,0.005483361426740885,0.03575693070888519,0.0987929254770279,0.2682037055492401,57,perturb,4,gaussian,0.7,75,79
0.025117333978414536,0.02207212895154953,0.046935033053159714,0.0410783514380455,0.1175306886434555,0.0690152570605278,0.006632375065237284,0.03418548405170441,0.10434100031852722,0.27209946513175964,57,perturb,5,gaussian,0.7,75,80
0.032584380358457565,0.028519608080387115,0.05767415836453438,0.0504542700946331,0.1404525339603424,0.08911005407571793,0.00804002583026886,0.036120086908340454,0.11582817137241364,0.2831876575946808,57,perturb,7,gaussian,0.7,75,82
0.04259350150823593,0.03725207969546318,0.07567541301250458,0.06622795760631561,0.16475509107112885,0.11806492507457733,0.01018010824918747,0.04172881692647934,0.12622971832752228,0.2951858341693878,57,perturb,10,gaussian,0.7,75,85
0.037238072603940964,0.03254754841327667,0.08998404443264008,0.07874754071235657,0.20678415894508362,0.17563946545124054,0.013341612182557583,0.04017239063978195,0.13302084803581238,0.3169989287853241,57,perturb,15,gaussian,0.7,75,90
0.06047573685646057,0.05288388580083847,0.11713401973247528,0.10248720645904541,0.26258766651153564,0.22732354700565338,0.017322717234492302,0.05773437023162842,0.14334487915039062,0.3562623858451843,57,perturb,20,gaussian,0.7,75,95
0.0625482127070427,0.05479190871119499,0.14715348184108734,0.12876468896865845,0.32795608043670654,0.29497605562210083,0.019981084391474724,0.05977980047464371,0.17348411679267883,0.41280660033226013,57,perturb,30,gaussian,0.7,75,105
0.05226189270615578,0.04580829292535782,0.0764181986451149,0.06685537099838257,0.1764078289270401,0.1389782428741455,0.012623636052012444,0.1414576768875122,0.28663170337677,0.5428701043128967,69,perturb,1,gaussian,0.3,174,175
0.060728177428245544,0.053138554096221924,0.0799708366394043,0.06997358053922653,0.20259682834148407,0.19595427811145782,0.014559481292963028,0.13315430283546448,0.26456397771835327,0.5326991081237793,69,perturb,2,gaussian,0.3,174,176
0.067752406001091,0.05929603427648544,0.09184878319501877,0.0803622379899025,0.21684446930885315,0.2147102653980255,0.016515210270881653,0.1311092972755432,0.26954078674316406,0.5339317321777344,69,perturb,3,gaussian,0.3,174,177
0.06384355574846268,0.05582088977098465,0.09612096846103668,0.08411230146884918,0.2298615574836731,0.24123600125312805,0.01913156732916832,0.12313101440668106,0.25513437390327454,0.5338625311851501,69,perturb,4,gaussian,0.3,174,178
0.059460632503032684,0.0521087571978569,0.0896674171090126,0.07846657186746597,0.23109881579875946,0.2531871199607849,0.020806800574064255,0.12016177177429199,0.2522742748260498,0.5402137637138367,69,perturb,5,gaussian,0.3,174,179
0.06371670961380005,0.05571304261684418,0.09540565311908722,0.08347968757152557,0.24597685039043427,0.27596351504325867,0.023890240117907524,0.12425448000431061,0.248073548078537,0.5455939769744873,69,perturb,7,gaussian,0.3,174,181
0.06931756436824799,0.06065897271037102,0.1011001393198967,0.08845700323581696,0.25975266098976135,0.2820812463760376,0.02479895018041134,0.12680187821388245,0.24870041012763977,0.5511130094528198,69,perturb,10,gaussian,0.3,174,184
0.09243915230035782,0.08089207112789154,0.14238260686397552,0.12460477650165558,0.31381160020828247,0.3577696681022644,0.03690888360142708,0.1292370855808258,0.27334368228912354,0.5753179788589478,69,perturb,15,gaussian,0.3,174,189
0.09027330577373505,0.07905611395835876,0.10937045514583588,0.09570993483066559,0.3324107825756073,0.4262600243091583,0.04716148599982262,0.12855032086372375,0.25741684436798096,0.6047896146774292,69,perturb,20,gaussian,0.3,174,194
0.07077556848526001,0.06190010532736778,0.08675967901945114,0.07592590153217316,0.29604411125183105,0.4010898172855377,0.04902970418334007,0.11718440055847168,0.2602353096008301,0.6235015392303467,69,perturb,30,gaussian,0.3,174,204
0.043958887457847595,0.0384298674762249,0.057082969695329666,0.04995572566986084,0.13413721323013306,0.12279544770717621,0.013061368837952614,0.06834972649812698,0.11436422169208527,0.3387085497379303,69,perturb,1,gaussian,0.5,124,125
0.06014515087008476,0.05264093726873398,0.07390966266393661,0.06467045843601227,0.20099736750125885,0.19741298258304596,0.021393759176135063,0.07572700828313828,0.11591804027557373,0.3343823552131653,69,perturb,2,gaussian,0.5,124,126
0.06899046152830124,0.060377687215805054,0.08415379375219345,0.07361840456724167,0.2333313524723053,0.24486161768436432,0.02694849669933319,0.07405193895101547,0.1187119260430336,0.33132195472717285,69,perturb,3,gaussian,0.5,124,127
0.07808124274015427,0.06837651133537292,0.10046395659446716,0.08789446204900742,0.25824272632598877,0.2685234248638153,0.029981538653373718,0.07820819318294525,0.12609905004501343,0.33818602561950684,69,perturb,4,gaussian,0.5,124,128
0.09620440751314163,0.0841870903968811,0.12758243083953857,0.11162594705820084,0.29253679513931274,0.2959950566291809,0.03342317044734955,0.08692781627178192,0.14044538140296936,0.34941717982292175,69,perturb,5,gaussian,0.5,124,129
0.09562528878450394,0.08368861675262451,0.13603952527046204,0.11901615560054779,0.321699857711792,0.3337772488594055,0.038339126855134964,0.08439622819423676,0.14676469564437866,0.3579089343547821,69,perturb,7,gaussian,0.5,124,131
0.09331093728542328,0.08157944679260254,0.16152578592300415,0.141327366232872,0.3773323893547058,0.4228087067604065,0.04999515041708946,0.08288220316171646,0.16694042086601257,0.39213597774505615,69,perturb,10,gaussian,0.5,124,134
0.09351380914449692,0.08171588182449341,0.1731802374124527,0.15152020752429962,0.3980540633201599,0.46005043387413025,0.05856592580676079,0.08193019777536392,0.17926043272018433,0.42027363181114197,69,perturb,15,gaussian,0.5,124,139
0.11675099283456802,0.10216990113258362,0.1911143660545349,0.16722625494003296,0.41063201427459717,0.4803203046321869,0.06271593272686005,0.09552817046642303,0.20143653452396393,0.44042351841926575,69,perturb,20,gaussian,0.5,124,144
0.09671434760093689,0.08463932573795319,0.21493031084537506,0.18805409967899323,0.4144945442676544,0.49114298820495605,0.06220868229866028,0.08957111835479736,0.2223283350467682,0.44465136528015137,69,perturb,30,gaussian,0.5,124,154
0.012351472862064838,0.010734692215919495,0.01632498949766159,0.014274614863097668,0.029339607805013657,0.01120694074779749,0.0019393309485167265,0.06091154366731644,0.05917254090309143,0.18508842587471008,69,perturb,1,gaussian,0.7,75,76
0.021516330540180206,0.018890388309955597,0.02614414319396019,0.022866347804665565,0.04540659859776497,0.021066857501864433,0.003333750180900097,0.06148562580347061,0.05908283591270447,0.18565526604652405,69,perturb,2,gaussian,0.7,75,77
0.026803091168403625,0.02348361723124981,0.03265388682484627,0.028568105772137642,0.058613404631614685,0.031226763501763344,0.004498008172959089,0.06264552474021912,0.059219032526016235,0.1865065097808838,69,perturb,3,gaussian,0.7,75,78
0.03377772495150566,0.029493749141693115,0.03773338347673416,0.03300647810101509,0.06788027286529541,0.04107363149523735,0.005460171028971672,0.060762301087379456,0.060967519879341125,0.18498170375823975,69,perturb,4,gaussian,0.7,75,79
0.03704356774687767,0.03233884274959564,0.041329171508550644,0.036180637776851654,0.07733245193958282,0.049973346292972565,0.0064007933251559734,0.06083308905363083,0.06612394750118256,0.18576321005821228,69,perturb,5,gaussian,0.7,75,80
0.04919023439288139,0.04313793033361435,0.04646167904138565,0.040657706558704376,0.09455905109643936,0.06675393879413605,0.0081037487834692,0.06645572185516357,0.06889622658491135,0.1915273368358612,69,perturb,7,gaussian,0.7,75,82
0.04715164378285408,0.04118584841489792,0.06829803436994553,0.05976860225200653,0.11431040614843369,0.0910220667719841,0.010458046570420265,0.06322705745697021,0.08089897781610489,0.19863347709178925,69,perturb,10,gaussian,0.7,75,85
0.06729808449745178,0.05886168032884598,0.060014888644218445,0.05252262204885483,0.14311900734901428,0.12946820259094238,0.013737340457737446,0.08196403086185455,0.08071530610322952,0.20924682915210724,69,perturb,15,gaussian,0.7,75,90
0.06620422005653381,0.057975027710199356,0.06667303293943405,0.05832875519990921,0.16319946944713593,0.15629945695400238,0.016705308109521866,0.07738657295703888,0.07825303822755814,0.2210683524608612,69,perturb,20,gaussian,0.7,75,95
0.058542925864458084,0.05110234022140503,0.06992259621620178,0.06116273254156113,0.22787749767303467,0.22571614384651184,0.0240942370146513,0.06746812909841537,0.10261813551187515,0.25159844756126404,69,perturb,30,gaussian,0.7,75,105
0.06644123792648315,0.05817098915576935,0.2588959336280823,0.2265397161245346,0.31384578347206116,0.2601630687713623,0.031238632276654243,0.17909571528434753,0.3358563184738159,0.5842454433441162,360,perturb,1,gaussian,0.3,174,175
0.10119839012622833,0.08851183205842972,0.3758457899093628,0.32886677980422974,0.38869088888168335,0.31695184111595154,0.03830764442682266,0.17861486971378326,0.39139917492866516,0.6000849604606628,360,perturb,2,gaussian,0.3,174,176
0.10234883427619934,0.08951449394226074,0.408607542514801,0.3575401306152344,0.43822726607322693,0.3732205331325531,0.04340127483010292,0.1693544089794159,0.3982905149459839,0.6002143025398254,360,perturb,3,gaussian,0.3,174,177
0.10861708968877792,0.09498971700668335,0.39993733167648315,0.34993988275527954,0.46335363388061523,0.4012947380542755,0.04761916771531105,0.17544463276863098,0.38890141248703003,0.6047367453575134,360,perturb,4,gaussian,0.3,174,178
0.11527298390865326,0.10093765705823898,0.39962679147720337,0.34967225790023804,0.47357767820358276,0.410491406917572,0.04920642450451851,0.17856569588184357,0.3978252410888672,0.6118348836898804,360,perturb,5,gaussian,0.3,174,179
0.14084866642951965,0.12321026623249054,0.4124913811683655,0.360934853553772,0.5390938520431519,0.5031009316444397,0.062068767845630646,0.18919163942337036,0.3914794921875,0.6406577825546265,360,perturb,7,gaussian,0.3,174,181
0.13363628089427948,0.1169542521238327,0.4324314594268799,0.3783816695213318,0.5526937246322632,0.5538779497146606,0.06855805963277817,0.19113391637802124,0.40640270709991455,0.6655459403991699,360,perturb,10,gaussian,0.3,174,184
0.14652495086193085,0.12828116118907928,0.4376447796821594,0.38293516635894775,0.5552574396133423,0.5794743299484253,0.07422094792127609,0.18629801273345947,0.3923298716545105,0.6746249794960022,360,perturb,15,gaussian,0.3,174,189
0.12995700538158417,0.11372356116771698,0.4986310601234436,0.43630269169807434,0.545974612236023,0.5142868757247925,0.0661914274096489,0.18343669176101685,0.4176892340183258,0.6801869869232178,360,perturb,20,gaussian,0.3,174,194
0.10221699625253677,0.08952351659536362,0.40170037746429443,0.3514876365661621,0.4509007930755615,0.3398093581199646,0.047737691551446915,0.1971893161535263,0.40360310673713684,0.7093661427497864,360,perturb,30,gaussian,0.3,174,204
0.033483605831861496,0.02926114946603775,0.17201901972293854,0.15054138004779816,0.12667572498321533,0.07144501060247421,0.005437976680696011,0.1416318714618683,0.27222558856010437,0.46065789461135864,360,perturb,1,gaussian,0.5,124,125
0.0480002835392952,0.04196085408329964,0.1883806437253952,0.1648443192243576,0.17782869935035706,0.10515519976615906,0.007772844284772873,0.1552252471446991,0.2567076086997986,0.45771950483322144,360,perturb,2,gaussian,0.5,124,126
0.054378826171159744,0.04754136875271797,0.20679369568824768,0.18093496561050415,0.20385365188121796,0.12594179809093475,0.009594498202204704,0.15879082679748535,0.27390438318252563,0.4555100202560425,360,perturb,3,gaussian,0.5,124,127
0.057322245091199875,0.05016361176967621,0.19278685748577118,0.16867874562740326,0.2202952653169632,0.13906651735305786,0.010562615469098091,0.16166576743125916,0.26186612248420715,0.44976258277893066,360,perturb,4,gaussian,0.5,124,128
0.06320863217115402,0.05539117753505707,0.2217126041650772,0.1939939260482788,0.24205654859542847,0.15722112357616425,0.012290265411138535,0.15353640913963318,0.2794729769229889,0.4517902731895447,360,perturb,5,gaussian,0.5,124,129
0.06258641928434372,0.054788440465927124,0.21588031947612762,0.18888737261295319,0.2718133330345154,0.1878240406513214,0.014533137902617455,0.16112546622753143,0.2751729488372803,0.45767882466316223,360,perturb,7,gaussian,0.5,124,131
0.06499050557613373,0.05689197778701782,0.22902445495128632,0.20038571953773499,0.3058964014053345,0.23479612171649933,0.01724671572446823,0.1681060492992401,0.2749300003051758,0.4636463522911072,360,perturb,10,gaussian,0.5,124,134
0.0747673287987709,0.06538937985897064,0.19170363247394562,0.1677340865135193,0.3313297629356384,0.27683788537979126,0.02037172019481659,0.18292668461799622,0.25905391573905945,0.467424601316452,360,perturb,15,gaussian,0.5,124,139
0.07098334282636642,0.062044672667980194,0.2204345464706421,0.19287659227848053,0.3504997789859772,0.3104599118232727,0.024015767499804497,0.1794430911540985,0.2711551785469055,0.4848737120628357,360,perturb,20,gaussian,0.5,124,144
0.08043776452541351,0.07045355439186096,0.31157609820365906,0.27263355255126953,0.3816632032394409,0.36837416887283325,0.03520691394805908,0.17877231538295746,0.32269859313964844,0.5184099674224854,360,perturb,30,gaussian,0.5,124,154
0.029265623539686203,0.025591295212507248,0.0265493206679821,0.02322552725672722,0.07011120766401291,0.026098644360899925,0.0024472661316394806,0.10839491337537766,0.19611626863479614,0.3171869218349457,360,perturb,1,gaussian,0.7,75,76
0.04051455855369568,0.03535754606127739,0.0409049391746521,0.035789187997579575,0.10949689149856567,0.04874877631664276,0.004161251708865166,0.09933400899171829,0.1904647946357727,0.3227078318595886,360,perturb,2,gaussian,0.7,75,77
0.04454588145017624,0.03898249566555023,0.06259198486804962,0.05476070195436478,0.13354243338108063,0.06900402903556824,0.005397144239395857,0.09968281537294388,0.1867520809173584,0.32685068249702454,360,perturb,3,gaussian,0.7,75,78
0.04545266553759575,0.03986738249659538,0.07713349908590317,0.0674818828701973,0.16066502034664154,0.08803783357143402,0.006462338846176863,0.10231465846300125,0.18208527565002441,0.3349367678165436,360,perturb,4,gaussian,0.7,75,79
0.04662569239735603,0.04087456688284874,0.08495665341615677,0.07433934509754181,0.17595772445201874,0.10304753482341766,0.00730466702952981,0.09855544567108154,0.1860584020614624,0.34151923656463623,360,perturb,5,gaussian,0.7,75,80
0.06073379889130592,0.053225066512823105,0.09432961046695709,0.0825461596250534,0.19488507509231567,0.1247178167104721,0.008349156007170677,0.09876140207052231,0.18952082097530365,0.3517165780067444,360,perturb,7,gaussian,0.7,75,82
0.07016898691654205,0.061379630118608475,0.11669614166021347,0.10211114585399628,0.2146681547164917,0.15845149755477905,0.009843519888818264,0.11009695380926132,0.18543818593025208,0.3594706058502197,360,perturb,10,gaussian,0.7,75,85
0.0687919557094574,0.06023261696100235,0.13240426778793335,0.11584510654211044,0.24696236848831177,0.20070210099220276,0.01180627103894949,0.11149189621210098,0.18465450406074524,0.3740786910057068,360,perturb,15,gaussian,0.7,75,90
0.07312893122434616,0.0638957992196083,0.16091471910476685,0.1407904028892517,0.3010408580303192,0.24344904720783234,0.014621363952755928,0.12200035899877548,0.20129922032356262,0.3945794701576233,360,perturb,20,gaussian,0.7,75,95
0.08340135216712952,0.07300194352865219,0.13849574327468872,0.12118548154830933,0.34558501839637756,0.29162317514419556,0.01742267608642578,0.1413462907075882,0.21171975135803223,0.42072367668151855,360,perturb,30,gaussian,0.7,75,105
0.049762822687625885,0.04359309375286102,0.05304091423749924,0.046406857669353485,0.20372900366783142,0.22344276309013367,0.016976188868284225,0.08122588694095612,0.09363959729671478,0.574062705039978,974,perturb,1,gaussian,0.3,174,175
0.06371074169874191,0.055722855031490326,0.07536186277866364,0.06594005227088928,0.26241499185562134,0.33805009722709656,0.024614479392766953,0.08978485316038132,0.09971621632575989,0.5753114819526672,974,perturb,2,gaussian,0.3,174,176
0.0584329217672348,0.051113031804561615,0.06306096911430359,0.05516422167420387,0.3023066520690918,0.4219498336315155,0.030527498573064804,0.0950009673833847,0.10338590294122696,0.5640617609024048,974,perturb,3,gaussian,0.3,174,177
0.0642198771238327,0.05610271543264389,0.06310304999351501,0.055206798017024994,0.31582242250442505,0.4474397301673889,0.03310020640492439,0.09566106647253036,0.10280797630548477,0.5636339783668518,974,perturb,4,gaussian,0.3,174,178
0.0684308335185051,0.05980084091424942,0.06743689626455307,0.059016190469264984,0.3343874514102936,0.4889121949672699,0.037001729011535645,0.09559091180562973,0.099556103348732,0.5645807981491089,974,perturb,5,gaussian,0.3,174,179
0.07320907711982727,0.06412696093320847,0.0893717035651207,0.07820075005292892,0.35044464468955994,0.504211962223053,0.0377441830933094,0.09361299872398376,0.11271511018276215,0.5689039826393127,974,perturb,7,gaussian,0.3,174,181
0.08596687763929367,0.075355164706707,0.12340454012155533,0.10797160863876343,0.40913182497024536,0.6033896207809448,0.04544507712125778,0.09646093845367432,0.12396576255559921,0.5879957675933838,974,perturb,10,gaussian,0.3,174,184
0.08017022907733917,0.07002139091491699,0.1148141399025917,0.10047328472137451,0.44720518589019775,0.7074239253997803,0.05516878515481949,0.09820535033941269,0.12628339231014252,0.5910661220550537,974,perturb,15,gaussian,0.3,174,189
0.06667988747358322,0.058415450155735016,0.11748941242694855,0.1028001606464386,0.45052570104599,0.7016155123710632,0.0559077151119709,0.08859365433454514,0.13628952205181122,0.6001371741294861,974,perturb,20,gaussian,0.3,174,194
0.06989685446023941,0.061147309839725494,0.12471453845500946,0.10912717878818512,0.43203991651535034,0.6625654101371765,0.05163367837667465,0.0978311151266098,0.14595097303390503,0.6277731657028198,974,perturb,30,gaussian,0.3,174,204
0.020092971622943878,0.017659684643149376,0.011834860779345036,0.010365685448050499,0.0663573369383812,0.034019142389297485,0.0014578182017430663,0.08668319135904312,0.06587978452444077,0.34967607259750366,974,perturb,1,gaussian,0.5,124,125
0.026280654594302177,0.022898320108652115,0.017609640955924988,0.015424675308167934,0.0884520635008812,0.04793902114033699,0.0021831176709383726,0.08725863695144653,0.06639594584703445,0.3482253849506378,974,perturb,2,gaussian,0.5,124,126
0.028742961585521698,0.025098003447055817,0.02538658306002617,0.022214094176888466,0.11385801434516907,0.061720892786979675,0.003025334095582366,0.08352795243263245,0.06833228468894958,0.3554369807243347,974,perturb,3,gaussian,0.5,124,127
0.03232620656490326,0.028390126302838326,0.02970690093934536,0.02599124237895012,0.13065437972545624,0.07091587781906128,0.0036258245818316936,0.08337077498435974,0.06900773197412491,0.357185423374176,974,perturb,4,gaussian,0.5,124,128
0.0366060845553875,0.03201620280742645,0.0356612354516983,0.031199980527162552,0.14664967358112335,0.08041663467884064,0.0042482162825763226,0.08522769808769226,0.07081432640552521,0.36325621604919434,974,perturb,5,gaussian,0.5,124,129
0.0476793572306633,0.0416431725025177,0.044541362673044205,0.03896097466349602,0.16921977698802948,0.10353828221559525,0.005276667419821024,0.0826171487569809,0.07309184968471527,0.36625099182128906,974,perturb,7,gaussian,0.5,124,131
0.0656648799777031,0.05750259757041931,0.049800220876932144,0.0435800701379776,0.2298154979944229,0.16639995574951172,0.009358685463666916,0.083577461540699,0.07297224551439285,0.3813230097293854,974,perturb,10,gaussian,0.5,124,134
0.09227558225393295,0.08072131127119064,0.07586371898651123,0.06639867275953293,0.3179855942726135,0.27385640144348145,0.017832059413194656,0.0861772745847702,0.08067657053470612,0.42112845182418823,974,perturb,15,gaussian,0.5,124,139
0.09308982640504837,0.08135179430246353,0.06851540505886078,0.059946149587631226,0.34619465470314026,0.3307957053184509,0.02355973795056343,0.08565814793109894,0.08265427500009537,0.45040473341941833,974,perturb,20,gaussian,0.5,124,144
0.09471073001623154,0.08278907835483551,0.07726173847913742,0.06761433184146881,0.3732031285762787,0.4323619306087494,0.03215956315398216,0.08842454850673676,0.08300890028476715,0.48973405361175537,974,perturb,30,gaussian,0.5,124,154
0.008981826715171337,0.007828673347830772,0.014002719894051552,0.012252702377736568,0.026071852073073387,0.00972825475037098,0.000380364537704736,0.04202509671449661,0.04975923150777817,0.1973891705274582,974,perturb,1,gaussian,0.7,75,76
0.01511397771537304,0.013162404298782349,0.02043057791888714,0.017873132601380348,0.03842727094888687,0.01703260838985443,0.0006241120863705873,0.04196631908416748,0.05114242434501648,0.20026443898677826,974,perturb,2,gaussian,0.7,75,77
0.021396733820438385,0.018619917333126068,0.027914540842175484,0.024431664496660233,0.05376838892698288,0.02359803207218647,0.0008342836517840624,0.04567907005548477,0.05445446819067001,0.2061680257320404,974,perturb,3,gaussian,0.7,75,78
0.025218922644853592,0.022092463448643684,0.03378445655107498,0.029578302055597305,0.06746131181716919,0.030002720654010773,0.0010327595518901944,0.04743704944849014,0.056535251438617706,0.21022339165210724,974,perturb,4,gaussian,0.7,75,79
0.02856612578034401,0.02501986175775528,0.03817464038729668,0.033389121294021606,0.07493337243795395,0.035419099032878876,0.0012092930264770985,0.05133073031902313,0.05699943006038666,0.21424579620361328,974,perturb,5,gaussian,0.7,75,80
0.02848432958126068,0.02502811700105667,0.04339062422513962,0.037959083914756775,0.0875135287642479,0.04515187442302704,0.0015487134223803878,0.05419619381427765,0.056477829813957214,0.21957147121429443,974,perturb,7,gaussian,0.7,75,82
0.036932725459337234,0.03232019394636154,0.05156422406435013,0.045109305530786514,0.10648877173662186,0.0596577450633049,0.0020207175984978676,0.06409740447998047,0.05639462172985077,0.22748228907585144,974,perturb,10,gaussian,0.7,75,85
0.04691004008054733,0.04099104553461075,0.05418846011161804,0.04740491509437561,0.13708387315273285,0.08108161389827728,0.002921831561252475,0.07548423856496811,0.061462193727493286,0.23937389254570007,974,perturb,15,gaussian,0.7,75,90
0.04948851093649864,0.04326983913779259,0.07455725967884064,0.06522443890571594,0.16145002841949463,0.0968945100903511,0.003720655106008053,0.08633297681808472,0.07869043201208115,0.2556086778640747,974,perturb,20,gaussian,0.7,75,95
0.05058703199028969,0.04413849860429764,0.06827839463949203,0.059757739305496216,0.20477266609668732,0.1320028156042099,0.005454009398818016,0.07905160635709763,0.06828920543193817,0.2811047434806824,974,perturb,30,gaussian,0.7,75,105
0.025455234572291374,0.02226370759308338,0.07502079010009766,0.06563998758792877,0.1500883400440216,0.1420721411705017,0.011824625544250011,0.12007572501897812,0.4250146150588989,0.5719223022460938,13,perturb,1,gaussian,0.3,174,175
0.050027891993522644,0.043818820267915726,0.1041988804936409,0.09117509424686432,0.22493669390678406,0.23169681429862976,0.02012987993657589,0.12006737291812897,0.4280465245246887,0.5838203430175781,13,perturb,2,gaussian,0.3,174,176
0.09171231091022491,0.08025266975164413,0.23178879916667938,0.20279693603515625,0.38995110988616943,0.42972758412361145,0.04743340238928795,0.11391667276620865,0.3963826596736908,0.5772495269775391,13,perturb,3,gaussian,0.3,174,177
0.09509061276912689,0.08308243006467819,0.22602099180221558,0.19777005910873413,0.42714887857437134,0.527018666267395,0.06608503311872482,0.11125797033309937,0.3736743927001953,0.5801681280136108,13,perturb,4,gaussian,0.3,174,178
0.09296748042106628,0.08132313191890717,0.2438124716281891,0.2133251279592514,0.44923490285873413,0.5596211552619934,0.07192789018154144,0.11245761811733246,0.3695213794708252,0.5777232646942139,13,perturb,5,gaussian,0.3,174,179
0.09256082028150558,0.08091932535171509,0.23742373287677765,0.2077484130859375,0.46543824672698975,0.6107815504074097,0.07818190008401871,0.11005987972021103,0.369084894657135,0.5816296935081482,13,perturb,7,gaussian,0.3,174,181
0.08762814849615097,0.0766594409942627,0.20169517397880554,0.1764562427997589,0.507737398147583,0.670890212059021,0.08814045786857605,0.10267555713653564,0.3649654686450958,0.5965842008590698,13,perturb,10,gaussian,0.3,174,184
0.1066727489233017,0.09326858818531036,0.2054220288991928,0.179746612906456,0.5779954791069031,0.7995588183403015,0.10139482468366623,0.1128268912434578,0.3607819676399231,0.6453787088394165,13,perturb,15,gaussian,0.3,174,189
0.09373540431261063,0.08196654915809631,0.21577005088329315,0.18880920112133026,0.5913026332855225,0.770272970199585,0.09204180538654327,0.10402059555053711,0.371533066034317,0.6605242490768433,13,perturb,20,gaussian,0.3,174,194
0.08735568821430206,0.07636857032775879,0.21541592478752136,0.18849042057991028,0.531363308429718,0.668445348739624,0.07415030896663666,0.10062067210674286,0.4195462465286255,0.7170839309692383,13,perturb,30,gaussian,0.3,174,204
0.025936828926205635,0.022707222029566765,0.04028098285198212,0.03522658720612526,0.09428682178258896,0.060135290026664734,0.0038734995760023594,0.06610659509897232,0.20113448798656464,0.340531587600708,13,perturb,1,gaussian,0.5,124,125
0.03326821327209473,0.02909344993531704,0.06573627889156342,0.05752572417259216,0.14107240736484528,0.1008215844631195,0.006582914851605892,0.0700782909989357,0.20792505145072937,0.3417220115661621,13,perturb,2,gaussian,0.5,124,126
0.031266242265701294,0.02730339951813221,0.08025559782981873,0.07022632658481598,0.16430409252643585,0.13001050055027008,0.00825678464025259,0.06806544214487076,0.20958086848258972,0.34077733755111694,13,perturb,3,gaussian,0.5,124,127
0.042425088584423065,0.037141501903533936,0.0985121801495552,0.08618149906396866,0.17291730642318726,0.14500778913497925,0.010142512619495392,0.07741665095090866,0.22329267859458923,0.34581953287124634,13,perturb,4,gaussian,0.5,124,128
0.03977549076080322,0.03485460951924324,0.09360281378030777,0.08192849159240723,0.18838413059711456,0.16375882923603058,0.0118535365909338,0.07497591525316238,0.22624996304512024,0.34308263659477234,13,perturb,5,gaussian,0.5,124,129
0.043398451060056686,0.03792575001716614,0.10624998062849045,0.09297618269920349,0.21175163984298706,0.20389875769615173,0.0162951722741127,0.08022177964448929,0.22833704948425293,0.3463350832462311,13,perturb,7,gaussian,0.5,124,131
0.04327917844057083,0.037890464067459106,0.12288572639226913,0.1075354814529419,0.23107880353927612,0.25604891777038574,0.021851476281881332,0.08083480596542358,0.22942763566970825,0.36760032176971436,13,perturb,10,gaussian,0.5,124,134
0.055742088705301285,0.048667147755622864,0.15414375066757202,0.1348637342453003,0.3428667187690735,0.40504610538482666,0.04481934756040573,0.08625025302171707,0.2685244679450989,0.40067458152770996,13,perturb,15,gaussian,0.5,124,139
0.07595662027597427,0.06643608212471008,0.26895105838775635,0.23531275987625122,0.4513343572616577,0.5256756544113159,0.06329481303691864,0.08710622787475586,0.2964179217815399,0.47579705715179443,13,perturb,20,gaussian,0.5,124,144
0.10859212279319763,0.09509565681219101,0.2841278314590454,0.24861277639865875,0.4959768056869507,0.5426144003868103,0.0643819123506546,0.10741429775953293,0.31190186738967896,0.5392158031463623,13,perturb,30,gaussian,0.5,124,154
0.014109831303358078,0.012269913218915462,0.017374511808156967,0.015210714191198349,0.0802059918642044,0.02833610400557518,0.0021269996650516987,0.05620894581079483,0.17751967906951904,0.2483791708946228,13,perturb,1,gaussian,0.7,75,76
0.018732214346528053,0.016458425670862198,0.02534075453877449,0.02216285467147827,0.10336379706859589,0.04315079376101494,0.002923235995694995,0.0582960844039917,0.17672601342201233,0.256440669298172,13,perturb,2,gaussian,0.7,75,77
0.021804092451930046,0.01902821473777294,0.03291779384016991,0.028793301433324814,0.12300390005111694,0.05522727221250534,0.0034956615418195724,0.059437841176986694,0.18071965873241425,0.2626385986804962,13,perturb,3,gaussian,0.7,75,78
0.023688985034823418,0.020687401294708252,0.04064442589879036,0.035556595772504807,0.13757014274597168,0.06488625705242157,0.003994172438979149,0.06112557649612427,0.18281707167625427,0.26695001125335693,13,perturb,4,gaussian,0.7,75,79
0.0288358423858881,0.02515707165002823,0.04546205699443817,0.03975716233253479,0.1516062319278717,0.0753936767578125,0.0045648906379938126,0.0657663345336914,0.1848416030406952,0.2704159617424011,13,perturb,5,gaussian,0.7,75,80
0.034319158643484116,0.030032826587557793,0.05976831912994385,0.052294399589300156,0.16813449561595917,0.09010820090770721,0.005393912550061941,0.07067620754241943,0.19553937017917633,0.2772780656814575,13,perturb,7,gaussian,0.7,75,82
0.030240148305892944,0.026495331898331642,0.06821244955062866,0.05968595668673515,0.1767614632844925,0.10283317416906357,0.00565657252445817,0.06749576330184937,0.20864421129226685,0.2798117995262146,13,perturb,10,gaussian,0.7,75,85
0.033760908991098404,0.02959730289876461,0.0736885592341423,0.06446907669305801,0.1990853101015091,0.12488079816102982,0.006861971225589514,0.07239145785570145,0.20860350131988525,0.28997111320495605,13,perturb,15,gaussian,0.7,75,90
0.046040307730436325,0.040223218500614166,0.08224576711654663,0.07195381820201874,0.2219487577676773,0.15666328370571136,0.0087579982355237,0.08165834099054337,0.2151363492012024,0.3045504093170166,13,perturb,20,gaussian,0.7,75,95
0.043435174971818924,0.0379633754491806,0.09421055763959885,0.08242807537317276,0.2613123953342438,0.20907488465309143,0.013371569104492664,0.07599854469299316,0.21592578291893005,0.31963545083999634,13,perturb,30,gaussian,0.7,75,105
0.11203618347644806,0.09802982211112976,0.2744669020175934,0.24015899002552032,0.44781264662742615,0.6738988161087036,0.049647871404886246,0.11002597957849503,0.3130190968513489,0.6339662075042725,14,perturb,1,gaussian,0.3,174,175
0.10355787724256516,0.09056657552719116,0.27440255880355835,0.24008530378341675,0.4544582664966583,0.6843680143356323,0.05082240328192711,0.10343457013368607,0.3111569285392761,0.6326394081115723,14,perturb,2,gaussian,0.3,174,176
0.1152556762099266,0.10086189210414886,0.29798999428749084,0.26073703169822693,0.4766925573348999,0.7201821804046631,0.05456369370222092,0.10765169560909271,0.3226463198661804,0.6304604411125183,14,perturb,3,gaussian,0.3,174,177
0.12177159637212753,0.10652446001768112,0.2917892336845398,0.2553233504295349,0.4968094825744629,0.7432731986045837,0.058261774480342865,0.11659656465053558,0.3278440833091736,0.6349177360534668,14,perturb,4,gaussian,0.3,174,178
0.11977697908878326,0.10481753945350647,0.30608105659484863,0.2678186893463135,0.509232759475708,0.7347093224525452,0.05760825052857399,0.11802069842815399,0.3261186182498932,0.6393999457359314,14,perturb,5,gaussian,0.3,174,179
0.09410843253135681,0.08240027725696564,0.30057305097579956,0.26299455761909485,0.4915871024131775,0.7282299399375916,0.05916956812143326,0.12085757404565811,0.35888972878456116,0.6513180732727051,14,perturb,7,gaussian,0.3,174,181
0.0951739251613617,0.08323120325803757,0.26298078894615173,0.23011402785778046,0.49068474769592285,0.7495730519294739,0.06099579483270645,0.12300673127174377,0.3382035195827484,0.6511979103088379,14,perturb,10,gaussian,0.3,174,184
0.10229436308145523,0.0895630270242691,0.26592862606048584,0.2326827049255371,0.5022953152656555,0.760643720626831,0.06129869818687439,0.12476532906293869,0.326948344707489,0.6531044840812683,14,perturb,15,gaussian,0.3,174,189
0.05520285293459892,0.04834229126572609,0.22075721621513367,0.19314706325531006,0.4180716872215271,0.5596295595169067,0.04256652295589447,0.13935977220535278,0.37076592445373535,0.6769362092018127,14,perturb,20,gaussian,0.3,174,194
0.05897398293018341,0.051564473658800125,0.1942378133535385,0.16996869444847107,0.3469400107860565,0.38142678141593933,0.025019550696015358,0.1360417604446411,0.35773801803588867,0.6962871551513672,14,perturb,30,gaussian,0.3,174,204
0.043211597949266434,0.03770428150892258,0.08314105868339539,0.07275041937828064,0.11503894627094269,0.1322953701019287,0.007416279520839453,0.0580083429813385,0.15801651775836945,0.27937769889831543,14,perturb,1,gaussian,0.5,124,125
0.05375761166214943,0.046920858323574066,0.10301105678081512,0.0901305228471756,0.13956096768379211,0.15486417710781097,0.008858352899551392,0.062292881309986115,0.16961929202079773,0.2888091504573822,14,perturb,2,gaussian,0.5,124,126
0.05833612382411957,0.05095035582780838,0.12145347148180008,0.10626211017370224,0.17218774557113647,0.18092994391918182,0.010145283304154873,0.06365370750427246,0.16325873136520386,0.2933048903942108,14,perturb,3,gaussian,0.5,124,127
0.06331561505794525,0.0554751418530941,0.13027426600456238,0.11397860944271088,0.18924686312675476,0.20424216985702515,0.011534146033227444,0.07212372869253159,0.17456839978694916,0.29804033041000366,14,perturb,4,gaussian,0.5,124,128
0.06724144518375397,0.05880808085203171,0.14552217721939087,0.12733295559883118,0.21523988246917725,0.24360477924346924,0.014678189530968666,0.07033168524503708,0.17050057649612427,0.30492615699768066,14,perturb,5,gaussian,0.5,124,129
0.0652974545955658,0.05709001421928406,0.14812694489955902,0.1296200454235077,0.23085041344165802,0.2696898579597473,0.016665522009134293,0.06656104326248169,0.1757316291332245,0.31388553977012634,14,perturb,7,gaussian,0.5,124,131
0.05921899527311325,0.05184212699532509,0.14931495487689972,0.13064561784267426,0.24602952599525452,0.288287878036499,0.01856067404150963,0.06335195153951645,0.1758841872215271,0.32135558128356934,14,perturb,10,gaussian,0.5,124,134
0.069199338555336,0.06064210832118988,0.15106722712516785,0.13217616081237793,0.3219151496887207,0.40580689907073975,0.025423841550946236,0.0636972039937973,0.18187393248081207,0.35107290744781494,14,perturb,15,gaussian,0.5,124,139
0.06601732224225998,0.0577726848423481,0.18109242618083954,0.15844742953777313,0.32823556661605835,0.4895517826080322,0.035405293107032776,0.06075013428926468,0.19555647671222687,0.3606871962547302,14,perturb,20,gaussian,0.5,124,144
0.06797218322753906,0.059489309787750244,0.1800202876329422,0.1575103998184204,0.3411797285079956,0.5421004295349121,0.03954196721315384,0.07370103150606155,0.1977715790271759,0.401352196931839,14,perturb,30,gaussian,0.5,124,154
0.009635708294808865,0.008406468667089939,0.014838259667158127,0.01298664603382349,0.028009001165628433,0.018994957208633423,0.001050245831720531,0.03884950280189514,0.09409338980913162,0.15109312534332275,14,perturb,1,gaussian,0.7,75,76
0.014225930906832218,0.01242910698056221,0.02265445701777935,0.019818313419818878,0.04079858213663101,0.03175457566976547,0.0016300971619784832,0.04157712310552597,0.09447696059942245,0.15224261581897736,14,perturb,2,gaussian,0.7,75,77
0.017537735402584076,0.01527030672878027,0.02930079959332943,0.02566518634557724,0.04906695336103439,0.04064253717660904,0.0020405256655067205,0.04368371516466141,0.09314677119255066,0.15427109599113464,14,perturb,3,gaussian,0.7,75,78
0.018331298604607582,0.016088658943772316,0.033994369208812714,0.029744651168584824,0.05609173700213432,0.0491807796061039,0.0024424130097031593,0.04076158255338669,0.09388417750597,0.15653574466705322,14,perturb,4,gaussian,0.7,75,79
0.02252025529742241,0.019675536081194878,0.04194827005267143,0.036708079278469086,0.06335090845823288,0.05832424759864807,0.0029005880933254957,0.04207902401685715,0.09663359820842743,0.1579078882932663,14,perturb,5,gaussian,0.7,75,80
0.02887912653386593,0.02523045614361763,0.08423463255167007,0.07369446754455566,0.08597423881292343,0.08297426998615265,0.00414395984262228,0.04383928328752518,0.11387782543897629,0.16498138010501862,14,perturb,7,gaussian,0.7,75,82
0.03575979918241501,0.0312519297003746,0.08974968641996384,0.07853887230157852,0.10110824555158615,0.10192003846168518,0.005172006785869598,0.043795160949230194,0.1087423637509346,0.1753796488046646,14,perturb,10,gaussian,0.7,75,85
0.04427467659115791,0.03869627043604851,0.13042128086090088,0.1141282469034195,0.12536273896694183,0.13919244706630707,0.007241515908390284,0.05109530687332153,0.12594293057918549,0.19198115170001984,14,perturb,15,gaussian,0.7,75,90
0.05457252264022827,0.047701720148324966,0.1364104151725769,0.11935769021511078,0.14305023849010468,0.16740092635154724,0.009042197838425636,0.053478844463825226,0.12744611501693726,0.20313555002212524,14,perturb,20,gaussian,0.7,75,95
0.055570174008607864,0.04871222376823425,0.15871372818946838,0.13889062404632568,0.19896236062049866,0.230182483792305,0.013686948455870152,0.05644925683736801,0.16762058436870575,0.2441798448562622,14,perturb,30,gaussian,0.7,75,105
0.04236642271280289,0.03704509139060974,0.1340598315000534,0.11730241775512695,0.17801278829574585,0.08732963353395462,0.011476594023406506,0.15913251042366028,0.693626344203949,0.632270336151123,82,perturb,1,gaussian,0.3,174,175
0.09803701192140579,0.08580929040908813,0.3837758004665375,0.33581361174583435,0.3769298493862152,0.2702959179878235,0.040598440915346146,0.15273159742355347,0.6399432420730591,0.6308892965316772,82,perturb,2,gaussian,0.3,174,176
0.1045093983411789,0.09147420525550842,0.37489068508148193,0.32802510261535645,0.42769545316696167,0.3903143107891083,0.05347319319844246,0.1594143807888031,0.6377593874931335,0.6458714008331299,82,perturb,3,gaussian,0.3,174,177
0.0986534133553505,0.08635532855987549,0.37823376059532166,0.33095782995224,0.4398099482059479,0.41728413105010986,0.05679914355278015,0.15740561485290527,0.6486696004867554,0.6496495008468628,82,perturb,4,gaussian,0.3,174,178
0.12480156123638153,0.10930896550416946,0.46337899565696716,0.4054584503173828,0.4806949198246002,0.46356144547462463,0.06239185854792595,0.15939466655254364,0.6226546764373779,0.6511693596839905,82,perturb,5,gaussian,0.3,174,179
0.13791139423847198,0.12064170092344284,0.46164608001708984,0.40392595529556274,0.4981361925601959,0.49053600430488586,0.06521694362163544,0.15715163946151733,0.6032201051712036,0.6599937081336975,82,perturb,7,gaussian,0.3,174,181
0.16975948214530945,0.14862430095672607,0.5908569693565369,0.5170000791549683,0.5992711782455444,0.6389078497886658,0.08201657980680466,0.15939748287200928,0.641502320766449,0.6724895238876343,82,perturb,10,gaussian,0.3,174,184
0.1634230613708496,0.14295834302902222,0.5861798524856567,0.5129061341285706,0.6292975544929504,0.7615554332733154,0.09559892117977142,0.1522662490606308,0.6463334560394287,0.6995687484741211,82,perturb,15,gaussian,0.3,174,189
0.13901571929454803,0.12168688327074051,0.5043166875839233,0.4412783980369568,0.5201741456985474,0.6313034296035767,0.07308664172887802,0.1529371738433838,0.6286346316337585,0.7209226489067078,82,perturb,20,gaussian,0.3,174,194
0.14701013267040253,0.1286458671092987,0.4868767261505127,0.42603015899658203,0.5096981525421143,0.5690665245056152,0.05570012331008911,0.15993280708789825,0.6437143683433533,0.7140673398971558,82,perturb,30,gaussian,0.3,174,204
0.04155079647898674,0.03620539605617523,0.09537656605243683,0.08345133811235428,0.1267533153295517,0.0776790902018547,0.010652965866029263,0.10169388353824615,0.32646408677101135,0.40001118183135986,82,perturb,1,gaussian,0.5,124,125
0.04692509397864342,0.04103928804397583,0.10750514268875122,0.09407171607017517,0.1564849466085434,0.10054381191730499,0.013312696479260921,0.10128828138113022,0.33287274837493896,0.4085691571235657,82,perturb,2,gaussian,0.5,124,126
0.056395191699266434,0.04926285520195961,0.12032417953014374,0.10527756810188293,0.18939393758773804,0.1287868618965149,0.016149789094924927,0.09983155131340027,0.32630860805511475,0.4118117690086365,82,perturb,3,gaussian,0.5,124,127
0.06001100689172745,0.05255091190338135,0.13319545984268188,0.11654406785964966,0.20587804913520813,0.14383521676063538,0.01812690496444702,0.09726212918758392,0.33300095796585083,0.41787853837013245,82,perturb,4,gaussian,0.5,124,128
0.05655195191502571,0.04947285354137421,0.14111998677253723,0.12350581586360931,0.21471156179904938,0.15286371111869812,0.019081201404333115,0.09542442858219147,0.336113303899765,0.42175158858299255,82,perturb,5,gaussian,0.5,124,129
0.06553804129362106,0.057362668216228485,0.17935018241405487,0.15694785118103027,0.24838107824325562,0.19603954255580902,0.024552376940846443,0.09489341825246811,0.33919525146484375,0.43075138330459595,82,perturb,7,gaussian,0.5,124,131
0.06580032408237457,0.05757085978984833,0.2122742235660553,0.18573087453842163,0.27838146686553955,0.2248825579881668,0.028301076963543892,0.09442378580570221,0.3516963720321655,0.44314831495285034,82,perturb,10,gaussian,0.5,124,134
0.07130410522222519,0.06241195276379585,0.20456978678703308,0.17899620532989502,0.3601604402065277,0.3160664439201355,0.03899146616458893,0.09844223409891129,0.3652018904685974,0.4683349132537842,82,perturb,15,gaussian,0.5,124,139
0.11036600172519684,0.09653962403535843,0.30858680605888367,0.27002301812171936,0.49628567695617676,0.3854483962059021,0.04703327268362045,0.11491559445858002,0.4050407409667969,0.5294334292411804,82,perturb,20,gaussian,0.5,124,144
0.08952545374631882,0.07840429991483688,0.30014753341674805,0.2626253068447113,0.46041491627693176,0.4482872486114502,0.05965618044137955,0.11793595552444458,0.4044075906276703,0.5347356796264648,82,perturb,30,gaussian,0.5,124,154
0.021333487704396248,0.018643775954842567,0.08024664223194122,0.07021933794021606,0.06617343425750732,0.01927875727415085,0.00218921503983438,0.08240385353565216,0.3051263689994812,0.3596445918083191,82,perturb,1,gaussian,0.7,75,76
0.03847438097000122,0.03358455002307892,0.13590994477272034,0.11890280246734619,0.10117005556821823,0.03397189453244209,0.0034075560979545116,0.07855650782585144,0.31047481298446655,0.36565089225769043,82,perturb,2,gaussian,0.7,75,77
0.04942026361823082,0.043314505368471146,0.17024098336696625,0.14895467460155487,0.12214238941669464,0.04602763429284096,0.004257522523403168,0.07951776683330536,0.3185896873474121,0.36861345171928406,82,perturb,3,gaussian,0.7,75,78
0.06257544457912445,0.05478088557720184,0.1984250694513321,0.17362897098064423,0.14033284783363342,0.057638488709926605,0.005048273131251335,0.0801193043589592,0.32598549127578735,0.3751799464225769,82,perturb,4,gaussian,0.7,75,79
0.0717601329088211,0.06278084963560104,0.21803142130374908,0.19075873494148254,0.15412700176239014,0.06799940764904022,0.005762369371950626,0.08068563789129257,0.3292222321033478,0.3761698007583618,82,perturb,5,gaussian,0.7,75,80
0.08202365040779114,0.07173287868499756,0.24212229251861572,0.21184462308883667,0.17679494619369507,0.0866476446390152,0.0069965785369277,0.08263787627220154,0.33680951595306396,0.3791928291320801,82,perturb,7,gaussian,0.7,75,82
0.08984121680259705,0.07863149046897888,0.24815501272678375,0.2171354740858078,0.19793206453323364,0.10909302532672882,0.00843389518558979,0.08293235301971436,0.3418230712413788,0.38904869556427,82,perturb,10,gaussian,0.7,75,85
0.08956316113471985,0.07840053737163544,0.2762703001499176,0.2417277842760086,0.23880751430988312,0.13877823948860168,0.010748329572379589,0.08329595625400543,0.3518938720226288,0.40698206424713135,82,perturb,15,gaussian,0.7,75,90
0.0971769168972969,0.08501783758401871,0.29783815145492554,0.26060953736305237,0.2690538167953491,0.16513043642044067,0.013096206821501255,0.08996366709470749,0.3675890564918518,0.42054322361946106,82,perturb,20,gaussian,0.7,75,95
0.08223061263561249,0.07202363014221191,0.3104994297027588,0.27169719338417053,0.2848126292228699,0.22315151989459991,0.020011866465210915,0.08002331107854843,0.3557988703250885,0.4330410063266754,82,perturb,30,gaussian,0.7,75,105
0.02663535811007023,0.023228202015161514,0.03776552155613899,0.03304208070039749,0.07285278290510178,0.04360519349575043,0.0031808854546397924,0.12872642278671265,0.2235768437385559,0.7522974014282227,85,perturb,1,gaussian,0.3,174,175
0.06989435106515884,0.0611853301525116,0.09031324088573456,0.0790383368730545,0.14625462889671326,0.1049514189362526,0.006530846934765577,0.1421886682510376,0.1995018571615219,0.7284646034240723,85,perturb,2,gaussian,0.3,174,176
0.07523292303085327,0.06583575159311295,0.09422245621681213,0.08242850750684738,0.17305614054203033,0.13784605264663696,0.00890282541513443,0.14132478833198547,0.18665799498558044,0.7222607135772705,85,perturb,3,gaussian,0.3,174,177
0.06718648225069046,0.058778584003448486,0.09500957280397415,0.08314629644155502,0.1992606222629547,0.16066963970661163,0.010215068235993385,0.1391538679599762,0.1819910705089569,0.7216116189956665,85,perturb,4,gaussian,0.3,174,178
0.08247128129005432,0.07217525690793991,0.11794916540384293,0.10319633036851883,0.21487417817115784,0.17765632271766663,0.011470584198832512,0.15707367658615112,0.18600454926490784,0.718340277671814,85,perturb,5,gaussian,0.3,174,179
0.09352865070104599,0.0817941427230835,0.12627775967121124,0.11048343777656555,0.30173251032829285,0.2693288326263428,0.018862802535295486,0.14333078265190125,0.18794593214988708,0.7060772776603699,85,perturb,7,gaussian,0.3,174,181
0.15877459943294525,0.1389005482196808,0.2501671314239502,0.21891286969184875,0.4410112798213959,0.4456188678741455,0.03730027750134468,0.1531166136264801,0.2453702986240387,0.7197250127792358,85,perturb,10,gaussian,0.3,174,184
0.12555120885372162,0.1098676472902298,0.25657618045806885,0.2245050072669983,0.43574297428131104,0.47897231578826904,0.0428495816886425,0.1445147544145584,0.23296749591827393,0.7365962266921997,85,perturb,15,gaussian,0.3,174,189
0.10985543578863144,0.0961407870054245,0.22385087609291077,0.19586855173110962,0.4418281316757202,0.48661428689956665,0.04338573291897774,0.12957514822483063,0.20617777109146118,0.7384413480758667,85,perturb,20,gaussian,0.3,174,194
0.06268151849508286,0.05499512702226639,0.07713565230369568,0.0674876868724823,0.311083048582077,0.34472277760505676,0.03054659441113472,0.11343786120414734,0.1580793261528015,0.7498670816421509,85,perturb,30,gaussian,0.3,174,204
0.05009489133954048,0.043885789811611176,0.049738503992557526,0.04351405054330826,0.23334822058677673,0.1567460000514984,0.011805767193436623,0.10236856341362,0.09473856538534164,0.5309436321258545,85,perturb,1,gaussian,0.5,124,125
0.05571041256189346,0.04883351922035217,0.05329694226384163,0.046624429523944855,0.2711751461029053,0.18961340188980103,0.014352282509207726,0.10801418870687485,0.10252919048070908,0.5539566874504089,85,perturb,2,gaussian,0.5,124,126
0.06401906907558441,0.05595682933926582,0.05928649380803108,0.051861632615327835,0.29926443099975586,0.21848270297050476,0.017161408439278603,0.10937046259641647,0.10235454887151718,0.5517941117286682,85,perturb,3,gaussian,0.5,124,127
0.07406030595302582,0.06474623829126358,0.06796713173389435,0.05949147045612335,0.35179057717323303,0.2773683965206146,0.0219153743237257,0.1108756959438324,0.10278894007205963,0.5470174551010132,85,perturb,4,gaussian,0.5,124,128
0.07981085032224655,0.0699148029088974,0.07035648077726364,0.061559464782476425,0.3761600852012634,0.30812761187553406,0.02447059191763401,0.11593402177095413,0.10509426146745682,0.5570089221000671,85,perturb,5,gaussian,0.5,124,129
0.08739197999238968,0.07643969357013702,0.08744529634714127,0.07651625573635101,0.45747578144073486,0.4233226180076599,0.03836936876177788,0.11081442981958389,0.10324999690055847,0.5621949434280396,85,perturb,7,gaussian,0.5,124,131
0.08654838055372238,0.07574912905693054,0.09553996473550797,0.08359222114086151,0.486696720123291,0.4457871913909912,0.03987696394324303,0.11190228164196014,0.11389784514904022,0.5772776007652283,85,perturb,10,gaussian,0.5,124,134
0.10413829982280731,0.09109236299991608,0.0996960699558258,0.08724051713943481,0.5277066230773926,0.5406710505485535,0.04813051596283913,0.11959774047136307,0.11200336366891861,0.6057919263839722,85,perturb,15,gaussian,0.5,124,139
0.07548024505376816,0.06606703996658325,0.09493057429790497,0.08306969702243805,0.5127572417259216,0.5429973602294922,0.05055026710033417,0.10674115270376205,0.1188339963555336,0.6115646958351135,85,perturb,20,gaussian,0.5,124,144
0.12206030637025833,0.10669605433940887,0.12485942244529724,0.10925179719924927,0.5945071578025818,0.7381841540336609,0.07084574550390244,0.12796778976917267,0.1187138557434082,0.6464310884475708,85,perturb,30,gaussian,0.5,124,154
0.01521641481667757,0.0132391806691885,0.009170311503112316,0.008035622537136078,0.05478324741125107,0.016990065574645996,0.0020765112712979317,0.059387825429439545,0.05316416174173355,0.2993139326572418,85,perturb,1,gaussian,0.7,75,76
0.02147413045167923,0.01875356212258339,0.015040256083011627,0.013168435543775558,0.09168227016925812,0.03225339576601982,0.00347173772752285,0.05781000852584839,0.05281306058168411,0.2989344000816345,85,perturb,2,gaussian,0.7,75,77
0.03431259095668793,0.030098071321845055,0.02123197540640831,0.018576163798570633,0.13118474185466766,0.050027526915073395,0.004780435469001532,0.061685800552368164,0.05601530522108078,0.30437690019607544,85,perturb,3,gaussian,0.7,75,78
0.040544815361499786,0.035472553223371506,0.028579019010066986,0.0249974112957716,0.16248732805252075,0.06624745577573776,0.006004331633448601,0.06514260917901993,0.05426254868507385,0.30693620443344116,85,perturb,4,gaussian,0.7,75,79
0.04515484347939491,0.03952648118138313,0.03322626277804375,0.02907596156001091,0.18159934878349304,0.07895322144031525,0.007080100942403078,0.06479524075984955,0.05334581434726715,0.3080971837043762,85,perturb,5,gaussian,0.7,75,80
0.050401393324136734,0.04404216632246971,0.03798894211649895,0.03325561434030533,0.21136243641376495,0.10424582660198212,0.009342956356704235,0.0707482323050499,0.051923029124736786,0.3131817877292633,85,perturb,7,gaussian,0.7,75,82
0.07419166713953018,0.06488962471485138,0.04198994114995003,0.03672843053936958,0.2562546730041504,0.14688770473003387,0.012716857716441154,0.08345070481300354,0.051113322377204895,0.3274914026260376,85,perturb,10,gaussian,0.7,75,85
0.08309391885995865,0.07272758334875107,0.052537038922309875,0.04595262184739113,0.3101595938205719,0.20888680219650269,0.018619602546095848,0.07902184128761292,0.05377236008644104,0.3506466746330261,85,perturb,15,gaussian,0.7,75,90
0.07810480892658234,0.06840649247169495,0.0661005899310112,0.05784069374203682,0.3577204942703247,0.26833608746528625,0.02347913198173046,0.080397829413414,0.062188662588596344,0.3766351342201233,85,perturb,20,gaussian,0.7,75,95
0.11190882325172424,0.09787358343601227,0.0785352885723114,0.06871301680803299,0.3930457830429077,0.34526297450065613,0.03108985722064972,0.104731984436512,0.07228085398674011,0.4104641079902649,85,perturb,30,gaussian,0.7,75,105
0.0647922158241272,0.056705210357904434,0.15541046857833862,0.13599440455436707,0.35726016759872437,0.425711452960968,0.037951212376356125,0.08041748404502869,0.2872089743614197,0.5991869568824768,95,perturb,1,gaussian,0.3,174,175
0.0745624303817749,0.06524497270584106,0.1688353717327118,0.1477176398038864,0.3702165186405182,0.45662441849708557,0.041009094566106796,0.08251070976257324,0.2694453001022339,0.5968070030212402,95,perturb,2,gaussian,0.3,174,176
0.07881283015012741,0.06897412240505219,0.18730391561985016,0.1638897955417633,0.41353705525398254,0.510120153427124,0.047575898468494415,0.08064736425876617,0.2689233422279358,0.6066485643386841,95,perturb,3,gaussian,0.3,174,177
0.08500475436449051,0.07431428134441376,0.17992664873600006,0.15745002031326294,0.42525795102119446,0.5349028706550598,0.05000138655304909,0.07975144684314728,0.24764642119407654,0.6073083877563477,95,perturb,4,gaussian,0.3,174,178
0.07735518366098404,0.06771499663591385,0.19002704322338104,0.16628479957580566,0.4345102608203888,0.5402324795722961,0.0509573258459568,0.07410404086112976,0.24655093252658844,0.6064114570617676,95,perturb,5,gaussian,0.3,174,179
0.07084060460329056,0.06193035840988159,0.18507054448127747,0.161931112408638,0.48109889030456543,0.6403749585151672,0.06133289262652397,0.07102395594120026,0.25850701332092285,0.6201746463775635,95,perturb,7,gaussian,0.3,174,181
0.06537234038114548,0.057072319090366364,0.17118646204471588,0.14978709816932678,0.477405846118927,0.6274319887161255,0.06035067141056061,0.06528273224830627,0.24722760915756226,0.6213581562042236,95,perturb,10,gaussian,0.3,174,184
0.05813467875123024,0.05086483806371689,0.12399154901504517,0.10848051309585571,0.4196399450302124,0.5274071097373962,0.0523853562772274,0.06424358487129211,0.2339833676815033,0.6425316333770752,95,perturb,15,gaussian,0.3,174,189
0.042009975761175156,0.03673630952835083,0.12908600270748138,0.11295132339000702,0.39943525195121765,0.5010628700256348,0.050614189356565475,0.05756119638681412,0.23293504118919373,0.6445894241333008,95,perturb,20,gaussian,0.3,174,194
0.031075218692421913,0.027092158794403076,0.09647329151630402,0.08442170917987823,0.3095797598361969,0.36961042881011963,0.03784032166004181,0.05817904323339462,0.22824910283088684,0.680544376373291,95,perturb,30,gaussian,0.3,174,204
0.0463172122836113,0.04048407822847366,0.1658673733472824,0.14513009786605835,0.16787178814411163,0.17032192647457123,0.009736736305058002,0.05806288868188858,0.20068949460983276,0.40991073846817017,95,perturb,1,gaussian,0.5,124,125
0.04666205868124962,0.040793828666210175,0.17571014165878296,0.15374399721622467,0.2120114266872406,0.22308972477912903,0.012362303212285042,0.05545081943273544,0.19081823527812958,0.3997354209423065,95,perturb,2,gaussian,0.5,124,126
0.050317179411649704,0.04399926960468292,0.18985946476459503,0.16612979769706726,0.2502750754356384,0.26982998847961426,0.015360267832875252,0.057059891521930695,0.19662031531333923,0.4031063914299011,95,perturb,3,gaussian,0.5,124,127
0.04886239022016525,0.04276344180107117,0.18062399327754974,0.15805844962596893,0.26628798246383667,0.28947585821151733,0.01658017933368683,0.05398234724998474,0.18853844702243805,0.40139031410217285,95,perturb,4,gaussian,0.5,124,128
0.05693204328417778,0.04987787455320358,0.18304897844791412,0.16016411781311035,0.27505892515182495,0.30413657426834106,0.01775168627500534,0.05776742845773697,0.19550994038581848,0.40582990646362305,95,perturb,5,gaussian,0.5,124,129
0.052155718207359314,0.0456986203789711,0.14204713702201843,0.12428868561983109,0.27703988552093506,0.3278282880783081,0.019414586946368217,0.056919388473033905,0.17749840021133423,0.41089731454849243,95,perturb,7,gaussian,0.5,124,131
0.05391312763094902,0.04718576371669769,0.14512929320335388,0.12698638439178467,0.27865609526634216,0.34255629777908325,0.021136140450835228,0.06085553020238876,0.17605125904083252,0.4207860827445984,95,perturb,10,gaussian,0.5,124,134
0.05462987348437309,0.04784911125898361,0.16138634085655212,0.1412200629711151,0.32358789443969727,0.3966469466686249,0.02548767440021038,0.0623331144452095,0.18762312829494476,0.4393555521965027,95,perturb,15,gaussian,0.5,124,139
0.048456501215696335,0.042406097054481506,0.1745704561471939,0.1527460366487503,0.3532060980796814,0.44540348649024963,0.03039208985865116,0.057067543268203735,0.1949353814125061,0.4607182741165161,95,perturb,20,gaussian,0.5,124,144
0.05834013968706131,0.051016706973314285,0.15041273832321167,0.13160300254821777,0.4051970839500427,0.5389456152915955,0.04419071972370148,0.06258288025856018,0.19675800204277039,0.4955279529094696,95,perturb,30,gaussian,0.5,124,154
0.004770449362695217,0.004206996411085129,0.014022608287632465,0.012251297943294048,0.025223692879080772,0.01266463939100504,0.0008946196176111698,0.02684338390827179,0.09051844477653503,0.18390505015850067,95,perturb,1,gaussian,0.7,75,76
0.006894799415022135,0.006022425834089518,0.018604537472128868,0.01628556288778782,0.038725852966308594,0.021779436618089676,0.0015182943316176534,0.026305846869945526,0.09069324284791946,0.18816342949867249,95,perturb,2,gaussian,0.7,75,77
0.008646286092698574,0.007547302637249231,0.02301616780459881,0.020128482952713966,0.0502791590988636,0.031426429748535156,0.002123401965945959,0.026532530784606934,0.09268689155578613,0.19038444757461548,95,perturb,3,gaussian,0.7,75,78
0.010092186741530895,0.008939709514379501,0.025354919955134392,0.022180646657943726,0.060652170330286026,0.04007324203848839,0.0026927953585982323,0.02821490913629532,0.09301667660474777,0.1924193650484085,95,perturb,4,gaussian,0.7,75,79
0.011439249850809574,0.010007829405367374,0.027850031852722168,0.02436056174337864,0.06996738165616989,0.04757620766758919,0.003213307121768594,0.028102144598960876,0.09194887429475784,0.19475364685058594,95,perturb,5,gaussian,0.7,75,80
0.012549098581075668,0.011030288413167,0.03625354915857315,0.03171167150139809,0.08347150683403015,0.06299445033073425,0.00417056679725647,0.030377596616744995,0.09615742415189743,0.20041018724441528,95,perturb,7,gaussian,0.7,75,82
0.01933269575238228,0.016934726387262344,0.04447079822421074,0.03891493380069733,0.10024319589138031,0.08366213738918304,0.0055433097295463085,0.03578690439462662,0.09683588147163391,0.20622116327285767,95,perturb,10,gaussian,0.7,75,85
0.021630214527249336,0.018902571871876717,0.04987392574548721,0.04363586753606796,0.13009659945964813,0.11819513142108917,0.008222466334700584,0.03466761112213135,0.10136913508176804,0.21640697121620178,95,perturb,15,gaussian,0.7,75,90
0.03274180740118027,0.02856028452515602,0.11675311625003815,0.10216692090034485,0.1871417909860611,0.17506569623947144,0.012929577380418777,0.039206087589263916,0.1279684156179428,0.24700306355953217,95,perturb,20,gaussian,0.7,75,95
0.04109179973602295,0.03604864329099655,0.14059673249721527,0.12303181737661362,0.2347283810377121,0.2491348385810852,0.018059369176626205,0.048952147364616394,0.15696501731872559,0.29171520471572876,95,perturb,30,gaussian,0.7,75,105
